scheme,direction,layer,head,mean_absolute_motif_minus_sham,median,loo_low,loo_high,sequence_ci_low,sequence_ci_high,sequence_p,block_ci_low,block_ci_high,block_p,clusters,sequences,analysis_scope,secondary_holm_p
all,denoise,5,8,0.025742582062696293,0.017984382009716967,0.023351824018770825,0.029258708898770427,0.010424133986326046,0.041173675686167935,0.0018,0.011450891521864617,0.04021759609113284,0.0022,45,64,secondary exploratory,0.018
all,reverse,5,8,-0.023342354518834065,-0.025115144612817532,-0.026682900607553735,-0.01982958322033735,-0.04291099538834698,-0.004487304697913384,0.0231,-0.04088129359526318,-0.004920090276425481,0.0191,45,64,secondary exploratory,0.1848
all_with_special,denoise,5,8,0.03463565718718674,0.01721487160567952,0.026486509520065135,0.038072898670888165,0.013520724012654022,0.0591744480846478,0.0013,0.013278749812067678,0.058029613383654394,0.0018,45,64,secondary exploratory,0.0143
all_with_special,reverse,5,8,-0.01252583822794254,-0.012927081972648236,-0.024405645850524963,-0.008792941098807487,-0.04074257225304391,0.01942247859725579,0.4804,-0.03829148676149234,0.01900198812058322,0.4657,45,64,secondary exploratory,1.0
edit,denoise,5,8,0.01573455730758444,0.017474637703535155,0.013829965629027425,0.018285561951291815,0.006021307496721576,0.024755299827815033,0.0022,0.006626118052750077,0.025103888060227682,0.0028,45,64,primary,
edit,reverse,5,8,-0.014344382479909911,-0.007588279199140671,-0.016328106146650645,-0.010889331011716739,-0.02691854379595834,-0.0025249648587507985,0.0232,-0.027342800029241984,-0.003263791177581348,0.0239,45,64,secondary exploratory,0.1848
flank,denoise,5,8,0.0013840586937666829,0.005633762080664314,-4.2524592440607065e-05,0.0051125349303461085,-0.00943747166202634,0.01105548295577804,0.8147,-0.009397041686222437,0.010417271650566155,0.8108,45,64,secondary exploratory,1.0
flank,reverse,5,8,-0.004897800000950574,0.00015168640913421072,-0.006765412786905179,-0.002547346427263752,-0.014462255033391075,0.00459947582015812,0.3373,-0.014004455677480588,0.004079017943804217,0.3225,45,64,secondary exploratory,1.0
random,denoise,5,8,0.0010332427202189049,0.00036730095174501243,0.000575190800893355,0.0018369519560845005,-0.002111664489908775,0.00430874017404274,0.5449,-0.0020487912526863804,0.003987799281026647,0.5058,45,64,secondary exploratory,1.0
random,reverse,5,8,0.00028676372323442113,-0.0009254719288384616,-0.00046305550371648685,0.0006644924437312669,-0.0028208110202444228,0.0034585729237442326,0.8511,-0.0024878468597468307,0.00308098299940766,0.8424,45,64,secondary exploratory,1.0
sparse,denoise,5,8,0.018960948227399858,0.01773943062229897,0.015475469695656583,0.021236984495456794,0.006786383898146639,0.031530361685501176,0.0033,0.007135928532224168,0.03009418940499376,0.004,45,64,secondary exploratory,0.0297
sparse,reverse,5,8,-0.01800350284893905,-0.00782153595011803,-0.01996182339935958,-0.013250175419810073,-0.0343891296058215,-0.003410084164987843,0.0256,-0.0320464652244859,-0.004991230029975747,0.0157,45,64,secondary exploratory,0.1848
