layer,head,mean,ci_low,ci_high,p,holm_p,max_stat_p,simultaneous_low,simultaneous_high
0,0,0.003261962603834203,-0.007964855663798705,0.0158195075618587,0.6257,1.0,1.0,-0.01771836679273679,0.024242292000405192
0,1,-0.003012106603686391,-0.02250930845077969,0.013562349179625316,0.7615,1.0,1.0,-0.033216688301734874,0.027192475094362095
0,2,-0.0030967966596773485,-0.016285114619585015,0.00734970480871602,0.6326,1.0,1.0,-0.023656213036347275,0.017462619716992575
0,3,-0.0017979603308215426,-0.004046766982302274,0.00026163280307919676,0.1634,1.0,1.0,-0.005537096709758816,0.0019411760481157306
0,4,-0.0017433098586191742,-0.0028074554977601178,-0.0007759826992324544,0.0054,0.7722,0.4827,-0.0035586920521930893,7.207233495474087e-05
0,5,-0.0006681247442619961,-0.0051575788243768345,0.002437273032526793,0.8878,1.0,1.0,-0.007843414255372421,0.0065071647668484296
0,6,-0.004139878304594623,-0.015179540972018353,0.0055770505900339115,0.5108,1.0,1.0,-0.023124559765095528,0.014844803155906281
0,7,-0.002311876719383025,-0.011765663565896185,0.006119902476901574,0.6593,1.0,1.0,-0.01850183749409089,0.013878084055324839
0,8,-0.04778050273254827,-0.14585093907153818,0.044716301737585853,0.3938,1.0,1.0,-0.21626899198837446,0.12070798652327791
0,9,-0.008323897308480384,-0.020259620209180373,0.001611578918665358,0.2345,1.0,1.0,-0.028333153076722347,0.01168535845976158
0,10,-0.004349303050493807,-0.01090957928020023,-0.0003286961187891232,0.0489,1.0,1.0,-0.014823751591220666,0.006125145490233053
0,11,-0.00635035532056815,-0.02179955763434793,0.004313202128125757,0.5649,1.0,1.0,-0.029819213852528698,0.017118503211392397
1,0,-0.017336003234840632,-0.061822579484984104,0.025943890174599974,0.5049,1.0,1.0,-0.09485288060707392,0.06018087413739265
1,1,-0.0023178221077488855,-0.004689706341362548,-0.00018382036598659196,0.0865,1.0,1.0,-0.006331209361577533,0.001695565146079762
1,2,-0.0005206522292603086,-0.002007110379452864,0.0012488201037000781,0.5632,1.0,1.0,-0.003400791431398548,0.002359486972877931
1,3,-0.007857266343513816,-0.018682485592678797,-0.0003083229477975583,0.096,1.0,1.0,-0.024108362185592664,0.008393829498565031
1,4,-0.0010902970204828624,-0.002764387868151572,0.00026571447675140654,0.2413,1.0,1.0,-0.0038032852963014413,0.0016226912553357164
1,5,-0.001843339535289738,-0.00706844687727872,0.003602789131217451,0.5247,1.0,1.0,-0.011242401297784872,0.007555722227205397
1,6,-0.0006845546794675325,-0.003304525881604441,0.002234073361059135,0.6688,1.0,1.0,-0.005922124816731103,0.004553015457796039
1,7,-0.006014188010653229,-0.027961369361787235,0.012821595657180478,0.622,1.0,1.0,-0.041754562869545174,0.029726186848238714
1,8,-0.0109331895499504,-0.08621613350880136,0.05569365501374473,0.8288,1.0,1.0,-0.14035906732296535,0.11849268822306455
1,9,-0.005776260143842439,-0.012091923275721488,-0.0006589303190379248,0.0631,1.0,1.0,-0.015543195551059489,0.00399067526337461
1,10,-0.001973679411684843,-0.007229429525540407,0.0037671274235030923,0.4998,1.0,1.0,-0.011420041616445319,0.0074726827930756325
1,11,-9.815516771296644e-05,-0.002433716652433964,0.002639075745115506,0.9375,1.0,1.0,-0.0045710490468096705,0.004374738711383737
2,0,-0.002170110356609222,-0.028570666619982144,0.02388587416007194,0.8999,1.0,1.0,-0.05316818895073421,0.04882796823751576
2,1,-0.009095070988139267,-0.02034556285899993,-0.0001256253133953152,0.1001,1.0,1.0,-0.02703176700450114,0.008841625028222609
2,2,-0.009518107806459874,-0.0275924264107763,0.005185512012255429,0.3401,1.0,1.0,-0.03877787374219739,0.019741658129277646
2,3,-0.0023651880956454866,-0.012848216266919935,0.0070705214038429744,0.6801,1.0,1.0,-0.02033273108046971,0.015602354889178738
2,4,-0.0012008369678319225,-0.01638407576386385,0.012793129109182354,0.8756,1.0,1.0,-0.026195464411854157,0.02379379047619031
2,5,0.003279514509917411,-0.0006653446916196632,0.007986335862932577,0.1635,1.0,1.0,-0.0039941840590003675,0.01055321307883519
2,6,0.0007076832551333734,-0.01773211847499152,0.015361837148071723,0.9499,1.0,1.0,-0.028259068064316578,0.029674434574583325
2,7,-0.025139460305586666,-0.05773900525166973,0.006288475317576935,0.1537,1.0,1.0,-0.07912542727687065,0.028846506665697314
2,8,0.015563369564892354,-0.004731984096190819,0.04579931094360638,0.3244,1.0,1.0,-0.030327246949110924,0.061453986078895635
2,9,0.0021193270449463377,-0.00902988877920695,0.01319168323737655,0.7336,1.0,1.0,-0.017144297970779286,0.021382952060671964
2,10,-0.005028856120305766,-0.010370882020482596,-0.00011932005615479215,0.078,1.0,1.0,-0.013940620049427453,0.003882907808815921
2,11,-0.00020099741392482864,-0.002804155624063731,0.0022951180576558385,0.8838,1.0,1.0,-0.004612771340982258,0.0042107765131326
3,0,0.012809644544736732,0.003031775978340458,0.022969886018069537,0.0345,1.0,0.9676,-0.004962530926255799,0.03058182001572926
3,1,-0.017302351051616035,-0.030768532272282108,-0.00509754544396636,0.0162,1.0,0.8734,-0.039225915795852544,0.004621213692620474
3,2,0.0016757899775013893,-0.0031157389615136862,0.006379205129209079,0.5136,1.0,1.0,-0.00658304183559125,0.009934621790594029
3,3,-0.004721829039819217,-0.013351814404194471,0.001422172894175254,0.2907,1.0,1.0,-0.01798049800140088,0.008536839921762449
3,4,-0.014775622675234098,-0.04520601924758734,0.010004191868515014,0.4346,1.0,1.0,-0.06499279435966025,0.03544154900919206
3,5,-0.004801407030672511,-0.012467179184819337,0.003147177300073801,0.278,1.0,1.0,-0.018815426104022554,0.00921261204267753
3,6,-0.021318554138784893,-0.06605094831611166,0.011890173677966673,0.3709,1.0,1.0,-0.0887372705339882,0.046100162256418414
3,7,0.00028438827969639685,-0.01060708479136907,0.009510156345445558,0.9528,1.0,1.0,-0.017499454047432205,0.018068230606825
3,8,0.010855611076459751,-0.029430183704372143,0.05897821268610721,0.7513,1.0,1.0,-0.06861500610796634,0.09032622826088585
3,9,0.007126985185121971,-0.005267423777777393,0.01721569000843531,0.2404,1.0,1.0,-0.01189476847200321,0.026148738842247155
3,10,0.004826539048995812,-0.002878534949615247,0.012637481408978737,0.2572,1.0,1.0,-0.008590569196005943,0.018243647293997568
3,11,-0.005496607958660765,-0.011149204870301153,-0.00013023477434775122,0.0954,1.0,1.0,-0.015280729263065049,0.004287513345743518
4,0,-6.583717104246868e-05,-0.012374925462289648,0.00974767332345478,0.9904,1.0,1.0,-0.019417612697371738,0.019285938355286802
4,1,-0.001800533317959219,-0.005149876060006178,0.0016271467078530246,0.3198,1.0,1.0,-0.007947005363819641,0.0043459387279012026
4,2,-0.00018112565556372787,-0.0008367515856976773,0.0004856605435038355,0.6118,1.0,1.0,-0.0012994694127948618,0.000937218101667406
4,3,-0.002050268275326036,-0.005821495148941681,0.00017806443590468292,0.2904,1.0,1.0,-0.007910180883913853,0.0038096443332617806
4,4,-0.010702197157507386,-0.03193366348686778,0.006987567790736577,0.3679,1.0,1.0,-0.04487157204674589,0.02346717773173112
4,5,-0.0006984045332739016,-0.005850785429139435,0.0038506871173246793,0.8047,1.0,1.0,-0.009413921723678456,0.008017112657130652
4,6,-0.03113780857172989,-0.11928249615416321,0.03443394068786478,0.5681,1.0,1.0,-0.16894194898381437,0.10666633184035458
4,7,-0.001861325936354336,-0.00915729735139814,0.005983628450480731,0.6716,1.0,1.0,-0.015517933557364165,0.011795281684655491
4,8,0.00720820285504727,-0.0006507576124512364,0.017491293948265377,0.1856,1.0,1.0,-0.009659254159815677,0.024075659869910216
4,9,0.008495856043009843,-0.007781135267739838,0.03396763578140247,0.8099,1.0,1.0,-0.03027302962250296,0.04726474170852264
4,10,-0.012321546424017378,-0.02227406143044116,-0.0034885619598832114,0.0313,1.0,0.9495,-0.029026611936183083,0.0043835190881483296
4,11,-0.0023647444491183118,-0.006366971147284406,0.0006726229457243088,0.2527,1.0,1.0,-0.008596035712581393,0.0038665468143447694
5,0,0.0024942504080766037,-0.00725288414120319,0.0149195083793821,0.7845,1.0,1.0,-0.01761565344611184,0.022604154262265048
5,1,-0.05464828254695731,-0.0879663819057203,-0.01986806233613594,0.0155,1.0,0.5914,-0.11443513338341062,0.005138568289495993
5,2,-0.00013552506666804123,-0.0034173348761756548,0.003014330804979255,0.9441,1.0,1.0,-0.005958878746611374,0.005687828613275292
5,3,0.00857365089304215,-0.0055591076925442596,0.02829329971294618,0.474,1.0,1.0,-0.021820145501470562,0.03896744728755486
5,4,0.006456473946848315,-0.0019445420751536683,0.013958033371994657,0.1605,1.0,1.0,-0.007644774436807123,0.020557722330503753
5,5,-0.020821603376714837,-0.05401153102020128,0.006047060732949797,0.2904,1.0,1.0,-0.07648467004240297,0.03484146328897331
5,6,-0.0011248079851081904,-0.011273040302180504,0.0074915018343709935,0.8368,1.0,1.0,-0.017487920264174263,0.015238304293957882
5,7,-0.005990741530849215,-0.009669882372355611,-0.002429552327024952,0.0126,1.0,0.4669,-0.01220101109964222,0.00021952803794378795
5,8,0.028438919592463103,0.0011368063754702662,0.057561433592565256,0.0933,1.0,1.0,-0.021688385117708053,0.07856622430263425
5,9,-0.0011298947730965468,-0.005619542693450804,0.0031798602123912618,0.6553,1.0,1.0,-0.009202258219732836,0.0069424686735397425
5,10,0.0009536019593937572,-0.0070212185219315085,0.010914416324369753,0.8582,1.0,1.0,-0.0144070312875955,0.016314235206383015
5,11,0.00627228481400077,-0.0014447348629654131,0.014495853245359595,0.1666,1.0,1.0,-0.007644961224676081,0.02018953085267762
6,0,0.0007197950377473769,-0.004526195270572811,0.00696729893179206,0.8287,1.0,1.0,-0.00912115229816615,0.010560742373660904
6,1,8.614396064406116e-05,-0.004247674413286648,0.0037567709773204806,0.9748,1.0,1.0,-0.006864078968802606,0.007036366890090728
6,2,-0.016420119515896663,-0.0331653576977765,-0.00011393508686855307,0.0983,1.0,1.0,-0.04587520907447444,0.013034970042681112
6,3,8.538940266475855e-06,-0.002797354389005924,0.003534243385484687,0.9958,1.0,1.0,-0.005313392843161485,0.005330470723694436
6,4,0.026404652441119766,-0.06814428400772625,0.10381358132125873,0.6306,1.0,1.0,-0.13234773174037434,0.1851570366226139
6,5,0.00282543948643021,-0.004375002200302519,0.009400986936030389,0.451,1.0,1.0,-0.00953150189377226,0.01518238086663268
6,6,-0.003893612839172158,-0.006576680287681921,-0.0014837153804284978,0.0207,1.0,0.7993,-0.008608825723798967,0.0008216000454546522
6,7,-0.04071226648850951,-0.1252375744689,0.015973641120120157,0.3958,1.0,1.0,-0.16719980941764107,0.08577527644062205
6,8,0.0009594388579689944,-0.020707941097568565,0.021651236904316213,0.9253,1.0,1.0,-0.03675720869783443,0.03867608641377242
6,9,-0.004274824078909313,-0.00978447580552717,0.0011386512145476688,0.1862,1.0,1.0,-0.014225604344705023,0.005675956186886396
6,10,0.00037423454046349447,-0.001398886567927438,0.0019769169734747305,0.6829,1.0,1.0,-0.0026552395654534746,0.0034037086463804636
6,11,0.0005569782700419121,-0.003910558278253499,0.004778647129802885,0.8233,1.0,1.0,-0.0071927329927453255,0.00830668953282915
7,0,0.025060578601736435,-0.029545154975887163,0.10015964909989643,0.5648,1.0,1.0,-0.08533008412533453,0.1354512413288074
7,1,-0.002950785704309946,-0.005343525280621402,-0.0010069819459725862,0.0028,0.4032,0.9293,-0.006855650179582648,0.000954078770962756
7,2,0.02177750627453091,-0.002863385114512754,0.050967780372685886,0.1675,1.0,1.0,-0.02745113911018206,0.07100615165924389
7,3,0.00107147180626545,-0.002974443067426397,0.0057329619897162985,0.7006,1.0,1.0,-0.00678874950435156,0.00893169311688246
7,4,0.0001640619936199364,-0.0007378783065023969,0.0009847359744355553,0.7165,1.0,1.0,-0.0013915613987890917,0.0017196853860289645
7,5,-0.0013346387080770568,-0.008488622656413852,0.004307498895307769,0.7851,1.0,1.0,-0.012770773720749983,0.01010149630459587
7,6,6.510924081572685e-05,-0.002047064803148747,0.002323124228884363,0.9567,1.0,1.0,-0.003733446874306748,0.003863665355938202
7,7,0.001337363472199297,-4.8758996197433217e-05,0.0031002900166689057,0.1368,1.0,1.0,-0.0013924879677568198,0.004067214912155414
7,8,-0.001408117178530036,-0.03430845801403755,0.03298684620928321,0.9428,1.0,1.0,-0.06371772285635643,0.06090148849929636
7,9,0.006805071307292544,-0.0316589483043543,0.052992492194361585,0.7966,1.0,1.0,-0.06675969941825739,0.08036984203284249
7,10,0.00525071041639386,-0.002184378755762563,0.01599557243706343,0.4463,1.0,1.0,-0.010497976144673894,0.02099939697746161
7,11,0.005056102260842886,0.0003059096149227606,0.012334778207507646,0.0897,1.0,1.0,-0.006673571724920255,0.016785776246606026
8,0,-0.008124290497874694,-0.01927245976540832,0.0037507415190277315,0.2186,1.0,1.0,-0.02861899227737575,0.01237041128162636
8,1,-0.003472882364885433,-0.01182030455750321,0.003978687639736327,0.4421,1.0,1.0,-0.016997817838093697,0.010052053108322832
8,2,-0.005165684101825295,-0.011684223836764594,0.001268750864457695,0.1693,1.0,1.0,-0.016717761347919663,0.006386393144269073
8,3,-0.0002040615695857867,-0.0010990946145192225,0.0009326341083426706,0.7463,1.0,1.0,-0.0020485467707602066,0.0016404236315886334
8,4,0.00029816053897122513,-0.004895890858154639,0.0047424516961482,0.9114,1.0,1.0,-0.008326844225696049,0.0089231653036385
8,5,-0.0004934934591814983,-0.0015482026485334076,0.0006869051933468871,0.4231,1.0,1.0,-0.002449894783566284,0.0014629078652032878
8,6,0.0005981544242382361,-0.004081490658954298,0.0046272344296221755,0.7908,1.0,1.0,-0.0069965483498270215,0.008192857198303493
8,7,-0.0001962956041150372,-0.0005302249359915056,0.00015371943802520722,0.3224,1.0,1.0,-0.0008027899069011429,0.00041019869867106856
8,8,-0.00013796356492922166,-0.01673688242755739,0.015569022844489735,0.9884,1.0,1.0,-0.03019871575340184,0.029922788623543393
8,9,-0.033049319776336315,-0.08108977631710991,0.000339176142802342,0.1498,1.0,1.0,-0.10710103040263508,0.041002390849962454
8,10,-0.0023044234505340704,-0.009403093850464327,0.005401565495813485,0.5731,1.0,1.0,-0.015043465973168961,0.010434619072100821
8,11,1.151263508195749e-05,-0.00030013421621550944,0.00030787829826782643,0.9417,1.0,1.0,-0.0005124239181325603,0.0005354491882964753
9,0,0.007598498244536847,0.0031671342221975592,0.012417449655941772,0.013,1.0,0.5138,-0.00043202684892700103,0.015629023338000696
9,1,-0.001638715357899607,-0.009335593187905113,0.0061674965824842715,0.7162,1.0,1.0,-0.01560394390704697,0.012326513191247758
9,2,0.004098143173696635,-0.007143515675746588,0.017423012066280805,0.6415,1.0,1.0,-0.018203228752889964,0.026399515100283235
9,3,-0.0011785333171311547,-0.009017410699157435,0.006611827491143168,0.7912,1.0,1.0,-0.015465319912395031,0.01310825327813272
9,4,0.0003389986525197443,-0.0010278791836006891,0.001762945681407803,0.6714,1.0,1.0,-0.0022293261511280383,0.002907323456167527
9,5,-0.0008130256276770673,-0.0027324111120608638,0.0008409776123226748,0.3891,1.0,1.0,-0.003839813028444692,0.0022137617730905576
9,6,-0.0024768221483762454,-0.018734822150338167,0.013455701700922432,0.7884,1.0,1.0,-0.032316708247427495,0.027363063950675
9,7,-0.0019753737705095567,-0.007823838908258263,0.00206586519823377,0.6836,1.0,1.0,-0.011054011958583108,0.007103264417563995
9,8,-0.022644117642211716,-0.06990418671100672,0.018497287726443008,0.4009,1.0,1.0,-0.10426391538627931,0.058975680101855874
9,9,-0.011052924096876979,-0.06055845060819964,0.03806200620487229,0.6903,1.0,1.0,-0.098365989379098,0.07626014118534404
9,10,-0.0037393756541555384,-0.014373680890708698,0.005524147509462935,0.5062,1.0,1.0,-0.021387066360074466,0.01390831505176339
9,11,-0.0003940833992136609,-0.0021766929546283703,0.0015144021205573434,0.6837,1.0,1.0,-0.003536996431623969,0.0027488296331966474
10,0,0.011781882509231165,0.0002912275095478977,0.025533658119827878,0.1035,1.0,1.0,-0.010761701767625437,0.03432546678608776
10,1,-0.008766630533345934,-0.020035659840464043,0.0018831673496310264,0.1733,1.0,1.0,-0.028119004353367668,0.0105857432866758
10,2,-0.016392124386962952,-0.028984170519541344,-0.00431304314891437,0.024,1.0,0.8702,-0.03711408736156172,0.0043298385876358175
10,3,-0.0031350336686384616,-0.00789325738606376,0.0007710189957484761,0.2242,1.0,1.0,-0.010770349978689663,0.00450028264141274
10,4,0.008288993085371612,-0.0043368442232262884,0.02301938707804057,0.2934,1.0,1.0,-0.015035756870990758,0.031613743041733984
10,5,-0.002251852591758837,-0.006160304011855868,0.0013321390923336151,0.3064,1.0,1.0,-0.009073905648668482,0.004570200465150807
10,6,0.0028688013676524127,-0.021501958646240674,0.030487005405240696,0.8325,1.0,1.0,-0.04257530540726088,0.048312908142565704
10,7,0.02266939870866971,-0.05349887314977874,0.08718839488374694,0.619,1.0,1.0,-0.11094887902985962,0.15628767644719904
10,8,0.014143251554671082,-0.02557423102331005,0.05236478510764194,0.5007,1.0,1.0,-0.05454098801666475,0.08282749112600692
10,9,0.006453314153736162,-0.026896552833020282,0.03958355726218524,0.7129,1.0,1.0,-0.05125104230270159,0.06415767061017391
10,10,-0.011429060884359452,-0.02673024976139751,0.000796047862803418,0.1659,1.0,1.0,-0.03552216381282435,0.012664042044105449
10,11,0.0018858839201881805,-0.003773341802493971,0.007797008616491852,0.5225,1.0,1.0,-0.008209606192636047,0.011981374033012408
11,0,0.01082860513076001,-0.007009505978146554,0.02775063906699656,0.2801,1.0,1.0,-0.020514631935597098,0.04217184219711712
11,1,0.020438643845168664,0.002353375475998282,0.041328290173998646,0.0599,1.0,0.9994,-0.012668817164067085,0.05354610485440441
11,2,-0.010705047155131014,-0.023315687231584926,0.001306884366710861,0.1454,1.0,1.0,-0.033318318218243145,0.011908223907981113
11,3,-0.013013896365936582,-0.035236096166646566,0.009001277348021699,0.3076,1.0,1.0,-0.05203292045609862,0.026005127724225453
11,4,0.004106224096804734,-0.024120376420585534,0.03234898171949293,0.7907,1.0,1.0,-0.047151648591525645,0.05536409678513512
11,5,-0.004384025327954695,-0.02365165593681374,0.013759260461288086,0.6809,1.0,1.0,-0.0369713111621205,0.028203260506211105
11,6,-0.014166653644257106,-0.05194425591524182,0.021127799114467327,0.5087,1.0,1.0,-0.07838920479610322,0.050055897507589
11,7,0.006441378698861788,-0.03189058900406619,0.050452877709851685,0.7609,1.0,1.0,-0.06485359643612311,0.07773635383384668
11,8,0.009823581908640027,-0.011686698128268214,0.031649543695837855,0.4176,1.0,1.0,-0.028131038866448528,0.047778202683728586
11,9,0.006045130251329102,-0.019939911198226766,0.04053057493409495,0.8043,1.0,1.0,-0.04676143536790582,0.05885169587056402
11,10,-0.002027645632765536,-0.011214633623223927,0.007436864210271087,0.7061,1.0,1.0,-0.01902542374460229,0.014970132479071217
11,11,-0.0032323330792641525,-0.011842161693307712,0.006828532009971947,0.5408,1.0,1.0,-0.019614024569468886,0.013149358410940582
