chromosome,layer,head,pairs,mean
chr1,0,0,2,0.06323762894025686
chr1,0,1,2,0.06192378579295571
chr1,0,2,2,0.04153142010217531
chr1,0,3,2,0.00821025312270392
chr1,0,4,2,0.0004975564585017984
chr1,0,5,2,-0.012996718033837451
chr1,0,6,2,-0.05539572781052482
chr1,0,7,2,0.08758458941687347
chr1,0,8,2,0.06868136542179137
chr1,0,9,2,0.03963517027720165
chr1,0,10,2,0.01345471035673563
chr1,0,11,2,0.02425425702301276
chr1,1,0,2,0.07151569069961444
chr1,1,1,2,0.010508846231549351
chr1,1,2,2,0.14917436797696568
chr1,1,3,2,0.11166916785598202
chr1,1,4,2,0.1732237896761084
chr1,1,5,2,0.011965292970177538
chr1,1,6,2,-0.0021279916772833918
chr1,1,7,2,0.014238220896087783
chr1,1,8,2,0.24927551112030888
chr1,1,9,2,0.05405083298388008
chr1,1,10,2,0.06986078921083294
chr1,1,11,2,0.0233071017932428
chr1,2,0,2,0.008349550445965082
chr1,2,1,2,0.1448360515414643
chr1,2,2,2,0.18228850466579533
chr1,2,3,2,0.21633858471704948
chr1,2,4,2,0.01878874704118716
chr1,2,5,2,-0.22888986221499735
chr1,2,6,2,0.09422413521512796
chr1,2,7,2,0.10596323527113227
chr1,2,8,2,0.13980078384403832
chr1,2,9,2,0.09127627839485009
chr1,2,10,2,0.04627344083744053
chr1,2,11,2,-0.07707070017070633
chr1,3,0,2,0.022887759652708284
chr1,3,1,2,-0.017443725321254988
chr1,3,2,2,0.08391003217813653
chr1,3,3,2,0.0795785948965888
chr1,3,4,2,0.06933950233070832
chr1,3,5,2,0.22910249269556113
chr1,3,6,2,0.16516298558359366
chr1,3,7,2,0.15629360357862404
chr1,3,8,2,0.010810504575390623
chr1,3,9,2,0.23355852923059017
chr1,3,10,2,-0.0647946193625426
chr1,3,11,2,0.26700143593559444
chr1,4,0,2,0.17321681992849752
chr1,4,1,2,0.13861708283971547
chr1,4,2,2,0.14845120027912634
chr1,4,3,2,0.401964733508181
chr1,4,4,2,0.3444573662205209
chr1,4,5,2,0.10784424391254262
chr1,4,6,2,0.2918912535263085
chr1,4,7,2,0.047402907089990995
chr1,4,8,2,-0.07264763630659316
chr1,4,9,2,0.020975035347097493
chr1,4,10,2,-0.12130170807916418
chr1,4,11,2,0.04711531704122598
chr1,5,0,2,-0.06664496088401811
chr1,5,1,2,0.08724563039078576
chr1,5,2,2,-0.0074700182442815205
chr1,5,3,2,0.4468886439800057
chr1,5,4,2,0.2697741043003842
chr1,5,5,2,0.32319136233589113
chr1,5,6,2,0.10386342218402025
chr1,5,7,2,0.41417765603727447
chr1,5,8,2,0.127132532335254
chr1,5,9,2,-0.01964657159357025
chr1,5,10,2,0.059742127796963355
chr1,5,11,2,0.1337402821110684
chr1,6,0,2,-0.048760102992956744
chr1,6,1,2,-0.0003186250582231376
chr1,6,2,2,0.008668132854074806
chr1,6,3,2,-0.0009268802663980821
chr1,6,4,2,0.09318201430183422
chr1,6,5,2,0.24673025962676584
chr1,6,6,2,0.04824315833147749
chr1,6,7,2,-0.13369589725405914
chr1,6,8,2,0.05017196283928238
chr1,6,9,2,0.06138917961628049
chr1,6,10,2,0.001693903153613674
chr1,6,11,2,0.15075219377181379
chr1,7,0,2,0.036198355636145096
chr1,7,1,2,-0.18812280280369986
chr1,7,2,2,0.03872659599380207
chr1,7,3,2,0.11506009468058415
chr1,7,4,2,0.4916396468315419
chr1,7,5,2,0.31073123635026567
chr1,7,6,2,0.24909698578563755
chr1,7,7,2,0.1516800437414335
chr1,7,8,2,0.055995086770042724
chr1,7,9,2,0.15700362522197747
chr1,7,10,2,-0.2630376864535875
chr1,7,11,2,0.07817291074495378
chr1,8,0,2,-0.06974675289296967
chr1,8,1,2,0.10858386355552857
chr1,8,2,2,0.06074057183955417
chr1,8,3,2,0.4561213879049755
chr1,8,4,2,0.3145013312507628
chr1,8,5,2,0.48450926547979206
chr1,8,6,2,0.45507877035497746
chr1,8,7,2,0.5031019000396296
chr1,8,8,2,0.1374986072299258
chr1,8,9,2,0.05795684726891143
chr1,8,10,2,0.12357101315214003
chr1,8,11,2,0.47370990007397573
chr1,9,0,2,0.2576354381637171
chr1,9,1,2,-0.12159383092753867
chr1,9,2,2,0.01972199529781804
chr1,9,3,2,0.20044593665387334
chr1,9,4,2,0.45058884885843653
chr1,9,5,2,0.49582194839920607
chr1,9,6,2,0.38157198373157974
chr1,9,7,2,0.5459333781646634
chr1,9,8,2,0.22440116695442103
chr1,9,9,2,-0.06578523993198099
chr1,9,10,2,0.1601976329382898
chr1,9,11,2,0.3767468309715338
chr1,10,0,2,-0.07134918778476013
chr1,10,1,2,0.1073938442891943
chr1,10,2,2,0.028706793292704647
chr1,10,3,2,0.47211748061556513
chr1,10,4,2,0.3362839728446223
chr1,10,5,2,0.47352507072851663
chr1,10,6,2,0.4880359025135369
chr1,10,7,2,0.16290205678347527
chr1,10,8,2,-0.03974418909990335
chr1,10,9,2,0.21271321830248247
chr1,10,10,2,0.09893148887496772
chr1,10,11,2,0.4130151151295678
chr1,11,0,2,-0.02240079176487031
chr1,11,1,2,0.0857935541834643
chr1,11,2,2,0.001566225337969962
chr1,11,3,2,0.3281873006957423
chr1,11,4,2,0.11837127724271768
chr1,11,5,2,0.40726273702420157
chr1,11,6,2,0.26855019964151483
chr1,11,7,2,0.3832122312111298
chr1,11,8,2,-0.027415209706648236
chr1,11,9,2,0.2195200375785949
chr1,11,10,2,0.12237475304376094
chr1,11,11,2,-0.013235653362650868
chr10,0,0,1,0.02011472263784997
chr10,0,1,1,-0.03152275431894325
chr10,0,2,1,0.001016539151103557
chr10,0,3,1,0.0016258912576383039
chr10,0,4,1,0.0009636295352803172
chr10,0,5,1,0.11277326010167565
chr10,0,6,1,0.11719488868997863
chr10,0,7,1,0.015726350925185706
chr10,0,8,1,-0.016303669145069533
chr10,0,9,1,0.018563171770663467
chr10,0,10,1,-0.020729362350307784
chr10,0,11,1,-0.022090115584432413
chr10,1,0,1,-0.4240540044099861
chr10,1,1,1,0.16095198111269338
chr10,1,2,1,0.31701488383309473
chr10,1,3,1,0.08824234257653196
chr10,1,4,1,0.23407884049546793
chr10,1,5,1,-0.196284777193796
chr10,1,6,1,0.5172432428850946
chr10,1,7,1,-0.20516452327666845
chr10,1,8,1,0.06001952457532256
chr10,1,9,1,-0.012112147327730916
chr10,1,10,1,-0.027588528643470722
chr10,1,11,1,0.5098607439563652
chr10,2,0,1,-0.1969991611292069
chr10,2,1,1,0.47832571651969613
chr10,2,2,1,-0.13839424229279962
chr10,2,3,1,0.2084381701001392
chr10,2,4,1,-0.10010433382227701
chr10,2,5,1,0.7245254164921462
chr10,2,6,1,0.3979646988551726
chr10,2,7,1,-0.07510539222064183
chr10,2,8,1,-0.06441132274058448
chr10,2,9,1,-0.010226020608037234
chr10,2,10,1,0.6069120290568544
chr10,2,11,1,0.5930104415152028
chr10,3,0,1,0.057474382691623305
chr10,3,1,1,0.6729791380922011
chr10,3,2,1,0.15004133077309267
chr10,3,3,1,0.0013815651420213126
chr10,3,4,1,0.20550482847978507
chr10,3,5,1,0.3304918509635501
chr10,3,6,1,0.02266141003399902
chr10,3,7,1,0.6154275735342788
chr10,3,8,1,-0.055391259866833686
chr10,3,9,1,0.3296581821160165
chr10,3,10,1,0.495965762409345
chr10,3,11,1,0.3936317041542759
chr10,4,0,1,-0.05855965025907217
chr10,4,1,1,-0.20937970800457328
chr10,4,2,1,-0.018353442974232213
chr10,4,3,1,0.0027095080978059884
chr10,4,4,1,-0.014181734777097943
chr10,4,5,1,0.19851538746157016
chr10,4,6,1,0.06948049004136025
chr10,4,7,1,0.567932546810797
chr10,4,8,1,0.01247397180577614
chr10,4,9,1,-0.07002907134418701
chr10,4,10,1,0.04199180002284586
chr10,4,11,1,0.08325057976753669
chr10,5,0,1,-0.23229745778279443
chr10,5,1,1,-0.03533568478474258
chr10,5,2,1,0.003916145593031828
chr10,5,3,1,-0.0066102880828938625
chr10,5,4,1,0.08230960604098728
chr10,5,5,1,-0.23526200553566295
chr10,5,6,1,0.1044867134875279
chr10,5,7,1,0.032858179051386716
chr10,5,8,1,-0.02026942139540444
chr10,5,9,1,0.1373486578762877
chr10,5,10,1,-0.18654488252249443
chr10,5,11,1,0.07527535725702389
chr10,6,0,1,-0.10845727606246269
chr10,6,1,1,-0.16952211370299203
chr10,6,2,1,-0.09292647038686996
chr10,6,3,1,0.03725921459739412
chr10,6,4,1,0.0649074725859628
chr10,6,5,1,0.058759556861001594
chr10,6,6,1,0.005886314325669578
chr10,6,7,1,-0.06973525651847146
chr10,6,8,1,0.033524295196347254
chr10,6,9,1,-0.009481170822467577
chr10,6,10,1,0.09419787150021895
chr10,6,11,1,0.02455447775851516
chr10,7,0,1,-0.008248258359064287
chr10,7,1,1,0.025915839299700795
chr10,7,2,1,-0.04565475953330067
chr10,7,3,1,0.020961519638893325
chr10,7,4,1,-0.0032450757096905147
chr10,7,5,1,-0.06470493195493865
chr10,7,6,1,0.03990346303114416
chr10,7,7,1,0.023685424624338997
chr10,7,8,1,-0.046527680476351696
chr10,7,9,1,0.021322912362296775
chr10,7,10,1,0.12999059246695568
chr10,7,11,1,0.017128981152630098
chr10,8,0,1,-0.3124554873939186
chr10,8,1,1,0.13704749049796905
chr10,8,2,1,-5.834014153946465e-05
chr10,8,3,1,0.055761785134646594
chr10,8,4,1,0.025936275604180714
chr10,8,5,1,0.02215823494572587
chr10,8,6,1,0.18828990306197238
chr10,8,7,1,0.008402319516211388
chr10,8,8,1,0.039570896026254854
chr10,8,9,1,-0.14019659353075586
chr10,8,10,1,0.3073068420296205
chr10,8,11,1,0.005897990485622864
chr10,9,0,1,0.18351547967183435
chr10,9,1,1,-0.24948188998858123
chr10,9,2,1,-0.03425701633885059
chr10,9,3,1,0.05818005129747883
chr10,9,4,1,0.21276789114926928
chr10,9,5,1,0.059561557819093086
chr10,9,6,1,-0.05758665925912465
chr10,9,7,1,0.05515050857634793
chr10,9,8,1,0.040601827491997255
chr10,9,9,1,-0.36610334121657717
chr10,9,10,1,0.04803697518931571
chr10,9,11,1,-0.027084924982773484
chr10,10,0,1,-0.16375987766641398
chr10,10,1,1,0.03430647939976417
chr10,10,2,1,0.25310029739322126
chr10,10,3,1,-0.357142905249599
chr10,10,4,1,-0.13709853149744466
chr10,10,5,1,-0.004799551065926555
chr10,10,6,1,0.00647093774415991
chr10,10,7,1,0.057949234802028404
chr10,10,8,1,-0.24674580723768358
chr10,10,9,1,0.04129631321505123
chr10,10,10,1,0.0408876284372206
chr10,10,11,1,0.11672858993783397
chr10,11,0,1,-0.26528003770956543
chr10,11,1,1,0.007504158371267389
chr10,11,2,1,0.08326123483394421
chr10,11,3,1,0.2569230838866627
chr10,11,4,1,0.02797008144772284
chr10,11,5,1,0.15653077618150157
chr10,11,6,1,0.311247938284975
chr10,11,7,1,0.029331369616339975
chr10,11,8,1,-0.21201602680687326
chr10,11,9,1,0.03208792060957699
chr10,11,10,1,0.09408296312225939
chr10,11,11,1,0.13667959015583564
chr11,0,0,2,0.1058877075891283
chr11,0,1,2,0.048406368669327626
chr11,0,2,2,0.04765820973270385
chr11,0,3,2,0.00121571476290349
chr11,0,4,2,-0.0012663110132190977
chr11,0,5,2,0.03249830022547556
chr11,0,6,2,0.021161212611566838
chr11,0,7,2,0.03858304876952945
chr11,0,8,2,0.03499109234800968
chr11,0,9,2,0.05304508806758518
chr11,0,10,2,0.01769028656095982
chr11,0,11,2,0.04212402037722124
chr11,1,0,2,-0.03429069406451152
chr11,1,1,2,0.00027757810563588947
chr11,1,2,2,-0.0075146815131349465
chr11,1,3,2,0.03376516926162615
chr11,1,4,2,-0.16187135034730693
chr11,1,5,2,0.04512109315475216
chr11,1,6,2,0.02093421737978346
chr11,1,7,2,0.009216788476768989
chr11,1,8,2,-0.03166684991044444
chr11,1,9,2,0.01919811128656007
chr11,1,10,2,0.01274032005932002
chr11,1,11,2,-0.1336727150154995
chr11,2,0,2,0.10149432301809258
chr11,2,1,2,0.2165067405375985
chr11,2,2,2,-0.007724015118775018
chr11,2,3,2,0.04834884128624306
chr11,2,4,2,-0.006624887953886438
chr11,2,5,2,-0.18955824398762533
chr11,2,6,2,-0.012365287088969834
chr11,2,7,2,0.062498816102555865
chr11,2,8,2,-0.023285038700946392
chr11,2,9,2,0.03500058800230671
chr11,2,10,2,0.061964478110546006
chr11,2,11,2,0.07583308017059248
chr11,3,0,2,0.07767305955499543
chr11,3,1,2,0.19047550402319652
chr11,3,2,2,0.1620760164732512
chr11,3,3,2,0.021631311211108672
chr11,3,4,2,0.04105607434668619
chr11,3,5,2,0.23006706974368415
chr11,3,6,2,0.14924793348868803
chr11,3,7,2,0.0034671538291230763
chr11,3,8,2,0.03594725366239576
chr11,3,9,2,0.020380325534316568
chr11,3,10,2,0.19752362292631243
chr11,3,11,2,0.07154947543970447
chr11,4,0,2,0.10439347259759951
chr11,4,1,2,0.0727816163009466
chr11,4,2,2,-0.02020777131889446
chr11,4,3,2,-0.03672690376620315
chr11,4,4,2,-0.004088071543951188
chr11,4,5,2,0.2614420634298473
chr11,4,6,2,0.1174985151448501
chr11,4,7,2,-0.15613602619821
chr11,4,8,2,-0.06117630145342817
chr11,4,9,2,-0.0264870956366699
chr11,4,10,2,0.017606395743883896
chr11,4,11,2,0.08063105995889736
chr11,5,0,2,0.021819914089330206
chr11,5,1,2,-0.016612903703056514
chr11,5,2,2,0.042543716701147316
chr11,5,3,2,0.0031427707894065553
chr11,5,4,2,0.040821690704662184
chr11,5,5,2,-0.1510994502642191
chr11,5,6,2,0.09238896102231191
chr11,5,7,2,-0.04896949574796629
chr11,5,8,2,-0.01355987199244496
chr11,5,9,2,0.01948361221655992
chr11,5,10,2,0.05215003580833602
chr11,5,11,2,0.23709055846790617
chr11,6,0,2,0.09344934553844608
chr11,6,1,2,0.02403474153410331
chr11,6,2,2,0.05626657157982823
chr11,6,3,2,0.1335455469708775
chr11,6,4,2,-0.037909012431161945
chr11,6,5,2,0.011516744183481628
chr11,6,6,2,0.08197677155921049
chr11,6,7,2,0.13649807518769697
chr11,6,8,2,0.02202963725651197
chr11,6,9,2,0.041172055188165135
chr11,6,10,2,0.13545291500428225
chr11,6,11,2,0.08531830687631756
chr11,7,0,2,0.0007470211127426629
chr11,7,1,2,0.16598627302779895
chr11,7,2,2,-0.01199890346893473
chr11,7,3,2,0.16551969332995045
chr11,7,4,2,0.06476530999387076
chr11,7,5,2,0.051334535964869754
chr11,7,6,2,0.15298669679835297
chr11,7,7,2,0.10800728834176908
chr11,7,8,2,-0.02154260425779525
chr11,7,9,2,-0.043073374798946074
chr11,7,10,2,0.22319679638984466
chr11,7,11,2,0.12552142408154227
chr11,8,0,2,-0.05819224203971296
chr11,8,1,2,0.0170592290553106
chr11,8,2,2,0.12260327768101853
chr11,8,3,2,0.012763521311857684
chr11,8,4,2,-0.03164413756965928
chr11,8,5,2,0.016079599134039883
chr11,8,6,2,0.0856192850423804
chr11,8,7,2,0.008805322246513918
chr11,8,8,2,-0.009418181418745564
chr11,8,9,2,0.0624735061231847
chr11,8,10,2,-0.025225857696914544
chr11,8,11,2,0.017171420165912846
chr11,9,0,2,0.12940005802168997
chr11,9,1,2,-0.0628818312465747
chr11,9,2,2,-0.04293603432825166
chr11,9,3,2,-0.16112297671728554
chr11,9,4,2,0.029515566393281182
chr11,9,5,2,0.0012423097488426654
chr11,9,6,2,0.023751661643685293
chr11,9,7,2,-0.0017078514768278513
chr11,9,8,2,0.016127017865106397
chr11,9,9,2,0.015357853142606237
chr11,9,10,2,0.14269718552298594
chr11,9,11,2,0.010042406783300395
chr11,10,0,2,0.028278317466220004
chr11,10,1,2,0.10294658924566163
chr11,10,2,2,0.029385809356263393
chr11,10,3,2,0.05375775080350327
chr11,10,4,2,-0.10016493454922527
chr11,10,5,2,0.0240208489884356
chr11,10,6,2,0.040374713689589475
chr11,10,7,2,-0.05472486512938571
chr11,10,8,2,0.02228743127924837
chr11,10,9,2,0.023278477587603486
chr11,10,10,2,0.03591327934803329
chr11,10,11,2,0.03434563213349051
chr11,11,0,2,0.020606948802830594
chr11,11,1,2,0.2415637673139993
chr11,11,2,2,0.09489443089674005
chr11,11,3,2,0.1146230318880853
chr11,11,4,2,-0.1252242359631799
chr11,11,5,2,0.28269421399042405
chr11,11,6,2,0.12821354252870795
chr11,11,7,2,0.08446684232760585
chr11,11,8,2,0.016749653069572934
chr11,11,9,2,0.020672685868469043
chr11,11,10,2,0.05448059005208966
chr11,11,11,2,-0.04430993117008444
chr13,0,0,1,0.03475323635824079
chr13,0,1,1,0.035213664170484105
chr13,0,2,1,-0.004603798094863221
chr13,0,3,1,-0.0016241117621480783
chr13,0,4,1,-0.0006021290425510999
chr13,0,5,1,0.05059761842389088
chr13,0,6,1,0.008982383318849818
chr13,0,7,1,-0.040094431522068374
chr13,0,8,1,0.024388785811224944
chr13,0,9,1,0.019916967983253597
chr13,0,10,1,0.0002684331279693905
chr13,0,11,1,-0.010399435837411763
chr13,1,0,1,-0.02256825099864268
chr13,1,1,1,0.10664530412444978
chr13,1,2,1,0.15258371993597275
chr13,1,3,1,0.0020468048751351997
chr13,1,4,1,0.1945452690717827
chr13,1,5,1,-0.03202067722267987
chr13,1,6,1,0.1038056168701626
chr13,1,7,1,-0.053578357492720774
chr13,1,8,1,0.037127263860561754
chr13,1,9,1,0.09950503760510099
chr13,1,10,1,0.052655510226818136
chr13,1,11,1,0.019280158245799428
chr13,2,0,1,0.06217698879139033
chr13,2,1,1,-0.20315824324556386
chr13,2,2,1,0.07039096900064201
chr13,2,3,1,0.04384701811927816
chr13,2,4,1,-0.06459822484856648
chr13,2,5,1,-0.09798034202868389
chr13,2,6,1,0.11043339619515502
chr13,2,7,1,0.1604537890979515
chr13,2,8,1,0.008495970551536391
chr13,2,9,1,0.08816763430898544
chr13,2,10,1,0.07530719412757717
chr13,2,11,1,0.22242479828279801
chr13,3,0,1,-0.08154428913527745
chr13,3,1,1,0.0864564853263694
chr13,3,2,1,-0.09456866672154696
chr13,3,3,1,-0.14143703112011963
chr13,3,4,1,0.013528077690106985
chr13,3,5,1,0.07519442358901045
chr13,3,6,1,-0.10177220242335294
chr13,3,7,1,0.06315637872964298
chr13,3,8,1,0.02236877186041819
chr13,3,9,1,0.2665744650536794
chr13,3,10,1,-0.041384193417885795
chr13,3,11,1,0.11036328001048534
chr13,4,0,1,0.0349565016844704
chr13,4,1,1,0.002663183488980203
chr13,4,2,1,0.01693276682984117
chr13,4,3,1,0.009736922854487056
chr13,4,4,1,0.06459648797601394
chr13,4,5,1,0.2438282807876253
chr13,4,6,1,0.025805487116752734
chr13,4,7,1,0.06238350647449506
chr13,4,8,1,0.036375287376590126
chr13,4,9,1,0.14631053155852658
chr13,4,10,1,0.14948916646677113
chr13,4,11,1,0.02422964878760785
chr13,5,0,1,0.0496476205433527
chr13,5,1,1,0.038085836372392046
chr13,5,2,1,-0.024426930096777155
chr13,5,3,1,-3.954569330892176e-05
chr13,5,4,1,0.021818688207528015
chr13,5,5,1,-0.006118364628533934
chr13,5,6,1,-0.014920952042401136
chr13,5,7,1,-0.05060896769181276
chr13,5,8,1,-0.012185238387490971
chr13,5,9,1,0.10114012653202309
chr13,5,10,1,-0.1854917510083614
chr13,5,11,1,-0.024075962685796426
chr13,6,0,1,0.06198367009543504
chr13,6,1,1,-0.006577049872104626
chr13,6,2,1,0.014521740553145923
chr13,6,3,1,0.036345521659405106
chr13,6,4,1,0.030806559054396755
chr13,6,5,1,-0.02492881166855679
chr13,6,6,1,-0.010668211411388094
chr13,6,7,1,-0.01455981575182308
chr13,6,8,1,0.012667607789333957
chr13,6,9,1,-0.1518730118054481
chr13,6,10,1,-0.015870275921517536
chr13,6,11,1,-0.03499254656701194
chr13,7,0,1,-0.11799618964557468
chr13,7,1,1,0.00014665719159277438
chr13,7,2,1,0.0009604640409327514
chr13,7,3,1,0.0027192002351294478
chr13,7,4,1,0.0023998905857978616
chr13,7,5,1,-0.1603021861142101
chr13,7,6,1,-0.01443052759245047
chr13,7,7,1,-0.0024565872883690588
chr13,7,8,1,0.022354454449022287
chr13,7,9,1,-0.019603649685590918
chr13,7,10,1,0.0008474355955008482
chr13,7,11,1,0.0021298245720649603
chr13,8,0,1,0.14866143520946906
chr13,8,1,1,-0.16585990223870772
chr13,8,2,1,0.068562895258053
chr13,8,3,1,-0.0004841995207004769
chr13,8,4,1,0.0053656660578830645
chr13,8,5,1,0.0014741045900312187
chr13,8,6,1,0.009612729233774084
chr13,8,7,1,-0.0013867820954044912
chr13,8,8,1,0.02339518166204635
chr13,8,9,1,0.0426249943960878
chr13,8,10,1,-0.20050014429532448
chr13,8,11,1,0.0036263718322464816
chr13,9,0,1,0.0157319542466009
chr13,9,1,1,0.3019590344217522
chr13,9,2,1,0.41994636908475175
chr13,9,3,1,0.06377567328991576
chr13,9,4,1,0.013991995901588533
chr13,9,5,1,-0.009652236045489204
chr13,9,6,1,-0.0009985842963844693
chr13,9,7,1,-0.08811254195085075
chr13,9,8,1,-0.04815188471712606
chr13,9,9,1,0.09287433439980697
chr13,9,10,1,-0.060826481523956644
chr13,9,11,1,0.04877165525363566
chr13,10,0,1,0.14720362951742183
chr13,10,1,1,0.08576561568388474
chr13,10,2,1,0.003163538438661573
chr13,10,3,1,-0.03810730752857444
chr13,10,4,1,0.07745376462578948
chr13,10,5,1,-0.001995028289660611
chr13,10,6,1,-0.005041996533326237
chr13,10,7,1,0.4128361855606524
chr13,10,8,1,0.18761227049207407
chr13,10,9,1,-0.04824075403526762
chr13,10,10,1,0.0937593041210788
chr13,10,11,1,0.028591650708560873
chr13,11,0,1,0.15884797670274675
chr13,11,1,1,-0.19425785715977573
chr13,11,2,1,-0.12001674351170943
chr13,11,3,1,-0.21404764818703648
chr13,11,4,1,0.18929770011386887
chr13,11,5,1,-0.34384856814146414
chr13,11,6,1,0.06627613016356348
chr13,11,7,1,0.08750212088902859
chr13,11,8,1,0.1672108972361107
chr13,11,9,1,-0.04830449772092904
chr13,11,10,1,-0.18988803541827048
chr13,11,11,1,0.029666402862626673
chr2,0,0,2,0.015320973696521634
chr2,0,1,2,0.027993213189736688
chr2,0,2,2,0.04282058569307812
chr2,0,3,2,0.002626985010183167
chr2,0,4,2,0.0007888136173916959
chr2,0,5,2,-0.032796298631037835
chr2,0,6,2,0.04462319825335104
chr2,0,7,2,0.08309267154605726
chr2,0,8,2,0.004561566437293385
chr2,0,9,2,0.01578250904317574
chr2,0,10,2,0.0013755209978152834
chr2,0,11,2,0.0024169463522698553
chr2,1,0,2,-0.04304195964841101
chr2,1,1,2,0.15673430804159555
chr2,1,2,2,0.0757798045037203
chr2,1,3,2,0.1400186617944103
chr2,1,4,2,0.0808588124765666
chr2,1,5,2,0.04229395917827006
chr2,1,6,2,-0.0312891782806651
chr2,1,7,2,0.02563037472517249
chr2,1,8,2,-0.12150652115272675
chr2,1,9,2,0.08667435653800215
chr2,1,10,2,-0.036945892540503567
chr2,1,11,2,0.20263430546913694
chr2,2,0,2,-0.07050561906023989
chr2,2,1,2,0.15033100682153275
chr2,2,2,2,0.06407269569322582
chr2,2,3,2,-0.016927334303722508
chr2,2,4,2,0.1385231392744922
chr2,2,5,2,-0.13905642958844028
chr2,2,6,2,-0.16336217649482856
chr2,2,7,2,0.12462086498746122
chr2,2,8,2,-0.035790044772246565
chr2,2,9,2,0.008334235980855864
chr2,2,10,2,0.003279737785280068
chr2,2,11,2,-0.08159143865023835
chr2,3,0,2,0.10115017138869431
chr2,3,1,2,-0.10549042142159804
chr2,3,2,2,0.16337716429228638
chr2,3,3,2,0.042494891375612576
chr2,3,4,2,0.028895340408005087
chr2,3,5,2,0.08530888180612922
chr2,3,6,2,-0.08860287368857755
chr2,3,7,2,-0.0156754459364655
chr2,3,8,2,0.018339921276663618
chr2,3,9,2,-0.00372475985747725
chr2,3,10,2,0.05647435536911738
chr2,3,11,2,0.1230223506724106
chr2,4,0,2,-0.011052595279292032
chr2,4,1,2,-0.19459744088415956
chr2,4,2,2,-0.00873241997035173
chr2,4,3,2,0.013246589777015195
chr2,4,4,2,0.011114034945324813
chr2,4,5,2,-0.12093771594032052
chr2,4,6,2,-0.0791585019871325
chr2,4,7,2,-0.07562953338424232
chr2,4,8,2,-0.020820353774962275
chr2,4,9,2,-0.12755652712833215
chr2,4,10,2,-0.10297869278744237
chr2,4,11,2,-0.03909827869331745
chr2,5,0,2,0.1308414940527044
chr2,5,1,2,0.011224715196969881
chr2,5,2,2,-0.12808250434288668
chr2,5,3,2,-0.0006824866231224984
chr2,5,4,2,-0.02752111124801362
chr2,5,5,2,0.1627487356274179
chr2,5,6,2,-0.027207411640587563
chr2,5,7,2,0.03738560543583888
chr2,5,8,2,-0.007579879936809197
chr2,5,9,2,0.12329182091357344
chr2,5,10,2,-0.12911376180913706
chr2,5,11,2,-0.04160200504401451
chr2,6,0,2,0.03340966015967306
chr2,6,1,2,0.020800977433557376
chr2,6,2,2,-0.004997043137593388
chr2,6,3,2,0.00822229504032021
chr2,6,4,2,0.011267644476286337
chr2,6,5,2,0.032199942232416116
chr2,6,6,2,0.027804667146842783
chr2,6,7,2,0.1123267394975124
chr2,6,8,2,-0.03692001646979354
chr2,6,9,2,0.15016278012204626
chr2,6,10,2,0.04446802414005965
chr2,6,11,2,0.14263399092095225
chr2,7,0,2,0.19233220220621516
chr2,7,1,2,0.03628661647738792
chr2,7,2,2,0.02154478128524351
chr2,7,3,2,0.022377611473575386
chr2,7,4,2,0.0038913515161967593
chr2,7,5,2,0.07964625422438448
chr2,7,6,2,0.0110681728306803
chr2,7,7,2,0.0058645597282007455
chr2,7,8,2,0.0275035538844835
chr2,7,9,2,0.1824921710346606
chr2,7,10,2,0.04306700619133158
chr2,7,11,2,0.015162836025189032
chr2,8,0,2,-0.052555491495514195
chr2,8,1,2,0.06068588615357873
chr2,8,2,2,0.22364777683119036
chr2,8,3,2,0.03272765914204731
chr2,8,4,2,0.06633695259552613
chr2,8,5,2,0.00867152244215723
chr2,8,6,2,0.006538950833450054
chr2,8,7,2,0.0003086913229024195
chr2,8,8,2,0.020223612475937014
chr2,8,9,2,-0.1375928950406819
chr2,8,10,2,-0.041711228928832944
chr2,8,11,2,0.010842705484425686
chr2,9,0,2,0.12380103759637678
chr2,9,1,2,-0.09917972655732926
chr2,9,2,2,0.06453642915701396
chr2,9,3,2,0.2052490534995422
chr2,9,4,2,0.02530986955010757
chr2,9,5,2,-0.003193225824897457
chr2,9,6,2,-0.03259068220970314
chr2,9,7,2,0.0024214442268299836
chr2,9,8,2,0.025042442434333678
chr2,9,9,2,-0.11596705910751615
chr2,9,10,2,0.07502513573601899
chr2,9,11,2,0.08898382908855178
chr2,10,0,2,-0.01851133021189527
chr2,10,1,2,0.01761068458805587
chr2,10,2,2,-0.045016428281047904
chr2,10,3,2,0.03258750906693236
chr2,10,4,2,0.02284435833800831
chr2,10,5,2,0.011901671083758579
chr2,10,6,2,0.04000599351310366
chr2,10,7,2,0.22614619158010477
chr2,10,8,2,-0.1182395860245537
chr2,10,9,2,0.038557143776753455
chr2,10,10,2,0.030648176920517023
chr2,10,11,2,0.02481601876857457
chr2,11,0,2,-0.13490917089693077
chr2,11,1,2,-0.01253074730699566
chr2,11,2,2,0.03376327813376728
chr2,11,3,2,0.05568586569626133
chr2,11,4,2,0.0584287739170713
chr2,11,5,2,-0.21571168309360633
chr2,11,6,2,-0.06935669399985739
chr2,11,7,2,0.07694698119328297
chr2,11,8,2,-0.059526525521990725
chr2,11,9,2,0.01612272864025438
chr2,11,10,2,-0.011585568272921565
chr2,11,11,2,0.3348898412740051
chr4,0,0,3,0.046269946160175546
chr4,0,1,3,0.054254184799426675
chr4,0,2,3,0.05043335395901586
chr4,0,3,3,0.004415541947107863
chr4,0,4,3,0.0006756276442217209
chr4,0,5,3,0.02695015711578182
chr4,0,6,3,-0.023637872654474295
chr4,0,7,3,0.20981264062216423
chr4,0,8,3,0.03657604999565963
chr4,0,9,3,0.025087954910972893
chr4,0,10,3,0.020785125314555692
chr4,0,11,3,0.04998748709019688
chr4,1,0,3,0.12226877201079345
chr4,1,1,3,0.07260254087425903
chr4,1,2,3,-0.16657607555889883
chr4,1,3,3,0.0047907119461649455
chr4,1,4,3,0.07175212582609153
chr4,1,5,3,0.0012942521052077456
chr4,1,6,3,0.05378668537854956
chr4,1,7,3,0.16712477972761564
chr4,1,8,3,-0.03534692450758944
chr4,1,9,3,0.03376962143491672
chr4,1,10,3,0.03902545140849948
chr4,1,11,3,0.012653470562707325
chr4,2,0,3,0.168219060307324
chr4,2,1,3,0.2722633234775462
chr4,2,2,3,0.16404112837885276
chr4,2,3,3,0.09269397740623896
chr4,2,4,3,0.11007254771780091
chr4,2,5,3,-0.05951228183106257
chr4,2,6,3,0.159690347469807
chr4,2,7,3,0.05703206476096959
chr4,2,8,3,0.06246339649083125
chr4,2,9,3,0.023086179136665736
chr4,2,10,3,-0.16331294391373463
chr4,2,11,3,-0.04106426985197642
chr4,3,0,3,-0.08716134575982264
chr4,3,1,3,0.14787577892054024
chr4,3,2,3,-0.0428616075800037
chr4,3,3,3,-0.014681236028160885
chr4,3,4,3,0.02614182860310794
chr4,3,5,3,0.2740520814049611
chr4,3,6,3,0.22394487000513855
chr4,3,7,3,0.19399630868968512
chr4,3,8,3,-0.03692511124878358
chr4,3,9,3,0.1658503563782573
chr4,3,10,3,0.05864158402957866
chr4,3,11,3,0.20962067346466048
chr4,4,0,3,0.05446939592628384
chr4,4,1,3,-0.07978558425546035
chr4,4,2,3,-0.06141461310841693
chr4,4,3,3,-0.00845056876062544
chr4,4,4,3,0.1262545819096784
chr4,4,5,3,0.06407816103562657
chr4,4,6,3,0.031667010163828356
chr4,4,7,3,-0.07523723746538612
chr4,4,8,3,0.06446621574761217
chr4,4,9,3,-0.008008828982103089
chr4,4,10,3,-0.1920284478897386
chr4,4,11,3,0.012080788653136743
chr4,5,0,3,-0.07193748712345727
chr4,5,1,3,0.008260536485637146
chr4,5,2,3,-0.08537305907913573
chr4,5,3,3,-0.0015893644351147665
chr4,5,4,3,0.12380027683569854
chr4,5,5,3,0.20059331687625304
chr4,5,6,3,-0.024697819218959517
chr4,5,7,3,0.03384092744117784
chr4,5,8,3,0.017843692788919212
chr4,5,9,3,-0.2473281288407361
chr4,5,10,3,-0.06852468643234104
chr4,5,11,3,-0.2045310095464626
chr4,6,0,3,-0.011253994099636752
chr4,6,1,3,-0.00214960546101343
chr4,6,2,3,0.05314783532730397
chr4,6,3,3,0.2990951970880032
chr4,6,4,3,-0.026000119522249125
chr4,6,5,3,0.047343419401317276
chr4,6,6,3,0.05458919949820167
chr4,6,7,3,-0.06325877801212576
chr4,6,8,3,0.026704721546007743
chr4,6,9,3,0.29878670630870735
chr4,6,10,3,0.027301055466851253
chr4,6,11,3,0.23328075292513986
chr4,7,0,3,0.07761537038819882
chr4,7,1,3,0.11399537524787023
chr4,7,2,3,-0.0012746076124350674
chr4,7,3,3,0.05611442775308189
chr4,7,4,3,0.001956866499131838
chr4,7,5,3,-0.06661529757977334
chr4,7,6,3,0.08624465114980463
chr4,7,7,3,0.04992661200338611
chr4,7,8,3,0.06253062128443061
chr4,7,9,3,0.09230231781374713
chr4,7,10,3,0.35223161060690417
chr4,7,11,3,0.015956332688067596
chr4,8,0,3,-0.07781977085610803
chr4,8,1,3,-0.06749721229921268
chr4,8,2,3,0.28243002285211544
chr4,8,3,3,0.07258254703793461
chr4,8,4,3,0.19293670937583704
chr4,8,5,3,0.07987924529122087
chr4,8,6,3,-0.0577805611380638
chr4,8,7,3,0.008724678451542582
chr4,8,8,3,-0.04489952649491039
chr4,8,9,3,-0.0944583916938458
chr4,8,10,3,0.07479565812372994
chr4,8,11,3,0.06564487823836858
chr4,9,0,3,0.026166346661044598
chr4,9,1,3,-0.15785626664435848
chr4,9,2,3,-0.09510004586920003
chr4,9,3,3,0.37993508857667985
chr4,9,4,3,0.08371805809745443
chr4,9,5,3,0.013718415499228864
chr4,9,6,3,0.014442892123613327
chr4,9,7,3,-0.06167765165663872
chr4,9,8,3,-0.029577986961612956
chr4,9,9,3,0.06194320037173492
chr4,9,10,3,-0.07651520540372836
chr4,9,11,3,0.12063973881093892
chr4,10,0,3,0.051352747544109234
chr4,10,1,3,-0.013789495203441563
chr4,10,2,3,-0.04015023238310526
chr4,10,3,3,0.025816062484303823
chr4,10,4,3,0.0365410779763723
chr4,10,5,3,0.03639273722106331
chr4,10,6,3,-0.13522951042922943
chr4,10,7,3,0.022150632272621002
chr4,10,8,3,0.09392244593042127
chr4,10,9,3,-0.04970455276181226
chr4,10,10,3,-0.04618004872782996
chr4,10,11,3,0.10626449565685835
chr4,11,0,3,0.07861386773463235
chr4,11,1,3,-0.09861141517451948
chr4,11,2,3,0.03896060144952662
chr4,11,3,3,-0.01729916751128537
chr4,11,4,3,0.00044653197634375585
chr4,11,5,3,-0.08508722558606553
chr4,11,6,3,-0.1100037027732441
chr4,11,7,3,0.07760439118419171
chr4,11,8,3,0.010469211559281674
chr4,11,9,3,-0.04875561517448738
chr4,11,10,3,0.0259795434229478
chr4,11,11,3,0.058552110828859284
chr5,0,0,1,0.013884363442234426
chr5,0,1,1,0.008786834525296938
chr5,0,2,1,0.02585773967574667
chr5,0,3,1,-0.007540363708083364
chr5,0,4,1,-0.0001536616543680227
chr5,0,5,1,-0.07356583642729964
chr5,0,6,1,-0.14513392697716498
chr5,0,7,1,0.18741180284252001
chr5,0,8,1,0.0026839335701662748
chr5,0,9,1,0.00221057082932119
chr5,0,10,1,-0.010921960174908263
chr5,0,11,1,0.01637445329580034
chr5,1,0,1,-0.06942892847798954
chr5,1,1,1,0.07412026896714086
chr5,1,2,1,-0.07375394295614035
chr5,1,3,1,0.007285314660822606
chr5,1,4,1,0.05672374418882531
chr5,1,5,1,-0.1109432522667746
chr5,1,6,1,0.07891538987196112
chr5,1,7,1,0.028883017767436847
chr5,1,8,1,-0.026648474581720594
chr5,1,9,1,-0.13943625111938351
chr5,1,10,1,-0.04108142294057304
chr5,1,11,1,0.05378105758647378
chr5,2,0,1,0.009888355912740399
chr5,2,1,1,-0.10159636480577416
chr5,2,2,1,0.1815207120366833
chr5,2,3,1,-0.44962877861960526
chr5,2,4,1,0.0575932464454062
chr5,2,5,1,0.2539461516114594
chr5,2,6,1,0.13344323771009425
chr5,2,7,1,-0.033223038420167494
chr5,2,8,1,-0.012375212047976092
chr5,2,9,1,0.010540686191255366
chr5,2,10,1,-0.4877014662491742
chr5,2,11,1,0.6647258064422624
chr5,3,0,1,-0.1364482137354921
chr5,3,1,1,-0.24266111614236063
chr5,3,2,1,-0.0029409642623684507
chr5,3,3,1,-0.15136682702943272
chr5,3,4,1,-0.11594330607426115
chr5,3,5,1,0.32710556077857533
chr5,3,6,1,0.04040488958504962
chr5,3,7,1,0.4242778418661463
chr5,3,8,1,-0.10689696472330867
chr5,3,9,1,-0.010136173769624168
chr5,3,10,1,-0.17913341631288482
chr5,3,11,1,-0.06362154499863215
chr5,4,0,1,-0.04343643501048722
chr5,4,1,1,0.0612959162004898
chr5,4,2,1,0.07494097947005478
chr5,4,3,1,-0.013220555463873154
chr5,4,4,1,0.002222592262875689
chr5,4,5,1,-0.024533535193599215
chr5,4,6,1,-0.006505790039203707
chr5,4,7,1,0.07968928696666239
chr5,4,8,1,-0.004210832666742159
chr5,4,9,1,-0.17829392651358167
chr5,4,10,1,-0.18814955396323252
chr5,4,11,1,-0.0834260019118817
chr5,5,0,1,0.06202008468074727
chr5,5,1,1,0.05525330025844777
chr5,5,2,1,0.20371208588729245
chr5,5,3,1,0.0007658037989977211
chr5,5,4,1,-0.08751147322703216
chr5,5,5,1,0.3079249620637968
chr5,5,6,1,0.07864080720816644
chr5,5,7,1,0.09180926666987606
chr5,5,8,1,-0.04474511592667485
chr5,5,9,1,-0.008766572063565459
chr5,5,10,1,0.04221980278106113
chr5,5,11,1,0.10566675613044135
chr5,6,0,1,0.050669619925662435
chr5,6,1,1,-0.03153523493097583
chr5,6,2,1,0.024750657398577736
chr5,6,3,1,0.15488188730439095
chr5,6,4,1,-0.06901335943798889
chr5,6,5,1,-0.06680320308078097
chr5,6,6,1,3.0083843062911342e-05
chr5,6,7,1,-0.1002115572445354
chr5,6,8,1,-0.02207421359926376
chr5,6,9,1,-0.11062312831494092
chr5,6,10,1,0.0704595847233617
chr5,6,11,1,-0.13087074797624915
chr5,7,0,1,-0.02040082564210366
chr5,7,1,1,-0.491353174361803
chr5,7,2,1,0.15875840091368532
chr5,7,3,1,-0.22226151538170774
chr5,7,4,1,-0.023168858173533438
chr5,7,5,1,0.06788749013469708
chr5,7,6,1,-0.19255508928353976
chr5,7,7,1,-0.21325994392066405
chr5,7,8,1,0.03742278687256295
chr5,7,9,1,0.031858324094861556
chr5,7,10,1,-0.4992892845260687
chr5,7,11,1,-0.2884264228937248
chr5,8,0,1,0.05498430852484648
chr5,8,1,1,0.054050809511470455
chr5,8,2,1,0.1684042062218617
chr5,8,3,1,-0.0551440353142533
chr5,8,4,1,-0.09935115140640788
chr5,8,5,1,-0.04518318805589086
chr5,8,6,1,0.09983820426359008
chr5,8,7,1,0.011822063612313763
chr5,8,8,1,0.024899481568584125
chr5,8,9,1,0.015131527476424544
chr5,8,10,1,0.07936440675636192
chr5,8,11,1,-0.026456836330823567
chr5,9,0,1,0.11573778421766834
chr5,9,1,1,-0.032214917009506294
chr5,9,2,1,0.02021887269579281
chr5,9,3,1,-0.05579854254773409
chr5,9,4,1,-0.1424784679480198
chr5,9,5,1,-0.03862186291980631
chr5,9,6,1,0.04740676409760125
chr5,9,7,1,0.03532895136781605
chr5,9,8,1,-0.017365810028259654
chr5,9,9,1,-0.01738672187297219
chr5,9,10,1,0.07097743458118044
chr5,9,11,1,-0.07278107211730156
chr5,10,0,1,-0.027184016032908875
chr5,10,1,1,0.03984858222802823
chr5,10,2,1,0.05590369573491205
chr5,10,3,1,0.0834758414130195
chr5,10,4,1,-0.013415606195299273
chr5,10,5,1,0.07020028133681655
chr5,10,6,1,0.11864530604760568
chr5,10,7,1,-0.2183938101518874
chr5,10,8,1,-0.02005638559162115
chr5,10,9,1,-0.015540272535189859
chr5,10,10,1,0.03404103253892232
chr5,10,11,1,-0.05968516851778066
chr5,11,0,1,-0.019156336154383502
chr5,11,1,1,0.034410837600148625
chr5,11,2,1,0.07735046553208891
chr5,11,3,1,0.10434889972790679
chr5,11,4,1,-0.16814526793748286
chr5,11,5,1,0.16258704728686535
chr5,11,6,1,-0.057454949161225566
chr5,11,7,1,0.015846345359119107
chr5,11,8,1,0.0370631277617971
chr5,11,9,1,-0.00602549984984857
chr5,11,10,1,0.1896746825940525
chr5,11,11,1,0.11740929091641605
chr6,0,0,1,-0.006000752914930851
chr6,0,1,1,0.007995185560388474
chr6,0,2,1,0.015758181785254788
chr6,0,3,1,-0.0002690554928459349
chr6,0,4,1,0.0006115557178538455
chr6,0,5,1,-0.016166555303773533
chr6,0,6,1,0.06946295913523803
chr6,0,7,1,-0.0073481758507630834
chr6,0,8,1,0.05024752168379176
chr6,0,9,1,0.04417193386663787
chr6,0,10,1,-0.010617612796657572
chr6,0,11,1,0.0053738193499481834
chr6,1,0,1,0.058817169143861814
chr6,1,1,1,0.19083812274003942
chr6,1,2,1,-0.05794668821797072
chr6,1,3,1,0.11368265183985382
chr6,1,4,1,0.2685980818357194
chr6,1,5,1,-0.006350424084403117
chr6,1,6,1,0.030674665578471927
chr6,1,7,1,-0.12536235899500758
chr6,1,8,1,0.11811062455425936
chr6,1,9,1,0.13011085746240958
chr6,1,10,1,0.0575413863428047
chr6,1,11,1,0.14282266110959663
chr6,2,0,1,0.07657345753902056
chr6,2,1,1,0.0840524068055053
chr6,2,2,1,0.0037464848497258396
chr6,2,3,1,-0.001155983962394913
chr6,2,4,1,-0.03945734563979508
chr6,2,5,1,-0.08670627690754396
chr6,2,6,1,-0.054066572709336014
chr6,2,7,1,-0.07018197152461736
chr6,2,8,1,0.03304773272504824
chr6,2,9,1,0.00992632190893028
chr6,2,10,1,0.0960028607348381
chr6,2,11,1,-0.07747948892714496
chr6,3,0,1,0.13263095823158233
chr6,3,1,1,0.01442059680478458
chr6,3,2,1,-0.024095397078941816
chr6,3,3,1,0.08816689954223766
chr6,3,4,1,-0.0035540483723096317
chr6,3,5,1,-0.2314182195753613
chr6,3,6,1,-0.16436381275627443
chr6,3,7,1,-0.349959336354264
chr6,3,8,1,-0.052948382896565005
chr6,3,9,1,-0.0331912313766336
chr6,3,10,1,0.10777613202578962
chr6,3,11,1,-0.10666427144027313
chr6,4,0,1,0.2171216309947095
chr6,4,1,1,0.11737077130637298
chr6,4,2,1,0.004231920116056921
chr6,4,3,1,0.017153946942566438
chr6,4,4,1,0.11475122760236778
chr6,4,5,1,0.21282927488197692
chr6,4,6,1,-0.09472540163451115
chr6,4,7,1,0.08632417693945235
chr6,4,8,1,0.06384838871120269
chr6,4,9,1,0.029913652791614953
chr6,4,10,1,0.08785110328668377
chr6,4,11,1,0.1408527366806242
chr6,5,0,1,0.10040903033711213
chr6,5,1,1,0.039943577315300516
chr6,5,2,1,0.0470501252086678
chr6,5,3,1,-0.012039793211482876
chr6,5,4,1,0.005049239281276506
chr6,5,5,1,0.011777803999024061
chr6,5,6,1,0.0031362375315497765
chr6,5,7,1,0.12059955743325688
chr6,5,8,1,0.06570199024453316
chr6,5,9,1,0.05050275842909713
chr6,5,10,1,0.07493593036928525
chr6,5,11,1,0.08808864071197825
chr6,6,0,1,0.0992103353542686
chr6,6,1,1,0.03362654694075783
chr6,6,2,1,0.0888485585623684
chr6,6,3,1,0.6136656732506002
chr6,6,4,1,0.02079991811239107
chr6,6,5,1,-0.0004972170240112039
chr6,6,6,1,0.16158243263834973
chr6,6,7,1,0.02942839749380477
chr6,6,8,1,0.02124309644899669
chr6,6,9,1,0.3618404445249408
chr6,6,10,1,0.09680084233420631
chr6,6,11,1,0.3306223272275518
chr6,7,0,1,-0.07928348076532543
chr6,7,1,1,0.1405228235842196
chr6,7,2,1,-0.02008399025266583
chr6,7,3,1,0.06453115651872428
chr6,7,4,1,0.004986118466299408
chr6,7,5,1,-0.3220768928947435
chr6,7,6,1,0.031831468323646674
chr6,7,7,1,0.0516153158720384
chr6,7,8,1,0.10571533535847377
chr6,7,9,1,0.09008039247275967
chr6,7,10,1,0.47136796709685946
chr6,7,11,1,0.1127233137177417
chr6,8,0,1,-0.4347797599913562
chr6,8,1,1,0.11098678411141005
chr6,8,2,1,0.24502128169086473
chr6,8,3,1,0.1289089127252996
chr6,8,4,1,0.02331168882697196
chr6,8,5,1,0.05376367742116732
chr6,8,6,1,0.12088864733136243
chr6,8,7,1,-0.002218658930779882
chr6,8,8,1,0.10291972560670204
chr6,8,9,1,0.02556900077374613
chr6,8,10,1,0.27313190176437435
chr6,8,11,1,0.05427654395189316
chr6,9,0,1,0.25029714237051404
chr6,9,1,1,-0.09563343339860653
chr6,9,2,1,-0.09591130967921413
chr6,9,3,1,0.17100138386044944
chr6,9,4,1,0.09320084497097172
chr6,9,5,1,-0.05487661869175611
chr6,9,6,1,0.008168388893904255
chr6,9,7,1,-0.09132517941947257
chr6,9,8,1,0.022248631404803376
chr6,9,9,1,0.13288539031101865
chr6,9,10,1,0.028100307770136168
chr6,9,11,1,0.13138536543496285
chr6,10,0,1,0.1640147939794412
chr6,10,1,1,0.11432933823174296
chr6,10,2,1,0.15055124847538537
chr6,10,3,1,0.0969193491169129
chr6,10,4,1,0.09465023103749494
chr6,10,5,1,0.05705900434059202
chr6,10,6,1,0.19296253931190593
chr6,10,7,1,0.18917969545754737
chr6,10,8,1,0.1351439873115734
chr6,10,9,1,0.02076513724653173
chr6,10,10,1,0.10017608130115008
chr6,10,11,1,0.20404094269866652
chr6,11,0,1,0.13359884318866933
chr6,11,1,1,0.0670887655059409
chr6,11,2,1,0.04041166250513284
chr6,11,3,1,0.3408943833546603
chr6,11,4,1,0.27901644339916326
chr6,11,5,1,0.07312247104310199
chr6,11,6,1,-0.04524393878946842
chr6,11,7,1,0.2375122516516877
chr6,11,8,1,0.05474287622344165
chr6,11,9,1,0.015914204965476686
chr6,11,10,1,0.34096368571890256
chr6,11,11,1,-0.04885919184576215
chr7,0,0,1,0.02173509401404461
chr7,0,1,1,0.042842254684496206
chr7,0,2,1,0.04494006028518294
chr7,0,3,1,0.01405698615753169
chr7,0,4,1,0.0023370216420003816
chr7,0,5,1,-0.07019291875454092
chr7,0,6,1,-0.06349948298138441
chr7,0,7,1,0.19543532397335284
chr7,0,8,1,0.019376681499503556
chr7,0,9,1,0.03806613836092965
chr7,0,10,1,0.034168120699970606
chr7,0,11,1,0.06136448442553777
chr7,1,0,1,-0.0003313197223547837
chr7,1,1,1,-0.022854950932947538
chr7,1,2,1,-0.09830419329134477
chr7,1,3,1,0.020782259663040925
chr7,1,4,1,0.24474514218924842
chr7,1,5,1,-0.03358249607472097
chr7,1,6,1,-0.28802577904515136
chr7,1,7,1,0.11126779711757473
chr7,1,8,1,0.028669620639098725
chr7,1,9,1,-0.003839842006394978
chr7,1,10,1,-0.039053013900486544
chr7,1,11,1,-0.3419627781266355
chr7,2,0,1,0.0757019034544072
chr7,2,1,1,-0.10503946779406315
chr7,2,2,1,0.18979262298522392
chr7,2,3,1,-0.21805313334633158
chr7,2,4,1,0.1690070034267417
chr7,2,5,1,0.020388220953277303
chr7,2,6,1,0.050216180851492265
chr7,2,7,1,0.025919291017672985
chr7,2,8,1,0.09035988792668115
chr7,2,9,1,0.047902353955200594
chr7,2,10,1,-0.6577868576434687
chr7,2,11,1,0.09637704418930426
chr7,3,0,1,-0.019081558395276144
chr7,3,1,1,0.1796822225136201
chr7,3,2,1,0.21782726600455737
chr7,3,3,1,-0.06754694184145127
chr7,3,4,1,-0.08321356182344827
chr7,3,5,1,0.007492951278646798
chr7,3,6,1,0.14071782484638584
chr7,3,7,1,0.07342965755826592
chr7,3,8,1,0.03740129953896176
chr7,3,9,1,0.0039199649702874595
chr7,3,10,1,-0.03865713321488906
chr7,3,11,1,0.16595198764750796
chr7,4,0,1,0.3632108799631467
chr7,4,1,1,0.06293131009356595
chr7,4,2,1,0.040642789662354295
chr7,4,3,1,0.003038541968087359
chr7,4,4,1,0.1851033979134321
chr7,4,5,1,-0.044800313563125166
chr7,4,6,1,-0.04309762930944272
chr7,4,7,1,0.1471267614203196
chr7,4,8,1,0.01756200017893117
chr7,4,9,1,0.3251918892598792
chr7,4,10,1,-0.08131519446182423
chr7,4,11,1,-0.024664983019950695
chr7,5,0,1,0.28622415332449336
chr7,5,1,1,-0.0401903011303284
chr7,5,2,1,-0.05506227973411387
chr7,5,3,1,-0.0017423086724776358
chr7,5,4,1,0.11928443196535607
chr7,5,5,1,-0.03403903663051033
chr7,5,6,1,0.0034626772006353668
chr7,5,7,1,0.09901136835553467
chr7,5,8,1,0.010592093474211195
chr7,5,9,1,0.09564059253807722
chr7,5,10,1,0.019730639317598525
chr7,5,11,1,-0.11046635182365383
chr7,6,0,1,0.08907543214004088
chr7,6,1,1,0.10343107882919002
chr7,6,2,1,0.03719201176695952
chr7,6,3,1,0.3778920296250504
chr7,6,4,1,-0.029397786245681623
chr7,6,5,1,0.033037859480828574
chr7,6,6,1,0.1152820820906737
chr7,6,7,1,0.18142036507411785
chr7,6,8,1,0.010756219008415613
chr7,6,9,1,0.41558711833339335
chr7,6,10,1,0.09082091156570235
chr7,6,11,1,0.3828785307018847
chr7,7,0,1,0.022197235890769607
chr7,7,1,1,-0.07530430930889609
chr7,7,2,1,0.009653262653722683
chr7,7,3,1,0.3291544467210764
chr7,7,4,1,0.05458499248869388
chr7,7,5,1,0.02998226468200621
chr7,7,6,1,0.3954799120957682
chr7,7,7,1,0.4578583266001004
chr7,7,8,1,-0.011648503018211187
chr7,7,9,1,-0.018638263810467404
chr7,7,10,1,0.29956385824913
chr7,7,11,1,0.2519313616958702
chr7,8,0,1,0.09668431816415968
chr7,8,1,1,-0.15210713309499568
chr7,8,2,1,0.24193110794781936
chr7,8,3,1,0.11037898832821656
chr7,8,4,1,0.04961329942885623
chr7,8,5,1,0.07831358789124535
chr7,8,6,1,0.20083914434191025
chr7,8,7,1,0.01745113241504908
chr7,8,8,1,0.014945094001914905
chr7,8,9,1,0.05515091161334651
chr7,8,10,1,-0.14601471361721885
chr7,8,11,1,0.06403190996838823
chr7,9,0,1,-0.06262253500562431
chr7,9,1,1,0.06653593541221792
chr7,9,2,1,0.14984877970803223
chr7,9,3,1,-0.06755531251203606
chr7,9,4,1,0.0022899157215411914
chr7,9,5,1,-0.007405257562939971
chr7,9,6,1,0.07494250501519828
chr7,9,7,1,-0.007162504774243683
chr7,9,8,1,0.026892219803295925
chr7,9,9,1,0.06206030551429176
chr7,9,10,1,-0.043478525559116354
chr7,9,11,1,-0.020107663156709227
chr7,10,0,1,0.10484030849444959
chr7,10,1,1,0.07733521533272492
chr7,10,2,1,0.04510203840581184
chr7,10,3,1,0.0427536773437541
chr7,10,4,1,0.056878380255744876
chr7,10,5,1,-0.0150210154586089
chr7,10,6,1,-0.011025034155560942
chr7,10,7,1,-0.006706104324955664
chr7,10,8,1,0.05327838029995424
chr7,10,9,1,0.03567347418749567
chr7,10,10,1,0.03829053196741139
chr7,10,11,1,-0.05893232586468242
chr7,11,0,1,0.053071387151238714
chr7,11,1,1,0.07900238265737558
chr7,11,2,1,0.002633318170689569
chr7,11,3,1,0.10826117947521557
chr7,11,4,1,0.13877741419590028
chr7,11,5,1,-0.03449724895938566
chr7,11,6,1,0.07852616834876813
chr7,11,7,1,0.16369329010061545
chr7,11,8,1,0.0058936942489870026
chr7,11,9,1,0.027934778972436236
chr7,11,10,1,-0.0658879955750672
chr7,11,11,1,-0.04942731289431801
chr9,0,0,1,-0.05385232966742426
chr9,0,1,1,0.0588735670821432
chr9,0,2,1,0.07934231577840278
chr9,0,3,1,-0.0007467402059340295
chr9,0,4,1,-0.0009003630108227727
chr9,0,5,1,0.036091160574661885
chr9,0,6,1,0.02830738364940588
chr9,0,7,1,0.3034395034469308
chr9,0,8,1,0.03798389084516318
chr9,0,9,1,0.07116545192289492
chr9,0,10,1,0.0004472493197510141
chr9,0,11,1,0.044633071479342035
chr9,1,0,1,0.23891636930941496
chr9,1,1,1,-0.012322419347021718
chr9,1,2,1,-0.033569228735410794
chr9,1,3,1,0.1360673483084177
chr9,1,4,1,-0.015405960659873263
chr9,1,5,1,0.025127961034221324
chr9,1,6,1,0.051995072914065577
chr9,1,7,1,0.10293144777949426
chr9,1,8,1,-0.04039376385835236
chr9,1,9,1,0.12491000641789718
chr9,1,10,1,0.04471430022940215
chr9,1,11,1,0.3483554563673563
chr9,2,0,1,0.10968010542470297
chr9,2,1,1,-0.4152429363434611
chr9,2,2,1,0.4115840315486162
chr9,2,3,1,-0.1688460424919389
chr9,2,4,1,0.12961002043891878
chr9,2,5,1,-0.09425623253697335
chr9,2,6,1,-0.08436672057779071
chr9,2,7,1,0.11102764646389618
chr9,2,8,1,-0.04710444080942522
chr9,2,9,1,0.031005024973056128
chr9,2,10,1,-0.5197837371869756
chr9,2,11,1,0.16450206740271367
chr9,3,0,1,0.019310241983498733
chr9,3,1,1,-0.05123381385779979
chr9,3,2,1,0.15219112083653918
chr9,3,3,1,0.09479347307323716
chr9,3,4,1,-0.06944832942875412
chr9,3,5,1,-0.10826083370262679
chr9,3,6,1,0.1898492084871527
chr9,3,7,1,0.1090137811732434
chr9,3,8,1,0.02374455754025584
chr9,3,9,1,0.018581186809331074
chr9,3,10,1,-0.14045612449259415
chr9,3,11,1,-0.02238802388088601
chr9,4,0,1,0.00684435393307159
chr9,4,1,1,0.008628994905202914
chr9,4,2,1,0.04279029816831708
chr9,4,3,1,0.02122233430723319
chr9,4,4,1,0.3477268814929717
chr9,4,5,1,0.08639917667813829
chr9,4,6,1,0.05948955960923452
chr9,4,7,1,-0.047789990411339495
chr9,4,8,1,0.04331822549688169
chr9,4,9,1,0.41153398630195914
chr9,4,10,1,-0.2067348411158445
chr9,4,11,1,0.04260233674670289
chr9,5,0,1,-0.10484344295409731
chr9,5,1,1,0.011334385412955172
chr9,5,2,1,-0.035324857439056015
chr9,5,3,1,0.003921553237333206
chr9,5,4,1,0.012153114355169206
chr9,5,5,1,0.18754747832593172
chr9,5,6,1,0.024485226936217103
chr9,5,7,1,0.06481229350015165
chr9,5,8,1,0.06282694315968818
chr9,5,9,1,-0.10111367820099082
chr9,5,10,1,-0.0865386749513466
chr9,5,11,1,-0.3664940665334664
chr9,6,0,1,0.05066176736486172
chr9,6,1,1,-0.008562681691003668
chr9,6,2,1,0.03574003697528183
chr9,6,3,1,0.35852336128452994
chr9,6,4,1,0.04077216695018482
chr9,6,5,1,0.09038983848544649
chr9,6,6,1,0.09773001067639724
chr9,6,7,1,0.03213526259926175
chr9,6,8,1,-0.0007125418723532562
chr9,6,9,1,0.3802861640085794
chr9,6,10,1,0.07419741983327144
chr9,6,11,1,0.07754083594163169
chr9,7,0,1,0.09290771533845055
chr9,7,1,1,0.1352256469907539
chr9,7,2,1,0.08406664030404543
chr9,7,3,1,0.039712084703655975
chr9,7,4,1,0.014214508302046864
chr9,7,5,1,0.1268059204886891
chr9,7,6,1,0.02180382702361039
chr9,7,7,1,0.023388036917960923
chr9,7,8,1,-0.01207407217389056
chr9,7,9,1,-0.04484106333583071
chr9,7,10,1,0.38114987677838047
chr9,7,11,1,0.02752666959789906
chr9,8,0,1,0.2609384217026459
chr9,8,1,1,0.013245204302776648
chr9,8,2,1,0.37385287304524084
chr9,8,3,1,0.036728159571066475
chr9,8,4,1,0.11475810209688345
chr9,8,5,1,0.003905923486204957
chr9,8,6,1,-0.043319093125007535
chr9,8,7,1,0.0053808909761192784
chr9,8,8,1,0.03304799803310077
chr9,8,9,1,0.04321317456617135
chr9,8,10,1,0.032181260498774567
chr9,8,11,1,0.03903639365424254
chr9,9,0,1,0.13413503783801162
chr9,9,1,1,0.36746905349441084
chr9,9,2,1,0.18651770328203043
chr9,9,3,1,0.17603197458776731
chr9,9,4,1,0.07900213138643826
chr9,9,5,1,0.02582877591762342
chr9,9,6,1,-0.05567402918090292
chr9,9,7,1,-0.042917761581373254
chr9,9,8,1,0.039138557817659625
chr9,9,9,1,0.112611232907192
chr9,9,10,1,-0.0933510440764257
chr9,9,11,1,0.13040269330383697
chr9,10,0,1,0.06607032917569389
chr9,10,1,1,-0.053222440413265626
chr9,10,2,1,-0.11638200894205897
chr9,10,3,1,0.056585182230732556
chr9,10,4,1,-0.055512304197067514
chr9,10,5,1,-0.021325412822798706
chr9,10,6,1,-0.09651656005561327
chr9,10,7,1,0.0731957239463693
chr9,10,8,1,0.02467016540264999
chr9,10,9,1,0.04190700816541182
chr9,10,10,1,-0.10251760797040221
chr9,10,11,1,-0.005473129370754198
chr9,11,0,1,0.020537698907086344
chr9,11,1,1,0.26101961549833685
chr9,11,2,1,0.08026295281680484
chr9,11,3,1,0.21760145866456188
chr9,11,4,1,0.050947246373564625
chr9,11,5,1,0.17941243240437926
chr9,11,6,1,0.23870148961951526
chr9,11,7,1,0.4748675860365293
chr9,11,8,1,0.035483335627332746
chr9,11,9,1,0.037184218366897226
chr9,11,10,1,-0.12266543641030836
chr9,11,11,1,0.2488096806309409
