present_index,absent_index,present_gc,absent_gc,present_length,absent_length,chromosome,real_tokens,target_tokens,present_target_width,absent_target_width
22940,24177,0.41818181818181815,0.42857142857142855,55,56,chr1,11,5,27,28
18833,21379,0.4528301886792453,0.46153846153846156,53,52,chr4,11,4,20,21
40772,49689,0.45588235294117646,0.46078431372549017,204,204,chr10,43,5,22,22
45290,21693,0.5392156862745098,0.5196078431372549,204,204,chr7,44,8,39,41
20899,50273,0.37745098039215685,0.38235294117647056,204,204,chr11,41,15,76,78
36799,48681,0.4852941176470588,0.4803921568627451,204,204,chr4,41,5,22,24
20338,18892,0.5254237288135594,0.5245901639344263,59,61,chr13,12,7,37,39
30074,49237,0.4117647058823529,0.4068627450980392,204,204,chr5,42,8,43,44
29200,50202,0.5294117647058824,0.5392156862745098,204,204,chr4,40,4,22,24
19855,18670,0.4915254237288136,0.47540983606557374,59,61,chr2,13,5,22,23
26592,44979,0.47549019607843135,0.47058823529411764,204,204,chr9,41,4,21,22
29668,49497,0.46078431372549017,0.45098039215686275,204,204,chr6,41,5,26,27
20364,21812,0.45454545454545453,0.46875,66,64,chr2,14,6,29,31
47212,27976,0.4068627450980392,0.4117647058823529,204,204,chr1,41,4,19,21
46070,51222,0.39705882352941174,0.39705882352941174,204,204,chr11,41,5,24,25
