present_index,absent_index,present_gc,absent_gc,present_length,absent_length,chromosome
21465,18764,0.4230769230769231,0.4339622641509434,52,53,chr2
18814,21066,0.525,0.5375,80,80,chr3
19717,25160,0.4461538461538462,0.4393939393939394,65,66,chr6
21874,20715,0.3472222222222222,0.34782608695652173,72,69,chr3
21042,21527,0.5454545454545454,0.5471698113207547,55,53,chr17
20108,18898,0.6153846153846154,0.6274509803921569,52,51,chrX
19761,28276,0.43137254901960786,0.43137254901960786,204,204,chr6
21800,19945,0.5517241379310345,0.5517241379310345,58,58,chr2
17449,15819,0.4731182795698925,0.4731182795698925,93,93,chr12
19143,22082,0.5,0.5185185185185185,52,54,chrX
18297,23471,0.5652173913043478,0.5454545454545454,69,66,chr7
22292,27227,0.35185185185185186,0.35714285714285715,54,56,chr7
18611,18290,0.5344827586206896,0.5254237288135594,58,59,chr17
22940,24177,0.41818181818181815,0.42857142857142855,55,56,chr1
20953,21379,0.46153846153846156,0.46153846153846156,52,52,chr4
22422,19980,0.7169811320754716,0.7169811320754716,53,53,chr1
20430,17932,0.5737704918032787,0.559322033898305,61,59,chr1
19516,22824,0.4339622641509434,0.42592592592592593,53,54,chr6
18770,19342,0.38333333333333336,0.3770491803278688,60,61,chr3
15313,17008,0.48,0.4666666666666667,75,75,chr20
21444,19804,0.43636363636363634,0.42857142857142855,55,56,chr17
22998,18449,0.5694444444444444,0.581081081081081,72,74,chr7
21598,18164,0.37254901960784315,0.38461538461538464,51,52,chr5
33457,19655,0.5490196078431373,0.5471698113207547,51,53,chr6
11492,15903,0.4188034188034188,0.4224137931034483,117,116,chr20
23874,46940,0.47549019607843135,0.47549019607843135,204,204,chr2
20324,51046,0.4852941176470588,0.4852941176470588,204,204,chr9
19724,19524,0.4266666666666667,0.4189189189189189,75,74,chr6
20107,19949,0.45454545454545453,0.46153846153846156,66,65,chr5
22106,49689,0.46078431372549017,0.46078431372549017,204,204,chr10
20992,21693,0.5196078431372549,0.5196078431372549,204,204,chr7
20516,17833,0.3291139240506329,0.34210526315789475,79,76,chr7
18677,20620,0.4117647058823529,0.4117647058823529,51,51,chr8
22627,50273,0.38235294117647056,0.38235294117647056,204,204,chr11
17589,21638,0.39215686274509803,0.39215686274509803,51,51,chr1
19611,21212,0.4731182795698925,0.46236559139784944,93,93,chr7
19085,26139,0.5692307692307692,0.5555555555555556,65,63,chr7
20685,20791,0.39215686274509803,0.39215686274509803,51,51,chr1
18190,21292,0.5076923076923077,0.5076923076923077,65,65,chr5
21510,19394,0.42592592592592593,0.41818181818181815,54,55,chr10
22414,48681,0.4803921568627451,0.4803921568627451,204,204,chr4
23240,19487,0.3492063492063492,0.3492063492063492,63,63,chr4
19103,17728,0.4166666666666667,0.4,60,60,chr5
26941,31082,0.3480392156862745,0.3480392156862745,204,204,chr14
20215,17284,0.3888888888888889,0.3888888888888889,54,54,chr11
19166,20831,0.4342105263157895,0.43243243243243246,76,74,chr2
20105,18892,0.5161290322580645,0.5245901639344263,62,61,chr13
22002,19363,0.5555555555555556,0.5740740740740741,54,54,chr2
22516,49237,0.4068627450980392,0.4068627450980392,204,204,chr5
21912,18138,0.4117647058823529,0.4117647058823529,51,51,chr12
20819,17587,0.4528301886792453,0.4716981132075472,53,53,chr6
32695,48227,0.27941176470588236,0.27941176470588236,204,204,chr2
22217,48755,0.37745098039215685,0.37745098039215685,204,204,chr16
19699,19076,0.41379310344827586,0.43103448275862066,58,58,chr7
20580,18425,0.6379310344827587,0.6379310344827587,58,58,chr20
20997,18031,0.3424657534246575,0.352112676056338,73,71,chr9
22200,17594,0.37681159420289856,0.37681159420289856,69,69,chr10
22107,50202,0.5392156862745098,0.5392156862745098,204,204,chr4
18673,24332,0.5490196078431373,0.5490196078431373,51,51,chr1
19468,19125,0.4805194805194805,0.4935064935064935,77,77,chr12
26142,16968,0.6744186046511628,0.6707317073170732,86,82,chr14
21736,22665,0.6415094339622641,0.6274509803921569,53,51,chr12
21745,20513,0.5490196078431373,0.5294117647058824,51,51,chr15
19151,15117,0.6515151515151515,0.6666666666666666,66,63,chr2
21072,16303,0.42105263157894735,0.41379310344827586,57,58,chr11
18371,18366,0.4375,0.4567901234567901,80,81,chr13
17855,21641,0.43333333333333335,0.43333333333333335,60,60,chr8
20486,18699,0.3888888888888889,0.39622641509433965,54,53,chrX
22952,27776,0.5094339622641509,0.5094339622641509,53,53,chr5
27564,51027,0.4803921568627451,0.4803921568627451,204,204,chr22
19815,22490,0.5714285714285714,0.5636363636363636,56,55,chr19
19880,20349,0.4,0.38596491228070173,55,57,chr13
19068,18670,0.4838709677419355,0.47540983606557374,62,61,chr2
19929,21281,0.3333333333333333,0.3148148148148148,54,54,chr13
20088,44979,0.47058823529411764,0.47058823529411764,204,204,chr9
22650,49497,0.45098039215686275,0.45098039215686275,204,204,chr6
21312,21812,0.46153846153846156,0.46875,65,64,chr2
18970,19637,0.4794520547945205,0.4931506849315068,73,73,chr1
21521,27976,0.4117647058823529,0.4117647058823529,204,204,chr1
23250,17175,0.43103448275862066,0.43103448275862066,58,58,chr2
20082,19624,0.4807692307692308,0.46153846153846156,52,52,chr6
20524,51222,0.39705882352941174,0.39705882352941174,204,204,chr11
