pair,role,sequence_id,real_tokens,target_tokens,target_start,target_end,nucleotide_length,gc
0,present,chr2:209936382-209936586,43,5,74,98,204,0.38235294117647056
0,absent,chr2:169676454-169676658,43,5,74,98,204,0.38235294117647056
1,present,chr9:78704260-78704464,44,5,50,71,204,0.5784313725490197
1,absent,chr9:127865079-127865283,44,5,50,71,204,0.5784313725490197
2,present,chr12:71639596-71639800,42,5,79,104,204,0.4950980392156863
2,absent,chr12:52358566-52358770,42,5,79,104,204,0.4950980392156863
3,present,chr4:2712357-2712561,42,6,71,99,204,0.5098039215686274
3,absent,chr4:4726166-4726370,42,6,71,99,204,0.5098039215686274
4,present,chr3:59425987-59426191,41,5,77,101,204,0.4950980392156863
4,absent,chr3:4986518-4986722,41,5,77,101,204,0.5049019607843137
5,present,chr1:65717881-65718085,43,5,116,140,204,0.4264705882352941
5,absent,chr1:35855397-35855601,43,5,116,140,204,0.4264705882352941
6,present,chr6:17091231-17091435,42,5,85,108,204,0.35294117647058826
6,absent,chr6:70220737-70220941,42,5,85,108,204,0.3627450980392157
7,present,chr1:6523685-6523889,42,5,110,132,204,0.5245098039215687
7,absent,chr1:242139552-242139756,42,5,110,132,204,0.5294117647058824
8,present,chr2:132677063-132677267,41,5,106,128,204,0.3480392156862745
8,absent,chr2:81901080-81901284,41,5,106,128,204,0.3480392156862745
9,present,chr10:62636886-62637090,39,5,108,130,204,0.45098039215686275
9,absent,chr10:71368746-71368950,39,5,108,130,204,0.46568627450980393
10,present,chr11:13114982-13115186,41,5,24,46,204,0.5735294117647058
10,absent,chr11:66069422-66069626,41,5,24,46,204,0.5784313725490197
11,present,chr17:7997188-7997392,41,4,91,112,204,0.47058823529411764
11,absent,chr17:7897852-7898056,41,4,91,112,204,0.45588235294117646
12,present,chr2:180125630-180125834,39,5,44,68,204,0.44607843137254904
12,absent,chr2:148674123-148674327,39,5,44,68,204,0.4411764705882353
13,present,chr17:57005092-57005296,40,5,78,106,204,0.5147058823529411
13,absent,chr17:72420598-72420802,40,5,78,106,204,0.5147058823529411
14,present,chr20:49610673-49610877,41,5,99,123,204,0.6421568627450981
14,absent,chr20:50844764-50844968,41,5,99,123,204,0.6225490196078431
15,present,chr8:25183688-25183892,42,5,83,105,204,0.5490196078431373
15,absent,chr8:26517842-26518046,42,5,83,105,204,0.5294117647058824
16,present,chr5:41524250-41524454,40,4,105,127,204,0.4362745098039216
16,absent,chr5:139194044-139194248,40,4,105,127,204,0.45098039215686275
17,present,chr2:129923339-129923543,42,5,0,28,204,0.6911764705882353
17,absent,chr2:96117884-96118088,42,5,0,28,204,0.6813725490196079
18,present,chr15:62125853-62126057,40,6,85,113,204,0.5196078431372549
18,absent,chr15:80660204-80660408,40,6,85,113,204,0.5196078431372549
19,present,chr1:214808937-214809141,39,5,98,122,204,0.4068627450980392
19,absent,chr1:246907563-246907767,39,5,98,122,204,0.4068627450980392
20,present,chr7:5898535-5898739,42,6,94,126,204,0.6421568627450981
20,absent,chr7:128914566-128914770,42,6,94,126,204,0.6372549019607843
21,present,chrX:93422781-93422985,43,5,43,68,204,0.47058823529411764
21,absent,chrX:12567533-12567737,43,5,43,68,204,0.47058823529411764
22,present,chr3:158791443-158791587,28,5,52,74,144,0.4513888888888889
22,absent,chr3:24773901-24774039,28,5,50,72,138,0.47101449275362317
23,present,chr11:9385061-9385265,44,4,124,143,204,0.6421568627450981
23,absent,chr11:67044559-67044763,44,4,124,143,204,0.6470588235294118
24,present,chr14:101738102-101738306,41,5,96,117,204,0.5196078431372549
24,absent,chr14:70223815-70224019,41,5,96,117,204,0.5147058823529411
25,present,chr4:113106162-113106366,39,5,91,118,204,0.35294117647058826
25,absent,chr4:24476292-24476496,39,5,91,118,204,0.35294117647058826
26,present,chr3:85802055-85802259,40,4,82,103,204,0.36764705882352944
26,absent,chr3:44988159-44988363,40,4,82,103,204,0.36764705882352944
27,present,chr4:108043025-108043229,39,5,88,116,204,0.43137254901960786
27,absent,chr4:12723901-12724105,39,5,88,116,204,0.4264705882352941
28,present,chr3:178451880-178452084,41,5,100,123,204,0.5196078431372549
28,absent,chr3:192918169-192918373,41,5,100,123,204,0.5196078431372549
29,present,chr6:63066147-63066351,42,5,99,121,204,0.4215686274509804
29,absent,chr6:83519190-83519394,42,5,99,121,204,0.4215686274509804
30,present,chr4:139509832-139510036,44,5,80,101,204,0.5245098039215687
30,absent,chr4:87391279-87391483,44,5,80,101,204,0.5441176470588235
31,present,chr17:2421895-2422099,41,4,87,108,204,0.5
31,absent,chr17:47287125-47287329,41,4,87,108,204,0.49019607843137253
32,present,chr5:10364393-10364597,40,4,86,106,204,0.4362745098039216
32,absent,chr5:89081504-89081708,40,4,86,106,204,0.4362745098039216
33,present,chr18:66548834-66549038,40,5,78,102,204,0.39705882352941174
33,absent,chr18:76252995-76253199,40,5,78,102,204,0.4019607843137255
34,present,chr2:59888119-59888323,40,5,74,99,204,0.4852941176470588
34,absent,chr2:62299801-62300005,40,5,74,99,204,0.4852941176470588
35,present,chr2:2706243-2706447,43,4,108,129,204,0.5980392156862745
35,absent,chr2:172086715-172086919,43,4,108,129,204,0.6029411764705882
36,present,chr6:6928153-6928357,41,5,95,117,204,0.5490196078431373
36,absent,chr6:144150751-144150955,41,5,95,117,204,0.5686274509803921
37,present,chr3:117103702-117103906,42,5,40,67,204,0.4803921568627451
37,absent,chr3:144585483-144585687,42,5,40,67,204,0.4803921568627451
38,present,chr13:113035031-113035235,45,5,100,123,204,0.5735294117647058
38,absent,chr13:33285789-33285993,45,5,100,123,204,0.5588235294117647
39,present,chr4:110970797-110970913,23,11,17,73,116,0.5086206896551724
39,absent,chr4:10622838-10622959,23,11,18,74,121,0.5041322314049587
40,present,chrX:28659243-28659447,42,5,118,145,204,0.5147058823529411
40,absent,chrX:45743113-45743317,42,5,118,145,204,0.5147058823529411
41,present,chr19:49288832-49289036,43,5,91,115,204,0.5098039215686274
41,absent,chr19:17080157-17080361,43,5,91,115,204,0.5147058823529411
42,present,chr3:58695389-58695593,41,5,80,106,204,0.43137254901960786
42,absent,chr3:4981919-4982123,41,5,80,106,204,0.43137254901960786
43,present,chr15:59993907-59994111,43,5,129,150,204,0.6323529411764706
43,absent,chr15:89321706-89321910,43,5,129,150,204,0.6323529411764706
44,present,chr4:105666827-105667031,40,4,85,104,204,0.39215686274509803
44,absent,chr4:47663078-47663282,40,4,85,104,204,0.39215686274509803
45,present,chrX:43814047-43814251,43,5,92,114,204,0.5098039215686274
45,absent,chrX:48469426-48469630,43,5,92,114,204,0.5147058823529411
46,present,chr8:140457665-140457869,46,6,64,91,204,0.7205882352941176
46,absent,chr8:42140013-42140217,46,6,64,91,204,0.7156862745098039
47,present,chr1:23210330-23210534,40,5,73,100,204,0.5490196078431373
47,absent,chr1:44021869-44022073,40,5,73,100,204,0.5490196078431373
48,present,chr1:227465342-227465546,41,7,91,128,204,0.5833333333333334
48,absent,chr1:212980042-212980246,41,7,91,128,204,0.5784313725490197
49,present,chr8:23415682-23415886,40,4,99,119,204,0.5245098039215687
49,absent,chr8:92073370-92073574,40,4,99,119,204,0.5343137254901961
50,present,chr18:72086551-72086755,42,5,75,99,204,0.4068627450980392
50,absent,chr18:26456129-26456333,42,5,75,99,204,0.4019607843137255
51,present,chr1:17601797-17602001,41,5,55,80,204,0.5490196078431373
51,absent,chr1:9465851-9466055,41,5,55,80,204,0.5686274509803921
52,present,chr13:77910627-77910831,44,5,108,131,204,0.43137254901960786
52,absent,chr13:75760285-75760489,44,5,108,131,204,0.45098039215686275
53,present,chr7:18693496-18693700,42,5,83,108,204,0.4362745098039216
53,absent,chr7:150875842-150876046,42,5,83,108,204,0.4215686274509804
54,present,chr2:101387437-101387641,44,5,80,101,204,0.7794117647058824
54,absent,chr2:72887346-72887550,44,5,80,101,204,0.7598039215686274
55,present,chr6:26217122-26217326,46,6,87,114,204,0.5980392156862745
55,absent,chr6:15247918-15248122,46,6,87,114,204,0.6176470588235294
56,present,chr2:212548523-212548727,40,4,87,108,204,0.36764705882352944
56,absent,chr2:55581553-55581757,40,4,87,108,204,0.36764705882352944
57,present,chr16:68355472-68355676,43,5,88,111,204,0.6176470588235294
57,absent,chr16:14310618-14310822,43,5,88,111,204,0.6274509803921569
58,present,chr5:64347386-64347590,42,5,118,141,204,0.4117647058823529
58,absent,chr5:36265189-36265393,42,5,118,141,204,0.4068627450980392
59,present,chr6:14816569-14816773,41,5,112,136,204,0.5392156862745098
59,absent,chr6:12158746-12158950,41,5,112,136,204,0.5392156862745098
60,present,chr5:163696424-163696530,21,5,33,56,106,0.4528301886792453
60,absent,chr5:65761025-65761126,21,5,31,54,101,0.46534653465346537
61,present,chr9:36190440-36190644,41,4,59,80,204,0.4411764705882353
61,absent,chr9:122144940-122145144,41,4,59,80,204,0.44607843137254904
62,present,chr8:8667200-8667404,42,4,95,117,204,0.5441176470588235
62,absent,chr8:55918581-55918785,42,4,95,117,204,0.5392156862745098
63,present,chr9:132412215-132412419,42,4,15,36,204,0.5882352941176471
63,absent,chr9:109455977-109456181,42,4,15,36,204,0.5882352941176471
64,present,chr16:24309842-24310046,41,5,110,135,204,0.49019607843137253
64,absent,chr16:71818029-71818233,41,5,110,135,204,0.49019607843137253
65,present,chr22:22770267-22770471,44,9,65,109,204,0.5735294117647058
65,absent,chr22:42903097-42903301,44,9,65,109,204,0.5735294117647058
66,present,chrX:131068967-131069171,45,5,101,124,204,0.6078431372549019
66,absent,chrX:41334066-41334270,45,5,101,124,204,0.5980392156862745
67,present,chr9:99264206-99264410,44,5,91,112,204,0.5
67,absent,chr9:78130069-78130273,44,5,91,112,204,0.5098039215686274
68,present,chr12:110036699-110036903,41,5,79,103,204,0.46568627450980393
68,absent,chr12:5073138-5073342,41,5,79,103,204,0.46568627450980393
69,present,chr1:54360533-54360737,43,5,68,92,204,0.45588235294117646
69,absent,chr1:84668271-84668475,43,5,68,92,204,0.4362745098039216
70,present,chrX:24025323-24025527,45,5,80,104,204,0.8284313725490197
70,absent,chrX:24149340-24149544,45,5,80,104,204,0.8137254901960784
71,present,chr3:51819828-51820032,41,5,83,106,204,0.5637254901960784
71,absent,chr3:196192016-196192220,41,5,83,106,204,0.553921568627451
72,present,chrX:137166680-137166884,44,6,97,124,204,0.4803921568627451
72,absent,chrX:2233405-2233609,44,6,97,124,204,0.5
73,present,chr9:124014961-124015165,42,4,83,103,204,0.6225490196078431
73,absent,chr9:34991795-34991999,42,4,83,103,204,0.6176470588235294
74,present,chr9:71783147-71783351,41,4,83,104,204,0.5098039215686274
74,absent,chr9:91659916-91660120,41,4,83,104,204,0.5098039215686274
75,present,chr17:30278127-30278331,39,4,96,116,204,0.4117647058823529
75,absent,chr17:59435716-59435920,39,4,96,116,204,0.4215686274509804
76,present,chr2:59182351-59182555,41,4,107,127,204,0.5049019607843137
76,absent,chr2:231721077-231721281,41,4,107,127,204,0.5049019607843137
77,present,chr16:81831838-81832042,43,5,134,158,204,0.5735294117647058
77,absent,chr16:55371126-55371330,43,5,134,158,204,0.5735294117647058
78,present,chr10:95820496-95820700,39,5,86,109,204,0.4362745098039216
78,absent,chr10:61795571-61795775,39,5,86,109,204,0.4411764705882353
79,present,chrX:153649744-153649948,44,10,81,126,204,0.6666666666666666
79,absent,chrX:39162526-39162730,44,10,81,126,204,0.6862745098039216
80,present,chr5:129094119-129094323,41,5,78,102,204,0.5196078431372549
80,absent,chr5:56827169-56827373,41,5,78,102,204,0.5196078431372549
81,present,chr16:27748964-27749168,41,4,94,116,204,0.4852941176470588
81,absent,chr16:50136488-50136692,41,4,94,116,204,0.47058823529411764
82,present,chr7:99838129-99838204,15,5,38,65,75,0.4266666666666667
82,absent,chr7:139602265-139602343,15,5,40,67,78,0.4358974358974359
83,present,chr1:210477608-210477812,42,5,98,124,204,0.45098039215686275
83,absent,chr1:183956744-183956948,42,5,98,124,204,0.45098039215686275
84,present,chr6:159540269-159540473,42,5,80,101,204,0.5735294117647058
84,absent,chr6:27694324-27694528,42,5,80,101,204,0.5784313725490197
85,present,chr1:21814575-21814779,47,6,84,107,204,0.7598039215686274
85,absent,chr1:52366035-52366239,47,6,84,107,204,0.7450980392156863
86,present,chr6:75563115-75563319,41,4,89,111,204,0.49019607843137253
86,absent,chr6:100228817-100229021,41,4,89,111,204,0.4950980392156863
87,present,chr9:95726847-95727051,43,6,94,119,204,0.4166666666666667
87,absent,chr9:37836433-37836637,43,6,94,119,204,0.4264705882352941
88,present,chr2:174522649-174522853,41,5,77,105,204,0.35294117647058826
88,absent,chr2:137051097-137051301,41,5,77,105,204,0.3480392156862745
89,present,chr19:11321736-11321940,40,5,69,93,204,0.5098039215686274
89,absent,chr19:32690103-32690307,40,5,69,93,204,0.5
90,present,chr2:148538446-148538650,38,4,107,127,204,0.4950980392156863
90,absent,chr2:26982443-26982647,38,4,107,127,204,0.4950980392156863
91,present,chr12:6367743-6367947,41,5,74,99,204,0.47549019607843135
91,absent,chr12:102740253-102740457,41,5,74,99,204,0.47058823529411764
92,present,chr3:80559808-80560012,44,7,84,117,204,0.47058823529411764
92,absent,chr3:41997981-41998185,44,7,84,117,204,0.46078431372549017
93,present,chr3:852159-852363,40,4,82,104,204,0.45588235294117646
93,absent,chr3:112649032-112649236,40,4,82,104,204,0.45588235294117646
94,present,chr20:407290-407494,42,9,85,127,204,0.5343137254901961
94,absent,chr20:62026107-62026311,42,9,85,127,204,0.5245098039215687
95,present,chr1:154858942-154859146,42,5,66,89,204,0.6176470588235294
95,absent,chr1:147080910-147081114,42,5,66,89,204,0.6323529411764706
96,present,chr17:1716089-1716293,45,5,61,81,204,0.7156862745098039
96,absent,chr17:2041624-2041828,45,5,61,81,204,0.7156862745098039
97,present,chr5:133421504-133421708,43,6,91,115,204,0.5441176470588235
97,absent,chr5:168339281-168339485,43,6,91,115,204,0.5343137254901961
98,present,chr1:204692341-204692545,42,5,136,164,204,0.4362745098039216
98,absent,chr1:118305035-118305239,42,5,136,164,204,0.45098039215686275
99,present,chr4:40976413-40976472,12,4,9,32,59,0.423728813559322
99,absent,chr4:162169146-162169208,12,4,9,32,62,0.41935483870967744
100,present,chr19:45200752-45200956,40,5,102,125,204,0.4950980392156863
100,absent,chr19:33947672-33947876,40,5,102,125,204,0.47549019607843135
101,present,chr3:118636950-118637154,39,4,79,100,204,0.4803921568627451
101,absent,chr3:136179135-136179339,39,4,79,100,204,0.4803921568627451
102,present,chr12:77736668-77736872,40,4,94,113,204,0.4362745098039216
102,absent,chr12:83262097-83262301,40,4,94,113,204,0.4215686274509804
103,present,chr1:63915227-63915431,41,4,87,108,204,0.49019607843137253
103,absent,chr1:63064188-63064392,41,4,87,108,204,0.49019607843137253
104,present,chr16:27229279-27229483,45,5,84,105,204,0.5980392156862745
104,absent,chr16:88060925-88061129,45,5,84,105,204,0.5931372549019608
105,present,chr2:103594956-103595160,41,5,52,75,204,0.5392156862745098
105,absent,chr2:87466764-87466968,41,5,52,75,204,0.5343137254901961
106,present,chr17:20646722-20646926,43,4,106,127,204,0.5245098039215687
106,absent,chr17:67390641-67390845,43,4,106,127,204,0.5245098039215687
107,present,chr17:68185656-68185860,41,5,81,106,204,0.46568627450980393
107,absent,chr17:78019135-78019339,41,5,81,106,204,0.47058823529411764
108,present,chr9:126386185-126386389,41,5,82,107,204,0.5637254901960784
108,absent,chr9:98241780-98241984,41,5,82,107,204,0.5441176470588235
109,present,chr11:119100339-119100543,41,5,93,117,204,0.47549019607843135
109,absent,chr11:95296894-95297098,41,5,93,117,204,0.47549019607843135
110,present,chr5:44603962-44604166,40,4,0,23,204,0.5294117647058824
110,absent,chr5:43401909-43402113,40,4,0,23,204,0.5294117647058824
111,present,chr7:16604157-16604361,42,4,78,97,204,0.37745098039215685
111,absent,chr7:114663612-114663816,42,4,78,97,204,0.38235294117647056
112,present,chr1:151190062-151190266,47,5,76,98,204,0.6470588235294118
112,absent,chr1:180502816-180503020,47,5,76,98,204,0.6323529411764706
113,present,chr3:32154247-32154451,44,5,95,117,204,0.5294117647058824
113,absent,chr3:14431130-14431334,44,5,95,117,204,0.5294117647058824
114,present,chr3:71926331-71926402,16,5,47,70,71,0.5211267605633803
114,absent,chr3:15557751-15557821,16,5,46,69,70,0.5285714285714286
115,present,chr5:81207104-81207308,43,5,92,115,204,0.5
115,absent,chr5:125835670-125835874,43,5,92,115,204,0.5
116,present,chr7:100545788-100545992,41,5,40,64,204,0.5147058823529411
116,absent,chr7:109529729-109529933,41,5,40,64,204,0.5147058823529411
117,present,chr2:45014140-45014344,44,5,91,113,204,0.75
117,absent,chr2:65435776-65435980,44,5,91,113,204,0.7352941176470589
118,present,chr8:135567906-135568110,44,5,83,105,204,0.47549019607843135
118,absent,chr8:33545784-33545988,44,5,83,105,204,0.46568627450980393
119,present,chr2:131516627-131516831,42,5,103,130,204,0.6323529411764706
119,absent,chr2:131831998-131832202,42,5,103,130,204,0.6421568627450981
120,present,chr6:110618929-110619133,44,5,104,127,204,0.45098039215686275
120,absent,chr6:26104114-26104318,44,5,104,127,204,0.47058823529411764
121,present,chr11:22152840-22153044,41,5,81,108,204,0.39705882352941174
121,absent,chr11:62061450-62061654,41,5,81,108,204,0.3872549019607843
122,present,chr5:36459622-36459826,44,5,42,64,204,0.4852941176470588
122,absent,chr5:58813328-58813532,44,5,42,64,204,0.4950980392156863
123,present,chr4:69317996-69318200,39,5,96,119,204,0.39705882352941174
123,absent,chr4:109298725-109298929,39,5,96,119,204,0.4019607843137255
124,present,chr18:52348313-52348517,40,4,97,119,204,0.47058823529411764
124,absent,chr18:58534886-58535090,40,4,97,119,204,0.47058823529411764
125,present,chr22:38180839-38181043,41,5,136,161,204,0.5147058823529411
125,absent,chr22:19073867-19074071,41,5,136,161,204,0.5245098039215687
126,present,chr18:27750132-27750336,42,5,102,127,204,0.47549019607843135
126,absent,chr18:56995651-56995855,42,5,102,127,204,0.47058823529411764
127,present,chr16:19493981-19494185,41,5,6,33,204,0.45098039215686275
127,absent,chr16:71552822-71553026,41,5,6,33,204,0.46568627450980393
128,present,chr1:117340079-117340283,40,4,108,130,204,0.46568627450980393
128,absent,chr1:35221089-35221293,40,4,108,130,204,0.46568627450980393
129,present,chr2:12032484-12032688,42,5,76,99,204,0.46078431372549017
129,absent,chr2:150548639-150548843,42,5,76,99,204,0.45588235294117646
130,present,chr1:17826183-17826387,44,5,93,116,204,0.6421568627450981
130,absent,chr1:201017346-201017550,44,5,93,116,204,0.6372549019607843
131,present,chr3:54870399-54870603,40,4,110,132,204,0.4264705882352941
131,absent,chr3:123876968-123877172,40,4,110,132,204,0.4166666666666667
132,present,chr15:83565651-83565855,42,5,106,132,204,0.43137254901960786
132,absent,chr15:52104828-52105032,42,5,106,132,204,0.4264705882352941
133,present,chr5:171365438-171365642,41,4,88,107,204,0.47058823529411764
133,absent,chr5:69023190-69023394,41,4,88,107,204,0.47549019607843135
134,present,chr17:33377902-33378106,39,4,124,147,204,0.5196078431372549
134,absent,chr17:28366700-28366904,39,4,124,147,204,0.5098039215686274
135,present,chr14:78029564-78029768,42,5,91,115,204,0.5980392156862745
135,absent,chr14:104150574-104150778,42,5,91,115,204,0.5980392156862745
136,present,chr3:44992714-44992816,23,6,46,69,102,0.5392156862745098
136,absent,chr3:101693712-101693819,23,6,48,71,107,0.5514018691588785
137,present,chr10:49164685-49164832,32,5,69,91,147,0.54421768707483
137,absent,chr10:119199513-119199664,32,5,71,93,151,0.5298013245033113
138,present,chr17:66451564-66451768,42,6,92,120,204,0.5441176470588235
138,absent,chr17:38671780-38671984,42,6,92,120,204,0.5392156862745098
139,present,chr1:46248191-46248395,44,4,110,130,204,0.5196078431372549
139,absent,chr1:23958954-23959158,44,4,110,130,204,0.5343137254901961
140,present,chr1:88079124-88079328,40,5,95,117,204,0.44607843137254904
140,absent,chr1:70112934-70113138,40,5,95,117,204,0.44607843137254904
141,present,chr2:63300990-63301194,40,5,93,115,204,0.5
141,absent,chr2:67650872-67651076,40,5,93,115,204,0.5
142,present,chr13:31825239-31825443,41,5,82,106,204,0.4117647058823529
142,absent,chr13:33312225-33312429,41,5,82,106,204,0.4019607843137255
143,present,chr17:16689962-16690166,44,5,50,73,204,0.6372549019607843
143,absent,chr17:50534353-50534557,44,5,50,73,204,0.6519607843137255
144,present,chr6:43495441-43495645,43,5,79,102,204,0.5392156862745098
144,absent,chr6:85450581-85450785,43,5,79,102,204,0.5490196078431373
145,present,chr15:77785006-77785210,42,5,100,123,204,0.5441176470588235
145,absent,chr15:65435824-65436028,42,5,100,123,204,0.5490196078431373
146,present,chr6:33725527-33725731,41,5,130,155,204,0.5245098039215687
146,absent,chr6:157563795-157563999,41,5,130,155,204,0.5294117647058824
147,present,chr16:31711294-31711498,43,6,69,95,204,0.6078431372549019
147,absent,chr16:29805233-29805437,43,6,69,95,204,0.6029411764705882
148,present,chr1:183306664-183306868,40,5,84,109,204,0.45098039215686275
148,absent,chr1:210696737-210696941,40,5,84,109,204,0.44607843137254904
149,present,chr8:81280266-81280470,47,5,73,96,204,0.7696078431372549
149,absent,chr8:143733343-143733547,47,5,73,96,204,0.7892156862745098
150,present,chr9:71490905-71491109,44,4,97,116,204,0.4362745098039216
150,absent,chr9:117869393-117869597,44,4,97,116,204,0.44607843137254904
151,present,chr6:68400485-68400689,40,4,82,102,204,0.4852941176470588
151,absent,chr6:15445056-15445260,40,4,82,102,204,0.4803921568627451
152,present,chr5:177507322-177507526,41,4,18,39,204,0.4852941176470588
152,absent,chr5:91439010-91439214,41,4,18,39,204,0.4852941176470588
153,present,chr20:25297916-25298120,43,4,126,145,204,0.5343137254901961
153,absent,chr20:38875381-38875585,43,4,126,145,204,0.5392156862745098
154,present,chr15:91968678-91968882,43,5,120,146,204,0.5686274509803921
154,absent,chr15:78914052-78914256,43,5,120,146,204,0.5686274509803921
155,present,chr15:62306982-62307186,41,5,105,130,204,0.5049019607843137
155,absent,chr15:94287819-94288023,41,5,105,130,204,0.5098039215686274
156,present,chr5:87541130-87541334,38,5,79,105,204,0.4264705882352941
156,absent,chr5:139969652-139969856,38,5,79,105,204,0.44607843137254904
157,present,chr11:125626411-125626615,43,5,92,113,204,0.5
157,absent,chr11:116840385-116840589,43,5,92,113,204,0.5
158,present,chr4:165425745-165425949,40,4,83,103,204,0.4852941176470588
158,absent,chr4:186132983-186133187,40,4,83,103,204,0.4950980392156863
159,present,chr18:48419682-48419886,42,5,119,143,204,0.5147058823529411
159,absent,chr18:8450015-8450219,42,5,119,143,204,0.5147058823529411
160,present,chr5:73633246-73633450,38,4,44,68,204,0.5294117647058824
160,absent,chr5:135830514-135830718,38,4,44,68,204,0.5196078431372549
161,present,chr2:181738132-181738336,40,5,98,122,204,0.4068627450980392
161,absent,chr2:65017503-65017707,40,5,98,122,204,0.4166666666666667
162,present,chr9:95268865-95269069,41,5,80,103,204,0.46568627450980393
162,absent,chr9:4967096-4967300,41,5,80,103,204,0.46078431372549017
163,present,chr17:11880806-11881010,43,4,109,130,204,0.45098039215686275
163,absent,chr17:76299094-76299298,43,4,109,130,204,0.44607843137254904
164,present,chr13:41554765-41554969,42,5,105,128,204,0.5049019607843137
164,absent,chr13:81957222-81957426,42,5,105,128,204,0.5049019607843137
165,present,chr8:140437736-140437940,43,6,86,113,204,0.5686274509803921
165,absent,chr8:133568840-133569044,43,6,86,113,204,0.5637254901960784
166,present,chr19:29259293-29259497,43,5,80,101,204,0.5637254901960784
166,absent,chr19:11597212-11597416,43,5,80,101,204,0.553921568627451
167,present,chr16:7268205-7268409,40,4,97,116,204,0.4803921568627451
167,absent,chr16:57299997-57300201,40,4,97,116,204,0.4950980392156863
168,present,chr1:207713735-207713939,45,5,80,102,204,0.5686274509803921
168,absent,chr1:92785411-92785615,45,5,80,102,204,0.5637254901960784
169,present,chr20:57473703-57473907,41,5,79,102,204,0.5049019607843137
169,absent,chr20:18904746-18904950,41,5,79,102,204,0.4950980392156863
170,present,chr19:42034842-42035007,33,5,55,83,165,0.503030303030303
170,absent,chr19:16062820-16062986,33,5,55,83,166,0.5
171,present,chr12:40375202-40375406,40,5,62,86,204,0.4019607843137255
171,absent,chr12:106790114-106790318,40,5,62,86,204,0.39215686274509803
172,present,chr14:68689142-68689346,41,5,96,118,204,0.5049019607843137
172,absent,chr14:61753610-61753814,41,5,96,118,204,0.5049019607843137
173,present,chr17:10398423-10398627,42,4,106,125,204,0.5931372549019608
173,absent,chr17:79203125-79203329,42,4,106,125,204,0.5931372549019608
174,present,chr7:8277475-8277679,41,4,92,113,204,0.4215686274509804
174,absent,chr7:100208930-100209134,41,4,92,113,204,0.43137254901960786
175,present,chr1:59879649-59879853,38,5,87,111,204,0.46078431372549017
175,absent,chr1:160124716-160124920,38,5,87,111,204,0.45588235294117646
176,present,chr7:3200596-3200800,42,4,94,113,204,0.4950980392156863
176,absent,chr7:117792035-117792239,42,4,94,113,204,0.5
177,present,chr15:67906474-67906678,42,4,103,123,204,0.46078431372549017
177,absent,chr15:89090848-89091052,42,4,103,123,204,0.45098039215686275
178,present,chr11:8794894-8795098,40,4,90,111,204,0.5
178,absent,chr11:66126797-66127001,40,4,90,111,204,0.5049019607843137
179,present,chr3:54999337-54999541,42,5,52,76,204,0.4019607843137255
179,absent,chr3:122112852-122113056,42,5,52,76,204,0.4019607843137255
180,present,chr5:176570177-176570381,42,5,68,91,204,0.4117647058823529
180,absent,chr5:94893867-94894071,42,5,68,91,204,0.4019607843137255
181,present,chr5:115374146-115374350,41,4,92,115,204,0.5294117647058824
181,absent,chr5:43110885-43111089,41,4,92,115,204,0.5245098039215687
182,present,chr2:129813498-129813702,40,5,89,114,204,0.45098039215686275
182,absent,chr2:134262818-134263022,40,5,89,114,204,0.45098039215686275
183,present,chr18:56358677-56358881,40,4,111,132,204,0.45098039215686275
183,absent,chr18:65753641-65753845,40,4,111,132,204,0.47058823529411764
184,present,chr12:52244323-52244527,45,4,78,97,204,0.6372549019607843
184,absent,chr12:49366670-49366874,45,4,78,97,204,0.6372549019607843
185,present,chr3:38040039-38040243,41,5,83,107,204,0.5392156862745098
185,absent,chr3:122233177-122233381,41,5,83,107,204,0.5392156862745098
186,present,chr1:2529012-2529216,42,6,96,124,204,0.6029411764705882
186,absent,chr1:5949543-5949747,42,6,96,124,204,0.6176470588235294
187,present,chr2:3827733-3827937,40,5,86,110,204,0.4019607843137255
187,absent,chr2:98487978-98488182,40,5,86,110,204,0.4019607843137255
188,present,chr17:48636577-48636715,30,5,46,68,138,0.6739130434782609
188,absent,chr17:63827617-63827760,30,5,48,70,143,0.6573426573426573
189,present,chr10:120598522-120598726,43,5,44,68,204,0.5784313725490197
189,absent,chr10:79245384-79245588,43,5,44,68,204,0.5833333333333334
190,present,chr7:21412529-21412733,41,4,103,124,204,0.4166666666666667
190,absent,chr7:78134390-78134594,41,4,103,124,204,0.4117647058823529
191,present,chr3:124492853-124493057,39,4,113,136,204,0.5294117647058824
191,absent,chr3:62233177-62233381,39,4,113,136,204,0.5343137254901961
192,present,chr7:99274229-99274433,41,4,83,103,204,0.6078431372549019
192,absent,chr7:39609795-39609999,41,4,83,103,204,0.6029411764705882
193,present,chr7:122803441-122803645,41,5,116,140,204,0.4117647058823529
193,absent,chr7:133855205-133855409,41,5,116,140,204,0.4215686274509804
194,present,chr19:52351624-52351828,40,4,75,95,204,0.553921568627451
194,absent,chr19:14467892-14468096,40,4,75,95,204,0.5686274509803921
195,present,chr7:139505700-139505904,42,6,75,104,204,0.5490196078431373
195,absent,chr7:101031192-101031396,42,6,75,104,204,0.553921568627451
196,present,chr2:200578908-200579112,40,4,98,121,204,0.4264705882352941
196,absent,chr2:141311450-141311654,40,4,98,121,204,0.4264705882352941
197,present,chr3:183480429-183480633,38,4,104,125,204,0.4215686274509804
197,absent,chr3:55583104-55583308,38,4,104,125,204,0.4215686274509804
198,present,chr3:186529386-186529590,41,5,109,133,204,0.4950980392156863
198,absent,chr3:139564374-139564578,41,5,109,133,204,0.4950980392156863
199,present,chr13:45925265-45925469,39,5,84,109,204,0.44607843137254904
199,absent,chr13:44574269-44574473,39,5,84,109,204,0.45588235294117646
200,present,chr5:77437304-77437508,39,4,88,110,204,0.4362745098039216
200,absent,chr5:148457378-148457582,39,4,88,110,204,0.4411764705882353
201,present,chr2:114551465-114551531,14,6,33,62,66,0.45454545454545453
201,absent,chr2:225665484-225665548,14,6,32,61,64,0.46875
202,present,chr22:24835308-24835512,41,4,61,82,204,0.49019607843137253
202,absent,chr22:22109928-22110132,41,4,61,82,204,0.47549019607843135
203,present,chr12:106303545-106303749,41,5,76,101,204,0.46078431372549017
203,absent,chr12:58804853-58805057,41,5,76,101,204,0.46078431372549017
204,present,chrX:41558600-41558804,42,5,86,111,204,0.3431372549019608
204,absent,chrX:147838557-147838761,42,5,86,111,204,0.3235294117647059
205,present,chr1:93850803-93851007,43,5,120,144,204,0.5686274509803921
205,absent,chr1:161159121-161159325,43,5,120,144,204,0.5735294117647058
206,present,chr14:54903217-54903421,41,5,110,136,204,0.5196078431372549
206,absent,chr14:68718440-68718644,41,5,110,136,204,0.5245098039215687
207,present,chr12:45269196-45269400,41,4,96,117,204,0.4166666666666667
207,absent,chr12:41663599-41663803,41,4,96,117,204,0.4215686274509804
208,present,chr3:141845498-141845702,40,4,100,120,204,0.5441176470588235
208,absent,chr3:112111528-112111732,40,4,100,120,204,0.5441176470588235
209,present,chr7:96876313-96876517,40,4,95,115,204,0.45588235294117646
209,absent,chr7:102917735-102917939,40,4,95,115,204,0.46078431372549017
210,present,chr8:86609220-86609424,38,5,83,110,204,0.39705882352941174
210,absent,chr8:94473216-94473420,38,5,83,110,204,0.39705882352941174
211,present,chr19:35514049-35514253,44,6,97,125,204,0.6127450980392157
211,absent,chr19:17135474-17135678,44,6,97,125,204,0.6029411764705882
212,present,chr6:82374673-82374877,40,4,76,97,204,0.4852941176470588
212,absent,chr6:140427911-140428115,40,4,76,97,204,0.49019607843137253
213,present,chr14:73827266-73827470,40,4,76,97,204,0.44607843137254904
213,absent,chr14:80977392-80977596,40,4,76,97,204,0.43137254901960786
214,present,chr2:96264954-96265059,21,4,38,57,105,0.5238095238095238
214,absent,chr2:74267188-74267288,21,4,36,55,100,0.54
215,present,chr2:96359407-96359611,43,4,35,56,204,0.5196078431372549
215,absent,chr2:30336104-30336308,43,4,35,56,204,0.5196078431372549
216,present,chr3:104392449-104392653,41,5,72,95,204,0.4019607843137255
216,absent,chr3:156761781-156761985,41,5,72,95,204,0.39705882352941174
217,present,chr1:202926761-202926965,42,7,101,130,204,0.5735294117647058
217,absent,chr1:208541607-208541811,42,7,101,130,204,0.5637254901960784
218,present,chr17:14785079-14785283,45,5,103,127,204,0.5735294117647058
218,absent,chr17:82424298-82424502,45,5,103,127,204,0.5686274509803921
219,present,chr5:134225473-134225677,45,6,106,131,204,0.7352941176470589
219,absent,chr5:74685224-74685428,45,6,106,131,204,0.7549019607843137
220,present,chr1:59718148-59718352,41,4,99,119,204,0.3627450980392157
220,absent,chr1:192546331-192546535,41,4,99,119,204,0.3627450980392157
221,present,chr13:81540884-81541088,41,5,79,102,204,0.3431372549019608
221,absent,chr13:74883933-74884137,41,5,79,102,204,0.35784313725490197
222,present,chr2:172674774-172674978,42,6,87,111,204,0.6372549019607843
222,absent,chr2:64750714-64750918,42,6,87,111,204,0.6470588235294118
223,present,chr6:161152988-161153192,44,5,97,123,204,0.6225490196078431
223,absent,chr6:4135278-4135482,44,5,97,123,204,0.6176470588235294
224,present,chr12:51262753-51262957,40,5,113,136,204,0.5343137254901961
224,absent,chr12:55827291-55827495,40,5,113,136,204,0.5490196078431373
225,present,chr14:97177105-97177309,40,4,93,115,204,0.46568627450980393
225,absent,chr14:58827400-58827604,40,4,93,115,204,0.46078431372549017
226,present,chr3:58352026-58352230,44,5,80,103,204,0.5441176470588235
226,absent,chr3:196988260-196988464,44,5,80,103,204,0.5490196078431373
227,present,chr1:20216785-20216881,20,5,27,52,96,0.4583333333333333
227,absent,chr1:48203450-48203551,20,5,28,53,101,0.4752475247524752
228,present,chr1:169466351-169466555,40,4,97,117,204,0.38235294117647056
228,absent,chr1:106957886-106958090,40,4,97,117,204,0.3872549019607843
229,present,chr2:151777598-151777802,42,5,71,97,204,0.4117647058823529
229,absent,chr2:127027831-127028035,42,5,71,97,204,0.4117647058823529
230,present,chr1:156907277-156907481,45,5,127,152,204,0.5980392156862745
230,absent,chr1:181088655-181088859,45,5,127,152,204,0.5980392156862745
231,present,chr6:63121291-63121495,40,4,66,86,204,0.4803921568627451
231,absent,chr6:89820310-89820514,40,4,66,86,204,0.4803921568627451
232,present,chr14:97185270-97185474,40,5,90,113,204,0.49019607843137253
232,absent,chr14:102780017-102780221,40,5,90,113,204,0.49019607843137253
233,present,chr1:89525370-89525574,44,6,64,93,204,0.5735294117647058
233,absent,chr1:84689809-84690013,44,6,64,93,204,0.5637254901960784
234,present,chr11:73218432-73218636,44,5,87,108,204,0.7107843137254902
234,absent,chr11:1764197-1764401,44,5,87,108,204,0.7205882352941176
235,present,chr10:11707263-11707467,42,4,107,127,204,0.4362745098039216
235,absent,chr10:6701433-6701637,42,4,107,127,204,0.4411764705882353
236,present,chr14:78154940-78155144,41,5,73,97,204,0.5392156862745098
236,absent,chr14:97106155-97106359,41,5,73,97,204,0.5343137254901961
237,present,chr4:107050625-107050829,39,5,88,111,204,0.43137254901960786
237,absent,chr4:159297170-159297374,39,5,88,111,204,0.4264705882352941
238,present,chr2:127157788-127157992,41,4,67,89,204,0.5931372549019608
238,absent,chr2:73987565-73987769,41,4,67,89,204,0.6029411764705882
239,present,chr11:44598093-44598297,41,5,81,107,204,0.5098039215686274
239,absent,chr11:115585438-115585642,41,5,81,107,204,0.49019607843137253
240,present,chr11:112086590-112086794,45,9,61,100,204,0.6421568627450981
240,absent,chr11:67483277-67483481,45,9,61,100,204,0.6519607843137255
241,present,chr11:5369969-5370173,40,4,89,111,204,0.4019607843137255
241,absent,chr11:46522454-46522658,40,4,89,111,204,0.39705882352941174
242,present,chr4:701067-701271,41,8,102,141,204,0.4950980392156863
242,absent,chr4:11634350-11634554,41,8,102,141,204,0.4950980392156863
243,present,chr19:12658015-12658219,45,10,97,141,204,0.6715686274509803
243,absent,chr19:58408211-58408415,45,10,97,141,204,0.6715686274509803
244,present,chr1:47709599-47709803,45,5,20,41,204,0.7254901960784313
244,absent,chr1:6209269-6209473,45,5,20,41,204,0.7450980392156863
245,present,chr2:241063605-241063809,42,5,96,125,204,0.6470588235294118
245,absent,chr2:95207500-95207704,42,5,96,125,204,0.6568627450980392
246,present,chr10:69786872-69787076,41,6,83,109,204,0.46568627450980393
246,absent,chr10:109852860-109853064,41,6,83,109,204,0.45588235294117646
247,present,chr1:6052966-6053170,41,5,125,148,204,0.46568627450980393
247,absent,chr1:54054486-54054690,41,5,125,148,204,0.46568627450980393
248,present,chr1:48916595-48916799,40,5,122,148,204,0.45588235294117646
248,absent,chr1:105909903-105910107,40,5,122,148,204,0.46078431372549017
249,present,chr6:166435570-166435774,45,4,85,106,204,0.5784313725490197
249,absent,chr6:26196877-26197081,45,4,85,106,204,0.5833333333333334
250,present,chr2:234135769-234135899,27,5,64,85,130,0.5153846153846153
250,absent,chr2:30239398-30239530,27,5,65,86,132,0.5303030303030303
251,present,chr1:152777624-152777828,42,6,102,129,204,0.5196078431372549
251,absent,chr1:167060601-167060805,42,6,102,129,204,0.5147058823529411
252,present,chr14:53613891-53614095,40,4,59,80,204,0.5
252,absent,chr14:51242642-51242846,40,4,59,80,204,0.5049019607843137
253,present,chr18:2223978-2224182,42,4,93,114,204,0.3872549019607843
253,absent,chr18:74552386-74552590,42,4,93,114,204,0.39215686274509803
254,present,chr10:24552463-24552667,44,4,0,20,204,0.6617647058823529
254,absent,chr10:17617457-17617661,44,4,0,20,204,0.6813725490196079
255,present,chr2:201795958-201796162,40,4,107,126,204,0.49019607843137253
255,absent,chr2:16630542-16630746,40,4,107,126,204,0.4950980392156863
