source_row,sham_index,distance_bp,gc_difference,common_query_count,outside_motif,edit_width,query_side,geometry16,geometry32,geometry64,gc,motif_locations,motif_score,full_sham_offsets,query_identity,original,local_only,local_no_width,local_geometry32,local_geometry64
1,89,12,0.09090909090909094,8,True,True,True,True,True,True,False,True,True,True,True,False,False,False,False,False
1,96,5,0.030303030303030276,9,True,False,True,True,True,True,True,True,True,True,True,False,False,True,True,True
1,136,35,0.12121212121212122,5,True,True,True,False,False,True,False,True,True,False,True,False,False,False,False,False
1,151,50,0.06060606060606066,5,True,True,True,False,False,True,False,True,True,True,True,False,False,False,False,False
2,44,57,0.06060606060606066,3,True,False,True,False,False,True,False,True,True,False,True,False,False,False,False,False
2,51,50,0.09090909090909094,3,True,False,True,False,False,True,False,True,True,True,True,False,False,False,False,False
2,129,28,0.030303030303030276,5,True,True,True,False,True,True,True,True,True,True,True,False,False,False,True,True
3,56,45,0.030303030303030276,2,True,False,True,False,False,True,True,True,True,True,True,False,False,False,False,True
3,87,14,0.0,7,True,True,True,True,True,True,True,True,True,True,True,False,True,True,True,True
3,135,34,0.06060606060606066,7,False,False,True,False,False,True,False,False,True,False,True,False,False,False,False,False
3,153,52,0.12121212121212122,7,True,False,True,False,False,True,False,True,True,True,True,False,False,False,False,False
4,84,17,0.030303030303030387,10,True,False,True,False,True,True,True,True,True,True,True,False,False,False,True,True
5,44,57,0.09090909090909088,4,True,True,True,False,False,True,False,True,True,False,True,False,False,False,False,False
6,83,18,0.0,9,True,True,True,False,True,True,True,True,True,True,True,False,False,False,True,True
6,119,18,0.06060606060606066,9,True,False,True,False,True,True,False,True,True,True,True,False,False,False,False,False
7,66,35,0.09090909090909094,3,True,False,True,False,False,True,False,True,True,True,True,False,False,False,False,False
7,71,30,0.06060606060606066,4,True,True,True,False,True,True,False,True,True,True,True,False,False,False,False,False
7,113,12,0.06060606060606066,8,False,True,True,True,True,True,False,True,False,True,True,False,False,False,False,False
7,116,15,0.09090909090909094,8,True,True,True,True,True,True,False,True,True,True,True,False,False,False,False,False
8,42,59,0.18181818181818182,5,True,False,True,False,False,True,False,True,True,True,True,False,False,False,False,False
8,102,1,0.030303030303030276,10,False,True,True,True,True,True,True,True,False,False,True,False,False,False,False,False
8,103,2,0.030303030303030276,10,False,True,True,True,True,True,True,False,False,True,True,False,False,False,False,False
9,37,64,0.030303030303030276,2,True,False,True,False,False,True,True,True,True,False,True,False,False,False,False,True
9,41,60,0.0,2,True,False,True,False,False,True,True,True,True,False,True,False,False,False,False,True
9,59,42,0.1515151515151515,2,True,True,True,False,False,True,False,True,True,True,True,False,False,False,False,False
9,146,45,0.030303030303030276,6,False,True,True,False,False,True,True,True,True,False,True,False,False,False,False,False
9,165,64,0.030303030303030276,6,True,False,True,False,False,True,True,True,True,False,True,False,False,False,False,True
10,144,43,0.09090909090909083,4,True,False,True,False,False,True,False,True,True,False,True,False,False,False,False,False
10,155,54,0.24242424242424238,4,True,False,True,False,False,True,False,True,True,False,True,False,False,False,False,False
11,70,31,0.12121212121212122,2,True,True,True,False,True,True,False,True,True,True,True,False,False,False,False,False
11,97,4,0.030303030303030276,6,False,False,True,True,True,True,True,True,False,False,True,False,False,False,False,False
11,132,31,0.06060606060606066,4,False,False,True,False,True,True,False,True,True,False,True,False,False,False,False,False
12,133,32,0.12121212121212122,5,True,True,True,False,True,True,False,True,True,True,True,False,False,False,False,False
13,49,52,0.06060606060606061,5,True,False,True,False,False,True,False,True,True,True,True,False,False,False,False,False
13,133,32,0.12121212121212127,5,True,True,True,False,True,True,False,True,True,True,True,False,False,False,False,False
13,161,60,0.03030303030303033,5,True,False,True,False,False,True,True,True,True,False,True,False,False,False,False,True
14,65,36,0.1515151515151515,4,True,True,True,False,False,True,False,True,True,True,True,False,False,False,False,False
14,72,29,0.12121212121212122,5,True,False,True,False,True,True,False,True,True,False,True,False,False,False,False,False
14,80,21,0.06060606060606066,6,False,True,True,False,True,True,False,False,True,True,True,False,False,False,False,False
14,86,15,0.09090909090909094,6,False,False,True,True,True,True,False,True,True,True,True,False,False,False,False,False
14,118,17,0.0,5,True,False,True,False,True,True,True,True,True,True,True,False,False,False,True,True
14,123,22,0.09090909090909088,3,True,False,True,False,True,True,False,True,True,False,True,False,False,False,False,False
14,140,39,0.18181818181818182,2,True,False,True,False,False,True,False,True,True,False,True,False,False,False,False,False
14,152,51,0.09090909090909088,2,True,True,True,False,False,True,False,True,True,True,True,False,False,False,False,False
14,157,56,0.06060606060606061,2,True,True,True,False,False,True,False,True,True,True,True,False,False,False,False,False
15,137,36,0.030303030303030276,6,True,False,True,False,False,True,True,True,True,False,True,False,False,False,False,True
