partition,label,motif_present,count,mean_gc,mean_dnase_signal
test,0,False,95,0.5433436532507739,35.50526315789474
test,0,True,33,0.5757575757575758,39.303030303030305
test,1,False,15,0.5794117647058823,69.26666666666667
test,1,True,113,0.5476748221412459,31.893805309734514
train,0,False,405,0.5173323650447833,42.380246913580244
train,0,True,107,0.597306212204508,43.271028037383175
train,1,False,82,0.5961860353897657,74.54878048780488
train,1,True,430,0.5222640218878248,36.58837209302325
validation,0,False,101,0.574403028538148,51.851485148514854
validation,0,True,27,0.5871459694989106,45.148148148148145
validation,1,False,26,0.6317873303167422,76.38461538461539
validation,1,True,102,0.5643502499038832,43.8921568627451
