variant_id,exp_snp_id,experiment,alignment,cell_type,ref_readcount,alt_readcount,bad,EXP,ALIGN,TF_UNIPROT_AC,TF_UNIPROT_ID,GTRD_CELL_TYPE_ID,GTRD_CELL_TYPE_NAME,BAD_GROUP_ID,BAD_GROUP_NAME,ENCODE,GEO_GSE,IS_CONTROL
chr4:132227817:C>G,5574457,EXP040275,ALIGNS045353,H929 (plasma cell myeloma),31,5,1,EXP040275,ALIGNS045353,P49711,CTCF_HUMAN,394,H929 (plasma cell myeloma),2165,H929__plasma_cell_myeloma_@_labs_bradley-bernstein___biosamples_ENCBS571AQH_,ENCSR634OAQ,None,False
chr4:132227817:C>G,11803294,EXP040101,ALIGNS045179,RWPE1 (prostate epithelial cells),33,7,1,EXP040101,ALIGNS045179,P49711,CTCF_HUMAN,781,RWPE1 (prostate epithelial cells),2105,RWPE1__prostate_epithelial_cells_@_labs_michael-snyder___biosamples_ENCBS875FPF_,ENCSR303GFI,None,False
chr4:132227817:C>G,5510581,EXP054517,ALIGNS059093,GM12891 (male B- cells lymphoblastoid cell line),65,29,3/2,EXP054517,ALIGNS059093,P49711,CTCF_HUMAN,357,GM12891 (male B- cells lymphoblastoid cell line),3228,GM12891__male_B-_cells_lymphoblastoid_cell_line_@GSE50893,None,GSE50893,False
chr4:132227817:C>G,4170084,EXP054511,ALIGNS059087,GM10847 (female B-cells Lymphoblastoid Cell Lines),6,14,1,EXP054511,ALIGNS059087,P49711,CTCF_HUMAN,339,GM10847 (female B-cells Lymphoblastoid Cell Lines),3225,GM10847__female_B-cells_Lymphoblastoid_Cell_Lines_@GSE50893,None,GSE50893,False
chr4:132227817:C>G,5097735,EXP051029,ALIGNS053963,GM12878 (female B-cells lymphoblastoid cell line),12,10,1,EXP051029,ALIGNS053963,P49711,CTCF_HUMAN,356,GM12878 (female B-cells lymphoblastoid cell line),2803,GM12878__female_B-cells_lymphoblastoid_cell_line_@GSE76922,None,GSE76922,False
chr4:132227817:C>G,5097736,EXP054513,ALIGNS059089,GM12878 (female B-cells lymphoblastoid cell line),35,44,1,EXP054513,ALIGNS059089,P49711,CTCF_HUMAN,356,GM12878 (female B-cells lymphoblastoid cell line),3226,GM12878__female_B-cells_lymphoblastoid_cell_line_@GSE50893,None,GSE50893,False
chr4:132227817:C>G,5541362,EXP054529,ALIGNS059105,GM19099 (female B-cells Lymphoblastoid Cell Lines),7,21,1,EXP054529,ALIGNS059105,P49711,CTCF_HUMAN,365,GM19099 (female B-cells Lymphoblastoid Cell Lines),3234,GM19099__female_B-cells_Lymphoblastoid_Cell_Lines_@GSE50893,None,GSE50893,False
chr4:132227817:C>G,5571296,EXP040259,ALIGNS045337,GM23338,5,16,1,EXP040259,ALIGNS045337,P49711,CTCF_HUMAN,1184,GM23338,2166,GM23338@_labs_bradley-bernstein___biosamples_ENCBS368AAA_,ENCSR987GXT,None,False
chr4:132227817:C>G,11804450,EXP039498,ALIGNS044576,RWPE2,47,16,3/2,EXP039498,ALIGNS044576,P49711,CTCF_HUMAN,1182,RWPE2,1754,RWPE2@_labs_michael-snyder___biosamples_ENCBS796LYI_,ENCSR856JJB,None,False
chr1:111746819:T>C,492169,EXP054523,ALIGNS059099,GM18505 (female B-cells Lymphoblastoid Cell Lines),6,8,4/3,EXP054523,ALIGNS059099,P49711,CTCF_HUMAN,362,GM18505 (female B-cells Lymphoblastoid Cell Lines),3231,GM18505__female_B-cells_Lymphoblastoid_Cell_Lines_@GSE50893,None,GSE50893,False
chr1:111746819:T>C,492170,EXP054537,ALIGNS059113,GM19240 (B cells Lymphoblastoid Cell Lines),21,7,1,EXP054537,ALIGNS059113,P49711,CTCF_HUMAN,369,GM19240 (B cells Lymphoblastoid Cell Lines),3238,GM19240__B_cells_Lymphoblastoid_Cell_Lines_@GSE50893,None,GSE50893,False
chr6:30364778:T>G,12051103,EXP040244,ALIGNS045322,foreskin keratinocyte,5,28,3,EXP040244,ALIGNS045322,P49711,CTCF_HUMAN,1185,foreskin keratinocyte,2176,foreskin_keratinocyte@_labs_michael-snyder___biosamples_ENCBS389AUD_,ENCSR812FNU,None,False
chr6:30364778:T>G,12051104,EXP040256,ALIGNS045334,foreskin keratinocyte,7,38,3,EXP040256,ALIGNS045334,P49711,CTCF_HUMAN,1185,foreskin keratinocyte,2206,foreskin_keratinocyte@_labs_michael-snyder___biosamples_ENCBS079LRU_,ENCSR036EGV,None,False
chr6:30364778:T>G,12051105,EXP040282,ALIGNS045360,foreskin keratinocyte,7,47,3,EXP040282,ALIGNS045360,P49711,CTCF_HUMAN,1185,foreskin keratinocyte,2218,foreskin_keratinocyte@_labs_michael-snyder___biosamples_ENCBS666IIR_,ENCSR817HTJ,None,False
chr6:30364778:T>G,11964236,EXP039523,ALIGNS044601,VCaP (prostate carcinoma),18,54,3/2,EXP039523,ALIGNS044601,P49711,CTCF_HUMAN,71,VCaP (prostate carcinoma),1467,VCaP__prostate_carcinoma_@_labs_michael-snyder___biosamples_ENCBS316RCQ_,ENCSR265ARE,None,False
chr6:30364778:T>G,5511210,EXP054517,ALIGNS059093,GM12891 (male B- cells lymphoblastoid cell line),62,40,1,EXP054517,ALIGNS059093,P49711,CTCF_HUMAN,357,GM12891 (male B- cells lymphoblastoid cell line),3228,GM12891__male_B-_cells_lymphoblastoid_cell_line_@GSE50893,None,GSE50893,False
chr6:30364778:T>G,5552511,EXP054533,ALIGNS059109,GM19238 (female B-cells lymphoblastoid cell lines),54,29,3/2,EXP054533,ALIGNS059109,P49711,CTCF_HUMAN,367,GM19238 (female B-cells lymphoblastoid cell lines),3236,GM19238__female_B-cells_lymphoblastoid_cell_lines_@GSE50893,None,GSE50893,False
chr6:30364778:T>G,11791920,EXP039683,ALIGNS044761,PC9 (lung adenocarcinoma),24,7,2,EXP039683,ALIGNS044761,P49711,CTCF_HUMAN,927,PC9 (lung adenocarcinoma),1864,PC9__lung_adenocarcinoma_@_labs_bradley-bernstein___biosamples_ENCBS177ANS_,ENCSR243INX,None,False
chr18:61322498:C>T,1041614,EXP010324,ALIGNS033435,AG09319 (fibroblasts),18,18,1,EXP010324,ALIGNS033435,P49711,CTCF_HUMAN,57,AG09319 (fibroblasts),257,AG09319__fibroblasts_@_labs_john-stamatoyannopoulos___biosamples_ENCBS992UXD_,ENCSR000DPS,None,False
chr18:61322498:C>T,1041615,EXP010591,ALIGNS033546,"WA01 (H1, human embryonic stem cells)",30,7,3/2,EXP010591,ALIGNS033546,P49711,CTCF_HUMAN,376,"WA01 (H1, human embryonic stem cells)",167,WA01__H1__human_embryonic_stem_cells_@_labs_richard-myers___biosamples_ENCBS111ENC_,ENCSR000BNH,None,False
chr18:61322498:C>T,1041616,EXP036160,ALIGNS041036,MCF7 (Invasive ductal breast carcinoma),23,13,1,EXP036160,ALIGNS041036,P49711,CTCF_HUMAN,113,MCF7 (Invasive ductal breast carcinoma),1090,MCF7__Invasive_ductal_breast_carcinoma_@GSE78113,None,GSE78113,False
chr18:61322498:C>T,1041617,EXP036161,ALIGNS041037,MCF7 (Invasive ductal breast carcinoma),18,20,1,EXP036161,ALIGNS041037,P49711,CTCF_HUMAN,113,MCF7 (Invasive ductal breast carcinoma),1090,MCF7__Invasive_ductal_breast_carcinoma_@GSE78113,None,GSE78113,False
chr18:61322498:C>T,1041618,EXP036856,ALIGNS041934,hepatocytes,11,9,1,EXP036856,ALIGNS041934,P49711,CTCF_HUMAN,900,hepatocytes,1156,hepatocytes@GSE101103,None,GSE101103,False
chr18:61322498:C>T,1041619,EXP036857,ALIGNS041935,hepatocytes,11,8,1,EXP036857,ALIGNS041935,P49711,CTCF_HUMAN,900,hepatocytes,1156,hepatocytes@GSE101103,None,GSE101103,False
chr18:61322498:C>T,1041620,EXP039638,ALIGNS044716,hepatocytes,22,15,1,EXP039638,ALIGNS044716,P49711,CTCF_HUMAN,900,hepatocytes,1840,hepatocytes@_labs_bradley-bernstein___biosamples_ENCBS520VFV_,ENCSR252QYR,None,False
chr18:61322498:C>T,1041621,EXP039854,ALIGNS044932,neural cell,12,11,1,EXP039854,ALIGNS044932,P49711,CTCF_HUMAN,1180,neural cell,1965,neural_cell@_labs_michael-snyder___biosamples_ENCBS163EMU_,ENCSR822CEA,None,False
chr18:61322498:C>T,1041622,EXP039898,ALIGNS044976,liver,9,7,2,EXP039898,ALIGNS044976,P49711,CTCF_HUMAN,879,liver,1537,liver@_labs_michael-snyder___biosamples_ENCBS045RNA_,ENCSR254YRM,None,False
chr18:61322498:C>T,1041623,EXP040253,ALIGNS045331,HCM (cardiac myocytes),20,18,1,EXP040253,ALIGNS045331,P49711,CTCF_HUMAN,415,HCM (cardiac myocytes),2205,HCM__cardiac_myocytes_@_labs_bradley-bernstein___biosamples_ENCBS343AKO_,ENCSR713SXF,None,False
chr18:61322498:C>T,1041624,EXP040290,ALIGNS045368,neural progenitors,49,41,1,EXP040290,ALIGNS045368,P49711,CTCF_HUMAN,887,neural progenitors,2184,neural_progenitors@_labs_bradley-bernstein___biosamples_ENCBS044KWE_,ENCSR125NBL,None,False
chr18:61322498:C>T,1041625,EXP040291,ALIGNS045369,PC3(bone mets prostate adenocarcinoma),6,7,1,EXP040291,ALIGNS045369,P49711,CTCF_HUMAN,725,PC3(bone mets prostate adenocarcinoma),2187,PC3_bone_mets_prostate_adenocarcinoma_@_labs_bradley-bernstein___biosamples_ENCBS451OVM_,ENCSR359LOD,None,False
chr18:61322498:C>T,1041626,EXP040298,ALIGNS045376,smooth muscle cell,22,21,1,EXP040298,ALIGNS045376,P49711,CTCF_HUMAN,1186,smooth muscle cell,2227,smooth_muscle_cell@_labs_bradley-bernstein___biosamples_ENCBS780PCJ_,ENCSR261VAS,None,False
chr18:61322498:C>T,1041627,EXP047929,ALIGNS053011,WA09 (embryonic stem cells),14,9,4/3,EXP047929,ALIGNS053011,P49711,CTCF_HUMAN,396,WA09 (embryonic stem cells),2650,WA09__embryonic_stem_cells_@GSE105028,None,GSE105028,False
chr18:61322498:C>T,1041628,EXP047930,ALIGNS053012,WA09 (embryonic stem cells),15,12,4/3,EXP047930,ALIGNS053012,P49711,CTCF_HUMAN,396,WA09 (embryonic stem cells),2650,WA09__embryonic_stem_cells_@GSE105028,None,GSE105028,False
chr18:61322498:C>T,1041629,EXP054032,ALIGNS058608,"WA01 (H1, human embryonic stem cells)",11,11,1,EXP054032,ALIGNS058608,P49711,CTCF_HUMAN,376,"WA01 (H1, human embryonic stem cells)",3111,WA01__H1__human_embryonic_stem_cells_@GSE29611,None,GSE29611,False
chr18:61322498:C>T,1041630,EXP058381,ALIGNS063956,HT1080 (fibrosarcoma),26,17,2,EXP058381,ALIGNS063956,P49711,CTCF_HUMAN,1008,HT1080 (fibrosarcoma),3634,HT1080__fibrosarcoma_@GSE122462,None,GSE122462,False
chr18:61322498:C>T,1041631,EXP058382,ALIGNS063957,HT1080 (fibrosarcoma),41,10,2,EXP058382,ALIGNS063957,P49711,CTCF_HUMAN,1008,HT1080 (fibrosarcoma),3634,HT1080__fibrosarcoma_@GSE122462,None,GSE122462,False
chr18:61322498:C>T,1041632,EXP058383,ALIGNS063958,HT1080 (fibrosarcoma),39,19,2,EXP058383,ALIGNS063958,P49711,CTCF_HUMAN,1008,HT1080 (fibrosarcoma),3634,HT1080__fibrosarcoma_@GSE122462,None,GSE122462,False
chr18:61322498:C>T,1041633,EXP058384,ALIGNS063959,HT1080 (fibrosarcoma),27,16,2,EXP058384,ALIGNS063959,P49711,CTCF_HUMAN,1008,HT1080 (fibrosarcoma),3634,HT1080__fibrosarcoma_@GSE122462,None,GSE122462,False
chr18:61322498:C>T,1041634,EXP063239,ALIGNS069229,MDA-MB-435 (amelanotic melanoma),13,17,1,EXP063239,ALIGNS069229,P49711,CTCF_HUMAN,4645,MDA-MB-435 (amelanotic melanoma),3932,MDA-MB-435__amelanotic_melanoma_@GSE102019,None,GSE102019,False
chr18:61322498:C>T,1041635,EXP063964,ALIGNS069954,HT1080 (fibrosarcoma),7,12,1,EXP063964,ALIGNS069954,P49711,CTCF_HUMAN,1008,HT1080 (fibrosarcoma),4038,HT1080__fibrosarcoma_@GSE135580,None,GSE135580,False
chr20:23799681:A>G,1219754,EXP054541,ALIGNS059117,2588 (Lymphoblastoid Cell Lines),19,5,4/3,EXP054541,ALIGNS059117,P49711,CTCF_HUMAN,2653,2588 (Lymphoblastoid Cell Lines),3240,2588__Lymphoblastoid_Cell_Lines_@GSE50893,None,GSE50893,False
chr6:42085077:C>T,1532103,EXP039475,ALIGNS044553,Peyer's patch,7,5,1,EXP039475,ALIGNS044553,P49711,CTCF_HUMAN,1142,Peyer's patch,1522,Peyer_s_patch@_labs_michael-snyder___biosamples_ENCBS944UJX_,ENCSR375VXU,None,False
chr6:42085077:C>T,1532104,EXP039610,ALIGNS044688,bipolar neuron,11,6,1,EXP039610,ALIGNS044688,P49711,CTCF_HUMAN,1145,bipolar neuron,1575,bipolar_neuron@_labs_bradley-bernstein___biosamples_ENCBS374AAA_,ENCSR066BZZ,None,False
chr6:42085077:C>T,1532105,EXP040259,ALIGNS045337,GM23338,21,6,1,EXP040259,ALIGNS045337,P49711,CTCF_HUMAN,1184,GM23338,2166,GM23338@_labs_bradley-bernstein___biosamples_ENCBS368AAA_,ENCSR987GXT,None,False
chr6:30259648:C>G,5220333,EXP051029,ALIGNS053963,GM12878 (female B-cells lymphoblastoid cell line),18,25,1,EXP051029,ALIGNS053963,P49711,CTCF_HUMAN,356,GM12878 (female B-cells lymphoblastoid cell line),2803,GM12878__female_B-cells_lymphoblastoid_cell_line_@GSE76922,None,GSE76922,False
chr6:30259648:C>G,5220334,EXP054513,ALIGNS059089,GM12878 (female B-cells lymphoblastoid cell line),24,40,1,EXP054513,ALIGNS059089,P49711,CTCF_HUMAN,356,GM12878 (female B-cells lymphoblastoid cell line),3226,GM12878__female_B-cells_lymphoblastoid_cell_line_@GSE50893,None,GSE50893,False
chr2:128234139:A>T,11787897,EXP039705,ALIGNS044783,PANC1 (pancreatic ductal adenocarcinoma),36,9,2,EXP039705,ALIGNS044783,P49711,CTCF_HUMAN,712,PANC1 (pancreatic ductal adenocarcinoma),1475,PANC1__pancreatic_ductal_adenocarcinoma_@_labs_michael-snyder___biosamples_ENCBS314FVF_,ENCSR203QEB,None,False
chr2:128234139:A>T,11787898,EXP048791,ALIGNS053873,PANC1 (pancreatic ductal adenocarcinoma),28,11,2,EXP048791,ALIGNS053873,P49711,CTCF_HUMAN,712,PANC1 (pancreatic ductal adenocarcinoma),2783,PANC1__pancreatic_ductal_adenocarcinoma_@GSE68858,None,GSE68858,False
chr3:118595486:T>C,1333923,EXP054539,ALIGNS059115,GM02255 (Lymphoblastoid Cell Lines),22,52,1,EXP054539,ALIGNS059115,P49711,CTCF_HUMAN,2652,GM02255 (Lymphoblastoid Cell Lines),3239,GM02255__Lymphoblastoid_Cell_Lines_@GSE50893,None,GSE50893,False
chr3:118595486:T>C,1333924,EXP064084,ALIGNS070074,GSC23 (Glioblastoma),7,19,1,EXP064084,ALIGNS070074,P49711,CTCF_HUMAN,4707,GSC23 (Glioblastoma),4067,GSC23__Glioblastoma_@GSE139416,None,GSE139416,False
chr22:46739308:A>C,1279162,EXP032633,ALIGNS035748,SUM159PT (Triple negative breast cancer),57,7,3/2,EXP032633,ALIGNS035748,P49711,CTCF_HUMAN,817,SUM159PT (Triple negative breast cancer),688,SUM159PT__Triple_negative_breast_cancer_@GSE46055,None,GSE46055,False
chr22:46739308:A>C,1279163,EXP039586,ALIGNS044664,pancreas,56,12,1,EXP039586,ALIGNS044664,P49711,CTCF_HUMAN,920,pancreas,1529,pancreas@_labs_michael-snyder___biosamples_ENCBS799DMW_,ENCSR307PFP,None,False
chr22:46739308:A>C,1279164,EXP039610,ALIGNS044688,bipolar neuron,10,5,1,EXP039610,ALIGNS044688,P49711,CTCF_HUMAN,1145,bipolar neuron,1575,bipolar_neuron@_labs_bradley-bernstein___biosamples_ENCBS374AAA_,ENCSR066BZZ,None,False
chr22:46739308:A>C,1279165,EXP039667,ALIGNS044745,thoracic aorta,14,6,1,EXP039667,ALIGNS044745,P49711,CTCF_HUMAN,1162,thoracic aorta,1450,thoracic_aorta@_labs_michael-snyder___biosamples_ENCBS978YKP_,ENCSR668BTN,None,False
chr22:46739308:A>C,1279166,EXP039699,ALIGNS044777,transverse colon,61,8,4/3,EXP039699,ALIGNS044777,P49711,CTCF_HUMAN,1163,transverse colon,1415,transverse_colon@_labs_michael-snyder___biosamples_ENCBS572ESP_,ENCSR102CSD,None,False
chr22:46739308:A>C,1279167,EXP039700,ALIGNS044778,upper lobe of left lung,24,5,1,EXP039700,ALIGNS044778,P49711,CTCF_HUMAN,1181,upper lobe of left lung,1386,upper_lobe_of_left_lung@_labs_michael-snyder___biosamples_ENCBS423TVO_,ENCSR964BKO,None,False
chr22:46739308:A>C,1279168,EXP039880,ALIGNS044958,adrenal gland,27,5,1,EXP039880,ALIGNS044958,P49711,CTCF_HUMAN,1172,adrenal gland,1600,adrenal_gland@_labs_michael-snyder___biosamples_ENCBS063ABX_,ENCSR450BLH,None,False
chr22:46739308:A>C,1279169,EXP040027,ALIGNS045105,tibial nerve,10,6,1,EXP040027,ALIGNS045105,P49711,CTCF_HUMAN,1179,tibial nerve,1365,tibial_nerve@_labs_michael-snyder___biosamples_ENCBS168BMV_,ENCSR434XLP,None,False
chr22:46739308:A>C,1279170,EXP064083,ALIGNS070073,glioblastoma patient-derived cell model,69,10,6,EXP064083,ALIGNS070073,P49711,CTCF_HUMAN,4769,glioblastoma patient-derived cell model,4066,glioblastoma_patient-derived_cell_model@GSE139416,None,GSE139416,False
chr3:165206902:T>G,12175687,EXP010663,ALIGNS033578,retinal pigment epithelial cells,31,19,1,EXP010663,ALIGNS033578,P49711,CTCF_HUMAN,448,retinal pigment epithelial cells,308,retinal_pigment_epithelial_cells@_labs_john-stamatoyannopoulos___biosamples_ENCBS925NLT_,ENCSR000DVI,None,False
chr8:107281981:G>A,1696468,EXP059685,ALIGNS065260,MCF7 (Invasive ductal breast carcinoma),7,16,1,EXP059685,ALIGNS065260,P49711,CTCF_HUMAN,113,MCF7 (Invasive ductal breast carcinoma),3701,MCF7__Invasive_ductal_breast_carcinoma_@GSE130852,None,GSE130852,False
chr2:170462117:C>G,12001768,EXP039610,ALIGNS044688,bipolar neuron,18,17,1,EXP039610,ALIGNS044688,P49711,CTCF_HUMAN,1145,bipolar neuron,1575,bipolar_neuron@_labs_bradley-bernstein___biosamples_ENCBS374AAA_,ENCSR066BZZ,None,False
chr2:170462117:C>G,12001769,EXP039689,ALIGNS044767,bipolar neuron,23,6,4/3,EXP039689,ALIGNS044767,P49711,CTCF_HUMAN,1145,bipolar neuron,1534,bipolar_neuron@_labs_richard-myers___biosamples_ENCBS369AAA_,ENCSR619IUE,GSE96269,False
chr2:170462117:C>G,5550426,EXP054533,ALIGNS059109,GM19238 (female B-cells lymphoblastoid cell lines),19,17,1,EXP054533,ALIGNS059109,P49711,CTCF_HUMAN,367,GM19238 (female B-cells lymphoblastoid cell lines),3236,GM19238__female_B-cells_lymphoblastoid_cell_lines_@GSE50893,None,GSE50893,False
chr2:170462117:C>G,12201057,EXP040058,ALIGNS045136,uterus,19,11,1,EXP040058,ALIGNS045136,P49711,CTCF_HUMAN,1164,uterus,1603,uterus@_labs_michael-snyder___biosamples_ENCBS867AWW_,ENCSR798NVH,None,False
chr13:30133766:T>C,797409,EXP039474,ALIGNS044552,gastroesophageal sphincter,5,9,1,EXP039474,ALIGNS044552,P49711,CTCF_HUMAN,1156,gastroesophageal sphincter,1432,gastroesophageal_sphincter@_labs_michael-snyder___biosamples_ENCBS543LVV_,ENCSR186NVR,None,False
chr13:30133766:T>C,797410,EXP039699,ALIGNS044777,transverse colon,10,18,1,EXP039699,ALIGNS044777,P49711,CTCF_HUMAN,1163,transverse colon,1415,transverse_colon@_labs_michael-snyder___biosamples_ENCBS572ESP_,ENCSR102CSD,None,False
chr3:37536185:C>T,1302329,EXP034795,ALIGNS039671,erythroid cells,9,5,2,EXP034795,ALIGNS039671,P49711,CTCF_HUMAN,894,erythroid cells,951,erythroid_cells@GSE67783,None,GSE67783,False
chr3:37536185:C>T,1302330,EXP035951,ALIGNS040827,HEK293 (embryonic kidney),18,13,1,EXP035951,ALIGNS040827,P49711,CTCF_HUMAN,421,HEK293 (embryonic kidney),1077,HEK293__embryonic_kidney_@GSE76494,None,GSE76494,False
chr3:37536185:C>T,1302331,EXP039370,ALIGNS044448,heart left ventricle,21,5,1,EXP039370,ALIGNS044448,P49711,CTCF_HUMAN,1132,heart left ventricle,1564,heart_left_ventricle@_labs_michael-snyder___biosamples_ENCBS106FXL_,ENCSR544APK,None,False
chr3:37536185:C>T,1302332,EXP039610,ALIGNS044688,bipolar neuron,11,7,1,EXP039610,ALIGNS044688,P49711,CTCF_HUMAN,1145,bipolar neuron,1575,bipolar_neuron@_labs_bradley-bernstein___biosamples_ENCBS374AAA_,ENCSR066BZZ,None,False
chr3:37536185:C>T,1302333,EXP039667,ALIGNS044745,thoracic aorta,49,17,1,EXP039667,ALIGNS044745,P49711,CTCF_HUMAN,1162,thoracic aorta,1450,thoracic_aorta@_labs_michael-snyder___biosamples_ENCBS978YKP_,ENCSR668BTN,None,False
chr3:37536185:C>T,1302334,EXP039689,ALIGNS044767,bipolar neuron,5,5,3/2,EXP039689,ALIGNS044767,P49711,CTCF_HUMAN,1145,bipolar neuron,1534,bipolar_neuron@_labs_richard-myers___biosamples_ENCBS369AAA_,ENCSR619IUE,GSE96269,False
chr3:37536185:C>T,1302335,EXP039723,ALIGNS044801,tibial artery,17,14,1,EXP039723,ALIGNS044801,P49711,CTCF_HUMAN,1131,tibial artery,1573,tibial_artery@_labs_michael-snyder___biosamples_ENCBS825KJI_,ENCSR699BEK,None,False
chr3:37536185:C>T,1302336,EXP039832,ALIGNS044910,upper lobe of left lung,9,5,1,EXP039832,ALIGNS044910,P49711,CTCF_HUMAN,1181,upper lobe of left lung,1375,upper_lobe_of_left_lung@_labs_michael-snyder___biosamples_ENCBS089HGD_,ENCSR027FSZ,None,False
chr3:37536185:C>T,1302337,EXP040061,ALIGNS045139,HEK293 (embryonic kidney),16,5,1,EXP040061,ALIGNS045139,P49711,CTCF_HUMAN,421,HEK293 (embryonic kidney),2084,HEK293__embryonic_kidney_@_labs_michael-snyder___biosamples_ENCBS268XWC_,ENCSR617IFZ,GSE91917,False
chr3:37536185:C>T,1302338,EXP040169,ALIGNS045247,gastroesophageal sphincter,7,5,1,EXP040169,ALIGNS045247,P49711,CTCF_HUMAN,1156,gastroesophageal sphincter,1527,gastroesophageal_sphincter@_labs_michael-snyder___biosamples_ENCBS185KVE_,ENCSR206ETG,None,False
chr3:37536185:C>T,1302339,EXP052988,ALIGNS065620,HeLa S3 (cervical adenocarcinoma),5,5,2,EXP052988,ALIGNS065620,P49711,CTCF_HUMAN,423,HeLa S3 (cervical adenocarcinoma),2984,HeLa_S3__cervical_adenocarcinoma_@GSE108869,None,GSE108869,False
chr3:37536185:C>T,1302340,EXP064084,ALIGNS070074,GSC23 (Glioblastoma),13,19,1,EXP064084,ALIGNS070074,P49711,CTCF_HUMAN,4707,GSC23 (Glioblastoma),4067,GSC23__Glioblastoma_@GSE139416,None,GSE139416,False
chr19:13879957:T>C,1069687,EXP036850,ALIGNS041928,PC9 (lung adenocarcinoma),5,19,4/3,EXP036850,ALIGNS041928,P49711,CTCF_HUMAN,927,PC9 (lung adenocarcinoma),1153,PC9__lung_adenocarcinoma_@GSE101051,None,GSE101051,False
chr19:13879957:T>C,1069688,EXP039321,ALIGNS044399,spleen,8,7,1,EXP039321,ALIGNS044399,P49711,CTCF_HUMAN,633,spleen,1427,spleen@_labs_michael-snyder___biosamples_ENCBS440AZZ_,ENCSR692ILH,None,False
chr19:13879957:T>C,1069689,EXP039328,ALIGNS044406,lower leg skin,7,5,3/2,EXP039328,ALIGNS044406,P49711,CTCF_HUMAN,1170,lower leg skin,1519,lower_leg_skin@_labs_michael-snyder___biosamples_ENCBS443VUU_,ENCSR252XWG,None,False
chr19:13879957:T>C,1069690,EXP039370,ALIGNS044448,heart left ventricle,18,9,1,EXP039370,ALIGNS044448,P49711,CTCF_HUMAN,1132,heart left ventricle,1564,heart_left_ventricle@_labs_michael-snyder___biosamples_ENCBS106FXL_,ENCSR544APK,None,False
chr19:13879957:T>C,1069691,EXP039379,ALIGNS044457,esophagus muscularis mucosa,17,18,1,EXP039379,ALIGNS044457,P49711,CTCF_HUMAN,1167,esophagus muscularis mucosa,1613,esophagus_muscularis_mucosa@_labs_michael-snyder___biosamples_ENCBS917HYJ_,ENCSR353DFU,None,False
chr19:13879957:T>C,1069692,EXP039398,ALIGNS044476,adrenal gland,14,10,1,EXP039398,ALIGNS044476,P49711,CTCF_HUMAN,1172,adrenal gland,1606,adrenal_gland@_labs_michael-snyder___biosamples_ENCBS926VJZ_,ENCSR770IWO,None,False
chr19:13879957:T>C,1069693,EXP039438,ALIGNS044516,esophagus squamous epithelium,7,12,1,EXP039438,ALIGNS044516,P49711,CTCF_HUMAN,1148,esophagus squamous epithelium,1598,esophagus_squamous_epithelium@_labs_michael-snyder___biosamples_ENCBS927UKP_,ENCSR773JBP,None,False
chr19:13879957:T>C,1069694,EXP039453,ALIGNS044531,esophagus squamous epithelium,9,14,1,EXP039453,ALIGNS044531,P49711,CTCF_HUMAN,1148,esophagus squamous epithelium,1373,esophagus_squamous_epithelium@_labs_michael-snyder___biosamples_ENCBS969YPI_,ENCSR003SZZ,None,False
chr19:13879957:T>C,1069695,EXP039454,ALIGNS044532,esophagus squamous epithelium,29,24,1,EXP039454,ALIGNS044532,P49711,CTCF_HUMAN,1148,esophagus squamous epithelium,1592,esophagus_squamous_epithelium@_labs_michael-snyder___biosamples_ENCBS278PSF_,ENCSR450FRI,None,False
chr19:13879957:T>C,1069696,EXP039457,ALIGNS044535,HMEC (human mammary epithelial cells),13,12,1,EXP039457,ALIGNS044535,P49711,CTCF_HUMAN,440,HMEC (human mammary epithelial cells),1599,HMEC__human_mammary_epithelial_cells_@_labs_michael-snyder___biosamples_ENCBS236MDX_,ENCSR697YIN,None,False
chr19:13879957:T>C,1069697,EXP039463,ALIGNS044541,tibial nerve,20,17,1,EXP039463,ALIGNS044541,P49711,CTCF_HUMAN,1179,tibial nerve,1490,tibial_nerve@_labs_michael-snyder___biosamples_ENCBS689AWK_,ENCSR822PJT,None,False
chr19:13879957:T>C,1069698,EXP039468,ALIGNS044546,LNCaP (prostate carcinoma),21,29,1,EXP039468,ALIGNS044546,P49711,CTCF_HUMAN,70,LNCaP (prostate carcinoma),1733,LNCaP__prostate_carcinoma_@_labs_michael-snyder___biosamples_ENCBS260TRO_,ENCSR673WZL,None,False
chr19:13879957:T>C,1069699,EXP039475,ALIGNS044553,Peyer's patch,12,8,1,EXP039475,ALIGNS044553,P49711,CTCF_HUMAN,1142,Peyer's patch,1522,Peyer_s_patch@_labs_michael-snyder___biosamples_ENCBS944UJX_,ENCSR375VXU,None,False
chr19:13879957:T>C,1069700,EXP039498,ALIGNS044576,RWPE2,44,46,1,EXP039498,ALIGNS044576,P49711,CTCF_HUMAN,1182,RWPE2,1754,RWPE2@_labs_michael-snyder___biosamples_ENCBS796LYI_,ENCSR856JJB,None,False
chr19:13879957:T>C,1069701,EXP039536,ALIGNS044614,testis,6,6,1,EXP039536,ALIGNS044614,P49711,CTCF_HUMAN,1149,testis,1456,testis@_labs_michael-snyder___biosamples_ENCBS746YNW_,ENCSR981CID,None,False
chr19:13879957:T>C,1069702,EXP039547,ALIGNS044625,Peyer's patch,15,22,1,EXP039547,ALIGNS044625,P49711,CTCF_HUMAN,1142,Peyer's patch,1510,Peyer_s_patch@_labs_michael-snyder___biosamples_ENCBS404OGY_,ENCSR799WDT,None,False
chr19:13879957:T>C,1069703,EXP039550,ALIGNS044628,upper lobe of left lung,17,10,1,EXP039550,ALIGNS044628,P49711,CTCF_HUMAN,1181,upper lobe of left lung,1458,upper_lobe_of_left_lung@_labs_michael-snyder___biosamples_ENCBS011GFV_,ENCSR972LYL,None,False
chr19:13879957:T>C,1069704,EXP039576,ALIGNS044654,ascending aorta,15,7,1,EXP039576,ALIGNS044654,P49711,CTCF_HUMAN,1176,ascending aorta,1439,ascending_aorta@_labs_michael-snyder___biosamples_ENCBS232BOV_,ENCSR960MDF,None,False
chr19:13879957:T>C,1069705,EXP039581,ALIGNS044659,spleen,34,36,1,EXP039581,ALIGNS044659,P49711,CTCF_HUMAN,633,spleen,1459,spleen@_labs_michael-snyder___biosamples_ENCBS009ALA_,ENCSR028YEV,None,False
chr19:13879957:T>C,1069706,EXP039618,ALIGNS044696,sigmoid colon,14,12,1,EXP039618,ALIGNS044696,P49711,CTCF_HUMAN,1169,sigmoid colon,1512,sigmoid_colon@_labs_michael-snyder___biosamples_ENCBS345HRP_,ENCSR222SQE,None,False
chr19:13879957:T>C,1069707,EXP039639,ALIGNS044717,HMEC (human mammary epithelial cells),15,19,1,EXP039639,ALIGNS044717,P49711,CTCF_HUMAN,440,HMEC (human mammary epithelial cells),1454,HMEC__human_mammary_epithelial_cells_@_labs_michael-snyder___biosamples_ENCBS824TRN_,ENCSR661NXJ,None,False
chr19:13879957:T>C,1069708,EXP039645,ALIGNS044723,thyroid gland,19,13,4/3,EXP039645,ALIGNS044723,P49711,CTCF_HUMAN,1168,thyroid gland,1422,thyroid_gland@_labs_michael-snyder___biosamples_ENCBS413MJK_,ENCSR955BIB,None,False
chr19:13879957:T>C,1069709,EXP039677,ALIGNS044755,transverse colon,12,14,1,EXP039677,ALIGNS044755,P49711,CTCF_HUMAN,1163,transverse colon,1379,transverse_colon@_labs_michael-snyder___biosamples_ENCBS866IBT_,ENCSR833FWC,None,False
chr19:13879957:T>C,1069710,EXP039678,ALIGNS044756,stomach,11,6,4/3,EXP039678,ALIGNS044756,P49711,CTCF_HUMAN,1157,stomach,1551,stomach@_labs_michael-snyder___biosamples_ENCBS424ANS_,ENCSR549WAU,None,False
chr19:13879957:T>C,1069711,EXP039683,ALIGNS044761,PC9 (lung adenocarcinoma),19,41,1,EXP039683,ALIGNS044761,P49711,CTCF_HUMAN,927,PC9 (lung adenocarcinoma),1864,PC9__lung_adenocarcinoma_@_labs_bradley-bernstein___biosamples_ENCBS177ANS_,ENCSR243INX,None,False
chr19:13879957:T>C,1069712,EXP039696,ALIGNS044774,transverse colon,16,13,4/3,EXP039696,ALIGNS044774,P49711,CTCF_HUMAN,1163,transverse colon,1501,transverse_colon@_labs_michael-snyder___biosamples_ENCBS659AMF_,ENCSR769WKR,None,False
chr19:13879957:T>C,1069713,EXP039700,ALIGNS044778,upper lobe of left lung,19,11,1,EXP039700,ALIGNS044778,P49711,CTCF_HUMAN,1181,upper lobe of left lung,1386,upper_lobe_of_left_lung@_labs_michael-snyder___biosamples_ENCBS423TVO_,ENCSR964BKO,None,False
chr19:13879957:T>C,1069714,EXP039704,ALIGNS044782,gastrocnemius medialis,15,7,1,EXP039704,ALIGNS044782,P49711,CTCF_HUMAN,1136,gastrocnemius medialis,1420,gastrocnemius_medialis@_labs_michael-snyder___biosamples_ENCBS668EWD_,ENCSR071XWO,None,False
chr19:13879957:T>C,1069715,EXP039745,ALIGNS044823,ovary,5,6,1,EXP039745,ALIGNS044823,P49711,CTCF_HUMAN,1150,ovary,1425,ovary@_labs_michael-snyder___biosamples_ENCBS600YTL_,ENCSR548DDS,None,False
chr19:13879957:T>C,1069716,EXP039781,ALIGNS044859,uterus,15,14,1,EXP039781,ALIGNS044859,P49711,CTCF_HUMAN,1164,uterus,1421,uterus@_labs_michael-snyder___biosamples_ENCBS201ZAR_,ENCSR392SFJ,None,False
chr19:13879957:T>C,1069717,EXP039782,ALIGNS044860,right lobe of liver,6,9,1,EXP039782,ALIGNS044860,P49711,CTCF_HUMAN,1151,right lobe of liver,1566,right_lobe_of_liver@_labs_michael-snyder___biosamples_ENCBS904HZU_,ENCSR911GFJ,None,False
chr19:13879957:T>C,1069718,EXP039802,ALIGNS044880,coronary artery,11,12,1,EXP039802,ALIGNS044880,P49711,CTCF_HUMAN,1178,coronary artery,1405,coronary_artery@_labs_michael-snyder___biosamples_ENCBS906UGR_,ENCSR175FLL,None,False
chr19:13879957:T>C,1069719,EXP039805,ALIGNS044883,pancreas,6,10,1,EXP039805,ALIGNS044883,P49711,CTCF_HUMAN,920,pancreas,1550,pancreas@_labs_michael-snyder___biosamples_ENCBS372UUZ_,ENCSR484DDO,None,False
chr19:13879957:T>C,1069720,EXP039840,ALIGNS044918,LNCaP (prostate carcinoma),23,24,1,EXP039840,ALIGNS044918,P49711,CTCF_HUMAN,70,LNCaP (prostate carcinoma),1567,LNCaP__prostate_carcinoma_@_labs_michael-snyder___biosamples_ENCBS535BWO_,ENCSR315NAC,None,False
chr19:13879957:T>C,1069721,EXP039861,ALIGNS044939,thyroid gland,15,16,1,EXP039861,ALIGNS044939,P49711,CTCF_HUMAN,1168,thyroid gland,1577,thyroid_gland@_labs_michael-snyder___biosamples_ENCBS995JJM_,ENCSR492ZIW,None,False
chr19:13879957:T>C,1069722,EXP039880,ALIGNS044958,adrenal gland,27,29,1,EXP039880,ALIGNS044958,P49711,CTCF_HUMAN,1172,adrenal gland,1600,adrenal_gland@_labs_michael-snyder___biosamples_ENCBS063ABX_,ENCSR450BLH,None,False
chr19:13879957:T>C,1069723,EXP039929,ALIGNS045007,prostate gland,9,7,1,EXP039929,ALIGNS045007,P49711,CTCF_HUMAN,1175,prostate gland,1433,prostate_gland@_labs_michael-snyder___biosamples_ENCBS282GPE_,ENCSR829HTO,None,False
chr19:13879957:T>C,1069724,EXP039952,ALIGNS045030,HMEC (human mammary epithelial cells),6,8,1,EXP039952,ALIGNS045030,P49711,CTCF_HUMAN,440,HMEC (human mammary epithelial cells),1429,HMEC__human_mammary_epithelial_cells_@_labs_michael-snyder___biosamples_ENCBS114DQJ_,ENCSR304XUZ,None,False
chr19:13879957:T>C,1069725,EXP039954,ALIGNS045032,gastrocnemius medialis,5,10,1,EXP039954,ALIGNS045032,P49711,CTCF_HUMAN,1136,gastrocnemius medialis,1581,gastrocnemius_medialis@_labs_michael-snyder___biosamples_ENCBS291EBC_,ENCSR998NQG,None,False
chr19:13879957:T>C,1069726,EXP039971,ALIGNS045049,sigmoid colon,5,7,1,EXP039971,ALIGNS045049,P49711,CTCF_HUMAN,1169,sigmoid colon,1445,sigmoid_colon@_labs_michael-snyder___biosamples_ENCBS835BNK_,ENCSR925GDS,None,False
chr19:13879957:T>C,1069727,EXP039980,ALIGNS045058,spleen,17,6,4/3,EXP039980,ALIGNS045058,P49711,CTCF_HUMAN,633,spleen,1407,spleen@_labs_michael-snyder___biosamples_ENCBS214FBD_,ENCSR482PMN,None,False
chr19:13879957:T>C,1069728,EXP039983,ALIGNS045061,gastroesophageal sphincter,25,15,1,EXP039983,ALIGNS045061,P49711,CTCF_HUMAN,1156,gastroesophageal sphincter,1446,gastroesophageal_sphincter@_labs_michael-snyder___biosamples_ENCBS728DKU_,ENCSR146BGM,None,False
chr19:13879957:T>C,1069729,EXP039994,ALIGNS045072,tibial nerve,17,20,1,EXP039994,ALIGNS045072,P49711,CTCF_HUMAN,1179,tibial nerve,1361,tibial_nerve@_labs_michael-snyder___biosamples_ENCBS004OVW_,ENCSR469POZ,None,False
chr19:13879957:T>C,1069730,EXP040000,ALIGNS045078,vagina,8,6,1,EXP040000,ALIGNS045078,P49711,CTCF_HUMAN,1158,vagina,1587,vagina@_labs_michael-snyder___biosamples_ENCBS762FDB_,ENCSR606TNN,None,False
chr19:13879957:T>C,1069731,EXP040050,ALIGNS045128,thyroid gland,13,8,1,EXP040050,ALIGNS045128,P49711,CTCF_HUMAN,1168,thyroid gland,1528,thyroid_gland@_labs_michael-snyder___biosamples_ENCBS131UEI_,ENCSR744YJR,None,False
chr19:13879957:T>C,1069732,EXP040058,ALIGNS045136,uterus,16,5,1,EXP040058,ALIGNS045136,P49711,CTCF_HUMAN,1164,uterus,1603,uterus@_labs_michael-snyder___biosamples_ENCBS867AWW_,ENCSR798NVH,None,False
chr19:13879957:T>C,1069733,EXP040068,ALIGNS045146,ovary,6,8,1,EXP040068,ALIGNS045146,P49711,CTCF_HUMAN,1150,ovary,1504,ovary@_labs_michael-snyder___biosamples_ENCBS165BJP_,ENCSR493APD,None,False
chr19:13879957:T>C,1069734,EXP040077,ALIGNS045155,heart left ventricle,9,9,1,EXP040077,ALIGNS045155,P49711,CTCF_HUMAN,1132,heart left ventricle,1385,heart_left_ventricle@_labs_michael-snyder___biosamples_ENCBS410KPZ_,ENCSR791AYW,None,False
chr19:13879957:T>C,1069735,EXP040087,ALIGNS045165,upper lobe of left lung,8,15,1,EXP040087,ALIGNS045165,P49711,CTCF_HUMAN,1181,upper lobe of left lung,1583,upper_lobe_of_left_lung@_labs_michael-snyder___biosamples_ENCBS218BVZ_,ENCSR970UZD,None,False
chr19:13879957:T>C,1069736,EXP040090,ALIGNS045168,omental fat pad,5,8,1,EXP040090,ALIGNS045168,P49711,CTCF_HUMAN,1154,omental fat pad,1363,omental_fat_pad@_labs_michael-snyder___biosamples_ENCBS971HUW_,ENCSR225OKX,None,False
chr19:13879957:T>C,1069737,EXP040101,ALIGNS045179,RWPE1 (prostate epithelial cells),31,48,2,EXP040101,ALIGNS045179,P49711,CTCF_HUMAN,781,RWPE1 (prostate epithelial cells),2105,RWPE1__prostate_epithelial_cells_@_labs_michael-snyder___biosamples_ENCBS875FPF_,ENCSR303GFI,None,False
chr19:13879957:T>C,1069738,EXP040107,ALIGNS045185,pancreas,27,23,1,EXP040107,ALIGNS045185,P49711,CTCF_HUMAN,920,pancreas,1500,pancreas@_labs_michael-snyder___biosamples_ENCBS867VCV_,ENCSR265PFQ,None,False
chr19:13879957:T>C,1069739,EXP040118,ALIGNS045196,stomach,7,12,1,EXP040118,ALIGNS045196,P49711,CTCF_HUMAN,1157,stomach,1576,stomach@_labs_michael-snyder___biosamples_ENCBS314VNR_,ENCSR173AIR,None,False
chr19:13879957:T>C,1069740,EXP040128,ALIGNS045206,adrenal gland,6,5,1,EXP040128,ALIGNS045206,P49711,CTCF_HUMAN,1172,adrenal gland,1380,adrenal_gland@_labs_michael-snyder___biosamples_ENCBS055JKA_,ENCSR014GSQ,None,False
chr19:13879957:T>C,1069741,EXP040134,ALIGNS045212,gastrocnemius medialis,38,43,1,EXP040134,ALIGNS045212,P49711,CTCF_HUMAN,1136,gastrocnemius medialis,1506,gastrocnemius_medialis@_labs_michael-snyder___biosamples_ENCBS429IGV_,ENCSR428BKN,None,False
chr19:13879957:T>C,1069742,EXP040145,ALIGNS045223,LNCaP C4-2B (prostate carcinoma),128,121,1,EXP040145,ALIGNS045223,P49711,CTCF_HUMAN,129,LNCaP C4-2B (prostate carcinoma),2132,LNCaP_C4-2B__prostate_carcinoma_@_labs_michael-snyder___biosamples_ENCBS109FVF_,ENCSR460LGH,None,False
chr19:13879957:T>C,1069743,EXP040169,ALIGNS045247,gastroesophageal sphincter,28,36,1,EXP040169,ALIGNS045247,P49711,CTCF_HUMAN,1156,gastroesophageal sphincter,1527,gastroesophageal_sphincter@_labs_michael-snyder___biosamples_ENCBS185KVE_,ENCSR206ETG,None,False
chr19:13879957:T>C,1069744,EXP040244,ALIGNS045322,foreskin keratinocyte,19,24,3,EXP040244,ALIGNS045322,P49711,CTCF_HUMAN,1185,foreskin keratinocyte,2176,foreskin_keratinocyte@_labs_michael-snyder___biosamples_ENCBS389AUD_,ENCSR812FNU,None,False
chr19:13879957:T>C,1069745,EXP040254,ALIGNS045332,KMS-11 (Plasma cell myeloma),5,17,2,EXP040254,ALIGNS045332,P49711,CTCF_HUMAN,1183,KMS-11 (Plasma cell myeloma),2190,KMS-11__Plasma_cell_myeloma_@_labs_bradley-bernstein___biosamples_ENCBS987CHP_,ENCSR430YRJ,None,False
chr19:13879957:T>C,1069746,EXP040256,ALIGNS045334,foreskin keratinocyte,19,27,3,EXP040256,ALIGNS045334,P49711,CTCF_HUMAN,1185,foreskin keratinocyte,2206,foreskin_keratinocyte@_labs_michael-snyder___biosamples_ENCBS079LRU_,ENCSR036EGV,None,False
chr19:13879957:T>C,1069747,EXP040282,ALIGNS045360,foreskin keratinocyte,12,16,3,EXP040282,ALIGNS045360,P49711,CTCF_HUMAN,1185,foreskin keratinocyte,2218,foreskin_keratinocyte@_labs_michael-snyder___biosamples_ENCBS666IIR_,ENCSR817HTJ,None,False
chr19:13879957:T>C,1069748,EXP040385,ALIGNS045463,NB69 (neuroblastoma),8,7,4/3,EXP040385,ALIGNS045463,P49711,CTCF_HUMAN,1195,NB69 (neuroblastoma),2243,NB69__neuroblastoma_@GSE101295,None,GSE101295,False
chr19:13879957:T>C,1069749,EXP048875,ALIGNS053957,"ID00014 (lymphoblastoid cell, DiGeorge syndrome)",16,13,1,EXP048875,ALIGNS053957,P49711,CTCF_HUMAN,2306,"ID00014 (lymphoblastoid cell, DiGeorge syndrome)",2806,ID00014__lymphoblastoid_cell__DiGeorge_syndrome_@GSE76922,None,GSE76922,False
chr19:13879957:T>C,1069750,EXP051028,ALIGNS053960,GM17942 (lymphoblastoid cell),39,35,1,EXP051028,ALIGNS053960,P49711,CTCF_HUMAN,2303,GM17942 (lymphoblastoid cell),2804,GM17942__lymphoblastoid_cell_@GSE76922,None,GSE76922,False
chr19:13879957:T>C,1069751,EXP053111,ALIGNS057687,TTC-1240 (Rhabdoid tumor of the kidney),7,5,4/3,EXP053111,ALIGNS057687,P49711,CTCF_HUMAN,2345,TTC-1240 (Rhabdoid tumor of the kidney),2998,TTC-1240__Rhabdoid_tumor_of_the_kidney_@GSE113040,None,GSE113040,False
chr19:13879957:T>C,1069752,EXP054511,ALIGNS059087,GM10847 (female B-cells Lymphoblastoid Cell Lines),29,37,1,EXP054511,ALIGNS059087,P49711,CTCF_HUMAN,339,GM10847 (female B-cells Lymphoblastoid Cell Lines),3225,GM10847__female_B-cells_Lymphoblastoid_Cell_Lines_@GSE50893,None,GSE50893,False
chr19:13879957:T>C,1069753,EXP054515,ALIGNS059091,GM12890 (Lymphoblastoid Cell Lines),47,49,1,EXP054515,ALIGNS059091,P49711,CTCF_HUMAN,2640,GM12890 (Lymphoblastoid Cell Lines),3227,GM12890__Lymphoblastoid_Cell_Lines_@GSE50893,None,GSE50893,False
chr19:13879957:T>C,1069754,EXP054521,ALIGNS059097,GM18486 (Lymphoblastoid Cell Lines),27,18,1,EXP054521,ALIGNS059097,P49711,CTCF_HUMAN,2643,GM18486 (Lymphoblastoid Cell Lines),3230,GM18486__Lymphoblastoid_Cell_Lines_@GSE50893,None,GSE50893,False
chr19:13879957:T>C,1069755,EXP054525,ALIGNS059101,GM18526 (B – cells Lymphoblastoid Cell Lines),22,35,1,EXP054525,ALIGNS059101,P49711,CTCF_HUMAN,363,GM18526 (B – cells Lymphoblastoid Cell Lines),3232,GM18526__B_–_cells_Lymphoblastoid_Cell_Lines_@GSE50893,None,GSE50893,False
chr19:13879957:T>C,1069756,EXP054547,ALIGNS059123,MS-1 (Small cell lung carcinoma),72,62,1,EXP054547,ALIGNS059123,P49711,CTCF_HUMAN,2656,MS-1 (Small cell lung carcinoma),3243,MS-1__Small_cell_lung_carcinoma_@GSE50893,None,GSE50893,False
chr19:13879957:T>C,1069757,EXP060348,ALIGNS066336,CUTLL1 (T-cell lymphoblastic lymphoma 1),14,6,1,EXP060348,ALIGNS066336,P49711,CTCF_HUMAN,199,CUTLL1 (T-cell lymphoblastic lymphoma 1),3735,CUTLL1__T-cell_lymphoblastic_lymphoma_1_@GSE115893,None,GSE115893,False
chr19:13879957:T>C,1069758,EXP060349,ALIGNS066337,CUTLL1 (T-cell lymphoblastic lymphoma 1),12,6,1,EXP060349,ALIGNS066337,P49711,CTCF_HUMAN,199,CUTLL1 (T-cell lymphoblastic lymphoma 1),3735,CUTLL1__T-cell_lymphoblastic_lymphoma_1_@GSE115893,None,GSE115893,False
chr19:13879957:T>C,1069759,EXP060730,ALIGNS066718,glioblastoma cells,18,22,2,EXP060730,ALIGNS066718,P49711,CTCF_HUMAN,332,glioblastoma cells,3772,glioblastoma_cells@GSE121601,None,GSE121601,False
chr19:13879957:T>C,1069760,EXP061083,ALIGNS067071,K562 (myelogenous leukemia),12,9,2,EXP061083,ALIGNS067071,P49711,CTCF_HUMAN,514,K562 (myelogenous leukemia),3822,K562__myelogenous_leukemia_@GSE131349,None,GSE131349,False
chr19:13879957:T>C,1069761,EXP061084,ALIGNS067072,K562 (myelogenous leukemia),6,20,2,EXP061084,ALIGNS067072,P49711,CTCF_HUMAN,514,K562 (myelogenous leukemia),3822,K562__myelogenous_leukemia_@GSE131349,None,GSE131349,False
chr19:13879957:T>C,1069762,EXP061120,ALIGNS067108,KMS-11 (Plasma cell myeloma),9,11,2,EXP061120,ALIGNS067108,P49711,CTCF_HUMAN,1183,KMS-11 (Plasma cell myeloma),3825,KMS-11__Plasma_cell_myeloma_@GSE131651,None,GSE131651,False
chr19:13879957:T>C,1069763,EXP064083,ALIGNS070073,glioblastoma patient-derived cell model,37,17,2,EXP064083,ALIGNS070073,P49711,CTCF_HUMAN,4769,glioblastoma patient-derived cell model,4066,glioblastoma_patient-derived_cell_model@GSE139416,None,GSE139416,False
chr6:108250653:C>A,1553193,EXP053106,ALIGNS057682,Jurkat (T-cells),14,7,1,EXP053106,ALIGNS057682,P49711,CTCF_HUMAN,509,Jurkat (T-cells),2997,Jurkat__T-cells_@GSE113040,None,GSE113040,False
chr6:108250653:C>A,1553194,EXP059685,ALIGNS065260,MCF7 (Invasive ductal breast carcinoma),22,11,1,EXP059685,ALIGNS065260,P49711,CTCF_HUMAN,113,MCF7 (Invasive ductal breast carcinoma),3701,MCF7__Invasive_ductal_breast_carcinoma_@GSE130852,None,GSE130852,False
chr6:108250653:C>A,1553195,EXP060347,ALIGNS066335,Jurkat (T-cells),7,5,1,EXP060347,ALIGNS066335,P49711,CTCF_HUMAN,509,Jurkat (T-cells),3734,Jurkat__T-cells_@GSE115893,None,GSE115893,False
chr6:108250653:C>A,1553196,EXP064083,ALIGNS070073,glioblastoma patient-derived cell model,20,5,2,EXP064083,ALIGNS070073,P49711,CTCF_HUMAN,4769,glioblastoma patient-derived cell model,4066,glioblastoma_patient-derived_cell_model@GSE139416,None,GSE139416,False
chr9:137117112:G>A,1769712,EXP040256,ALIGNS045334,foreskin keratinocyte,8,43,5/2,EXP040256,ALIGNS045334,P49711,CTCF_HUMAN,1185,foreskin keratinocyte,2206,foreskin_keratinocyte@_labs_michael-snyder___biosamples_ENCBS079LRU_,ENCSR036EGV,None,False
chr9:137117112:G>A,1769713,EXP040282,ALIGNS045360,foreskin keratinocyte,7,68,5/2,EXP040282,ALIGNS045360,P49711,CTCF_HUMAN,1185,foreskin keratinocyte,2218,foreskin_keratinocyte@_labs_michael-snyder___biosamples_ENCBS666IIR_,ENCSR817HTJ,None,False
chr1:203273254:C>T,533071,EXP054527,ALIGNS059103,GM18951 (B-cells Lymphoblastoid Cell Lines),291,236,1,EXP054527,ALIGNS059103,P49711,CTCF_HUMAN,364,GM18951 (B-cells Lymphoblastoid Cell Lines),3233,GM18951__B-cells_Lymphoblastoid_Cell_Lines_@GSE50893,None,GSE50893,False
chr17:39637302:G>C,12044973,EXP040244,ALIGNS045322,foreskin keratinocyte,23,11,4/3,EXP040244,ALIGNS045322,P49711,CTCF_HUMAN,1185,foreskin keratinocyte,2176,foreskin_keratinocyte@_labs_michael-snyder___biosamples_ENCBS389AUD_,ENCSR812FNU,None,False
chr17:39637302:G>C,12044974,EXP040256,ALIGNS045334,foreskin keratinocyte,55,31,4/3,EXP040256,ALIGNS045334,P49711,CTCF_HUMAN,1185,foreskin keratinocyte,2206,foreskin_keratinocyte@_labs_michael-snyder___biosamples_ENCBS079LRU_,ENCSR036EGV,None,False
chr17:39637302:G>C,12044975,EXP040282,ALIGNS045360,foreskin keratinocyte,18,11,1,EXP040282,ALIGNS045360,P49711,CTCF_HUMAN,1185,foreskin keratinocyte,2218,foreskin_keratinocyte@_labs_michael-snyder___biosamples_ENCBS666IIR_,ENCSR817HTJ,None,False
chr17:39637302:G>C,5549453,EXP054533,ALIGNS059109,GM19238 (female B-cells lymphoblastoid cell lines),17,31,1,EXP054533,ALIGNS059109,P49711,CTCF_HUMAN,367,GM19238 (female B-cells lymphoblastoid cell lines),3236,GM19238__female_B-cells_lymphoblastoid_cell_lines_@GSE50893,None,GSE50893,False
chr16:17027657:T>C,931220,EXP051028,ALIGNS053960,GM17942 (lymphoblastoid cell),21,21,1,EXP051028,ALIGNS053960,P49711,CTCF_HUMAN,2303,GM17942 (lymphoblastoid cell),2804,GM17942__lymphoblastoid_cell_@GSE76922,None,GSE76922,False
chr16:17027657:T>C,931221,EXP054515,ALIGNS059091,GM12890 (Lymphoblastoid Cell Lines),30,48,1,EXP054515,ALIGNS059091,P49711,CTCF_HUMAN,2640,GM12890 (Lymphoblastoid Cell Lines),3227,GM12890__Lymphoblastoid_Cell_Lines_@GSE50893,None,GSE50893,False
chr16:17027657:T>C,931222,EXP054525,ALIGNS059101,GM18526 (B – cells Lymphoblastoid Cell Lines),7,7,1,EXP054525,ALIGNS059101,P49711,CTCF_HUMAN,363,GM18526 (B – cells Lymphoblastoid Cell Lines),3232,GM18526__B_–_cells_Lymphoblastoid_Cell_Lines_@GSE50893,None,GSE50893,False
chr16:17027657:T>C,931223,EXP054533,ALIGNS059109,GM19238 (female B-cells lymphoblastoid cell lines),5,28,2,EXP054533,ALIGNS059109,P49711,CTCF_HUMAN,367,GM19238 (female B-cells lymphoblastoid cell lines),3236,GM19238__female_B-cells_lymphoblastoid_cell_lines_@GSE50893,None,GSE50893,False
chr16:17027657:T>C,931224,EXP054535,ALIGNS059111,GM19239 (male B-cells lymphoblastoid cell line),29,38,1,EXP054535,ALIGNS059111,P49711,CTCF_HUMAN,368,GM19239 (male B-cells lymphoblastoid cell line),3237,GM19239__male_B-cells_lymphoblastoid_cell_line_@GSE50893,None,GSE50893,False
chr16:17027657:T>C,931225,EXP054543,ALIGNS059119,GM02610 (Lymphoblastoid Cell Lines),15,55,1,EXP054543,ALIGNS059119,P49711,CTCF_HUMAN,2654,GM02610 (Lymphoblastoid Cell Lines),3241,GM02610__Lymphoblastoid_Cell_Lines_@GSE50893,None,GSE50893,False
chr16:17027657:T>C,931226,EXP054545,ALIGNS059121,GM02630 (Fanconi anemi),20,33,1,EXP054545,ALIGNS059121,P49711,CTCF_HUMAN,2655,GM02630 (Fanconi anemi),3242,GM02630__Fanconi_anemi_@GSE50893,None,GSE50893,False
chr15:78926431:C>T,4149481,EXP054539,ALIGNS059115,GM02255 (Lymphoblastoid Cell Lines),17,26,1,EXP054539,ALIGNS059115,P49711,CTCF_HUMAN,2652,GM02255 (Lymphoblastoid Cell Lines),3239,GM02255__Lymphoblastoid_Cell_Lines_@GSE50893,None,GSE50893,False
chr7:158663518:A>C,1656177,EXP040118,ALIGNS045196,stomach,6,37,1,EXP040118,ALIGNS045196,P49711,CTCF_HUMAN,1157,stomach,1576,stomach@_labs_michael-snyder___biosamples_ENCBS314VNR_,ENCSR173AIR,None,False
chr3:185070673:C>T,1363857,EXP001027,ALIGNS033138,"D54 (H54, Human glioblastoma)",16,16,2,EXP001027,ALIGNS033138,P49711,CTCF_HUMAN,391,"D54 (H54, Human glioblastoma)",165,D54__H54__Human_glioblastoma_@GSE32692,None,GSE32692,False
chr3:185070673:C>T,1363858,EXP010026,ALIGNS033310,HBMEC (human brain microvascular endothelial cells),23,13,4/3,EXP010026,ALIGNS033310,P49711,CTCF_HUMAN,408,HBMEC (human brain microvascular endothelial cells),178,HBMEC__human_brain_microvascular_endothelial_cells_@_labs_john-stamatoyannopoulos___biosamples_ENCBS729HUF_,ENCSR000DTA,None,False
chr3:185070673:C>T,1363859,EXP010043,ALIGNS033319,SK-N-SH (neuroblastoma),19,9,1,EXP010043,ALIGNS033319,P49711,CTCF_HUMAN,665,SK-N-SH (neuroblastoma),189,SK-N-SH__neuroblastoma_@_labs_john-stamatoyannopoulos___biosamples_ENCBS172JMM_,ENCSR000DXQ,None,False
chr3:185070673:C>T,1363860,EXP010084,ALIGNS033338,epithelial cell of proximal tubule,8,7,1,EXP010084,ALIGNS033338,P49711,CTCF_HUMAN,1146,epithelial cell of proximal tubule,203,epithelial_cell_of_proximal_tubule@_labs_john-stamatoyannopoulos___biosamples_ENCBS402ENC_,ENCSR000DXD,None,False
chr3:185070673:C>T,1363861,EXP010116,ALIGNS033354,WERI-Rb-1 (retinoblastoma),24,5,1,EXP010116,ALIGNS033354,P49711,CTCF_HUMAN,863,WERI-Rb-1 (retinoblastoma),213,WERI-Rb-1__retinoblastoma_@_labs_john-stamatoyannopoulos___biosamples_ENCBS283KOW_,ENCSR000DXW,None,False
chr3:185070673:C>T,1363862,EXP010195,ALIGNS033383,bronchial epithelial cells,8,6,1,EXP010195,ALIGNS033383,P49711,CTCF_HUMAN,114,bronchial epithelial cells,229,bronchial_epithelial_cells@_labs_john-stamatoyannopoulos___biosamples_ENCBS768ZLU_,ENCSR000DXI,None,False
chr3:185070673:C>T,1363863,EXP010252,ALIGNS033405,"D54 (H54, Human glioblastoma)",18,18,2,EXP010252,ALIGNS033405,P49711,CTCF_HUMAN,391,"D54 (H54, Human glioblastoma)",198,D54__H54__Human_glioblastoma_@_labs_vishwanath-iyer___biosamples_ENCBS173AAA_,ENCSR000DKN,None,False
chr3:185070673:C>T,1363864,EXP010305,ALIGNS033424,AG04449 (fibroblasts),16,10,4/3,EXP010305,ALIGNS033424,P49711,CTCF_HUMAN,54,AG04449 (fibroblasts),254,AG04449__fibroblasts_@_labs_john-stamatoyannopoulos___biosamples_ENCBS338DRP_,ENCSR000DPG,None,False
chr3:185070673:C>T,1363865,EXP010352,ALIGNS033447,HCT-116 (colon carcinoma),6,5,1,EXP010352,ALIGNS033447,P49711,CTCF_HUMAN,417,HCT-116 (colon carcinoma),262,HCT-116__colon_carcinoma_@_labs_john-stamatoyannopoulos___biosamples_ENCBS257IHV_,ENCSR000DTO,None,False
chr3:185070673:C>T,1363866,EXP010472,ALIGNS033498,HEK293 (embryonic kidney),17,7,3/2,EXP010472,ALIGNS033498,P49711,CTCF_HUMAN,421,HEK293 (embryonic kidney),283,HEK293__embryonic_kidney_@_labs_john-stamatoyannopoulos___biosamples_ENCBS209KHO_,ENCSR000DTW,None,False
chr3:185070673:C>T,1363867,EXP010490,ALIGNS033505,fibroblast of pulmonary artery,37,10,4/3,EXP010490,ALIGNS033505,P49711,CTCF_HUMAN,1152,fibroblast of pulmonary artery,285,fibroblast_of_pulmonary_artery@_labs_john-stamatoyannopoulos___biosamples_ENCBS321AAA_,ENCSR000DUX,None,False
chr3:185070673:C>T,1363868,EXP010514,ALIGNS033516,SK-N-SH (neuroblastoma),6,6,3/2,EXP010514,ALIGNS033516,P49711,CTCF_HUMAN,665,SK-N-SH (neuroblastoma),176,SK-N-SH__neuroblastoma_@_labs_richard-myers___biosamples_ENCBS404ENC_,ENCSR000BLX,None,False
chr3:185070673:C>T,1363869,EXP010590,ALIGNS033545,astrocytes of cerebellum,7,7,1,EXP010590,ALIGNS033545,P49711,CTCF_HUMAN,399,astrocytes of cerebellum,298,astrocytes_of_cerebellum@_labs_john-stamatoyannopoulos___biosamples_ENCBS303AAA_,ENCSR000DSZ,None,False
chr3:185070673:C>T,1363870,EXP032633,ALIGNS035748,SUM159PT (Triple negative breast cancer),16,13,1,EXP032633,ALIGNS035748,P49711,CTCF_HUMAN,817,SUM159PT (Triple negative breast cancer),688,SUM159PT__Triple_negative_breast_cancer_@GSE46055,None,GSE46055,False
chr3:185070673:C>T,1363871,EXP032761,ALIGNS034189,HCT-116 (colon carcinoma),10,5,1,EXP032761,ALIGNS034189,P49711,CTCF_HUMAN,417,HCT-116 (colon carcinoma),704,HCT-116__colon_carcinoma_@GSE50610,None,GSE50610,False
chr3:185070673:C>T,1363872,EXP033119,ALIGNS041727,erythroid progenitors,24,12,2,EXP033119,ALIGNS041727,P49711,CTCF_HUMAN,895,erythroid progenitors,743,erythroid_progenitors@GSE52637,None,GSE52637,False
chr3:185070673:C>T,1363873,EXP035951,ALIGNS040827,HEK293 (embryonic kidney),15,13,3/2,EXP035951,ALIGNS040827,P49711,CTCF_HUMAN,421,HEK293 (embryonic kidney),1077,HEK293__embryonic_kidney_@GSE76494,None,GSE76494,False
chr3:185070673:C>T,1363874,EXP036160,ALIGNS041036,MCF7 (Invasive ductal breast carcinoma),7,15,2,EXP036160,ALIGNS041036,P49711,CTCF_HUMAN,113,MCF7 (Invasive ductal breast carcinoma),1090,MCF7__Invasive_ductal_breast_carcinoma_@GSE78113,None,GSE78113,False
chr3:185070673:C>T,1363875,EXP036161,ALIGNS041037,MCF7 (Invasive ductal breast carcinoma),13,17,2,EXP036161,ALIGNS041037,P49711,CTCF_HUMAN,113,MCF7 (Invasive ductal breast carcinoma),1090,MCF7__Invasive_ductal_breast_carcinoma_@GSE78113,None,GSE78113,False
chr3:185070673:C>T,1363876,EXP036784,ALIGNS041660,HUES64 (embryonic stem cells),29,15,3/2,EXP036784,ALIGNS041660,P49711,CTCF_HUMAN,455,HUES64 (embryonic stem cells),1144,HUES64__embryonic_stem_cells_@GSE61475,None,GSE61475,False
chr3:185070673:C>T,1363877,EXP036843,ALIGNS041921,IPSC-derived bipolar neuron,28,15,1,EXP036843,ALIGNS041921,P49711,CTCF_HUMAN,926,IPSC-derived bipolar neuron,1149,IPSC-derived_bipolar_neuron@GSE100991,None,GSE100991,False
chr3:185070673:C>T,1363878,EXP036844,ALIGNS041922,IPSC-derived bipolar neuron,39,16,1,EXP036844,ALIGNS041922,P49711,CTCF_HUMAN,926,IPSC-derived bipolar neuron,1149,IPSC-derived_bipolar_neuron@GSE100991,None,GSE100991,False
chr3:185070673:C>T,1363879,EXP036849,ALIGNS041927,PC9 (lung adenocarcinoma),6,7,3/2,EXP036849,ALIGNS041927,P49711,CTCF_HUMAN,927,PC9 (lung adenocarcinoma),1153,PC9__lung_adenocarcinoma_@GSE101051,None,GSE101051,False
chr3:185070673:C>T,1363880,EXP039610,ALIGNS044688,bipolar neuron,84,39,1,EXP039610,ALIGNS044688,P49711,CTCF_HUMAN,1145,bipolar neuron,1575,bipolar_neuron@_labs_bradley-bernstein___biosamples_ENCBS374AAA_,ENCSR066BZZ,None,False
chr3:185070673:C>T,1363881,EXP039683,ALIGNS044761,PC9 (lung adenocarcinoma),14,7,3/2,EXP039683,ALIGNS044761,P49711,CTCF_HUMAN,927,PC9 (lung adenocarcinoma),1864,PC9__lung_adenocarcinoma_@_labs_bradley-bernstein___biosamples_ENCBS177ANS_,ENCSR243INX,None,False
chr3:185070673:C>T,1363882,EXP039689,ALIGNS044767,bipolar neuron,29,16,3/2,EXP039689,ALIGNS044767,P49711,CTCF_HUMAN,1145,bipolar neuron,1534,bipolar_neuron@_labs_richard-myers___biosamples_ENCBS369AAA_,ENCSR619IUE,GSE96269,False
chr3:185070673:C>T,1363883,EXP039762,ALIGNS044840,22RV1 (prostate carcinoma),14,15,1,EXP039762,ALIGNS044840,P49711,CTCF_HUMAN,7,22RV1 (prostate carcinoma),1906,22RV1__prostate_carcinoma_@_labs_michael-snyder___biosamples_ENCBS822DIG_,ENCSR857PBV,None,False
chr3:185070673:C>T,1363884,EXP039943,ALIGNS045021,22RV1 (prostate carcinoma),16,11,1,EXP039943,ALIGNS045021,P49711,CTCF_HUMAN,7,22RV1 (prostate carcinoma),2019,22RV1__prostate_carcinoma_@_labs_michael-snyder___biosamples_ENCBS626QQL_,ENCSR847XGE,None,False
chr3:185070673:C>T,1363885,EXP040061,ALIGNS045139,HEK293 (embryonic kidney),16,7,1,EXP040061,ALIGNS045139,P49711,CTCF_HUMAN,421,HEK293 (embryonic kidney),2084,HEK293__embryonic_kidney_@_labs_michael-snyder___biosamples_ENCBS268XWC_,ENCSR617IFZ,GSE91917,False
chr3:185070673:C>T,1363886,EXP040082,ALIGNS045160,GM23338,21,18,3/2,EXP040082,ALIGNS045160,P49711,CTCF_HUMAN,1184,GM23338,1460,GM23338@_labs_richard-myers___biosamples_ENCBS368AAA_,ENCSR932ZMX,GSE96477,False
chr3:185070673:C>T,1363887,EXP040228,ALIGNS045306,HCT-116 (colon carcinoma),22,13,1,EXP040228,ALIGNS045306,P49711,CTCF_HUMAN,417,HCT-116 (colon carcinoma),2167,HCT-116__colon_carcinoma_@_labs_bradley-bernstein___biosamples_ENCBS494OPB_,ENCSR240PRQ,None,False
chr3:185070673:C>T,1363888,EXP040246,ALIGNS045324,SK-N-SH (neuroblastoma),22,11,1,EXP040246,ALIGNS045324,P49711,CTCF_HUMAN,665,SK-N-SH (neuroblastoma),2202,SK-N-SH__neuroblastoma_@_labs_bradley-bernstein___biosamples_ENCBS324TZB_,ENCSR541AMF,None,False
chr3:185070673:C>T,1363889,EXP040257,ALIGNS045335,A673 (Ewing sarcoma),5,5,1,EXP040257,ALIGNS045335,P49711,CTCF_HUMAN,288,A673 (Ewing sarcoma),2174,A673__Ewing_sarcoma_@_labs_bradley-bernstein___biosamples_ENCBS385OLC_,ENCSR611JJS,None,False
chr3:185070673:C>T,1363890,EXP040259,ALIGNS045337,GM23338,36,27,1,EXP040259,ALIGNS045337,P49711,CTCF_HUMAN,1184,GM23338,2166,GM23338@_labs_bradley-bernstein___biosamples_ENCBS368AAA_,ENCSR987GXT,None,False
chr3:185070673:C>T,1363891,EXP040385,ALIGNS045463,NB69 (neuroblastoma),22,12,4/3,EXP040385,ALIGNS045463,P49711,CTCF_HUMAN,1195,NB69 (neuroblastoma),2243,NB69__neuroblastoma_@GSE101295,None,GSE101295,False
chr3:185070673:C>T,1363892,EXP048229,ALIGNS053311,LUHMES (lund human mesencephalic cells),40,17,1,EXP048229,ALIGNS053311,P49711,CTCF_HUMAN,2260,LUHMES (lund human mesencephalic cells),2702,LUHMES__lund_human_mesencephalic_cells_@GSE109706,None,GSE109706,False
chr3:185070673:C>T,1363893,EXP048230,ALIGNS053312,LUHMES (lund human mesencephalic cells),29,14,1,EXP048230,ALIGNS053312,P49711,CTCF_HUMAN,2260,LUHMES (lund human mesencephalic cells),2702,LUHMES__lund_human_mesencephalic_cells_@GSE109706,None,GSE109706,False
chr3:185070673:C>T,1363894,EXP053099,ALIGNS057675,"MOLM-13(acute monocytic leukemia(AML), Homo sapiens)",10,8,1,EXP053099,ALIGNS057675,P49711,CTCF_HUMAN,2219,"MOLM-13(acute monocytic leukemia(AML), Homo sapiens)",2995,MOLM-13_acute_monocytic_leukemia_AML___Homo_sapiens_@GSE113040,None,GSE113040,False
chr3:185070673:C>T,1363895,EXP054519,ALIGNS059095,GM12892 (female B-cells lymphoblastoid cell line),17,12,1,EXP054519,ALIGNS059095,P49711,CTCF_HUMAN,358,GM12892 (female B-cells lymphoblastoid cell line),3229,GM12892__female_B-cells_lymphoblastoid_cell_line_@GSE50893,None,GSE50893,False
chr3:185070673:C>T,1363896,EXP054531,ALIGNS059107,GM19193 (female B-cells Lymphoblastoid Cell Lines),7,9,1,EXP054531,ALIGNS059107,P49711,CTCF_HUMAN,366,GM19193 (female B-cells Lymphoblastoid Cell Lines),3235,GM19193__female_B-cells_Lymphoblastoid_Cell_Lines_@GSE50893,None,GSE50893,False
chr3:185070673:C>T,1363897,EXP054533,ALIGNS059109,GM19238 (female B-cells lymphoblastoid cell lines),17,12,1,EXP054533,ALIGNS059109,P49711,CTCF_HUMAN,367,GM19238 (female B-cells lymphoblastoid cell lines),3236,GM19238__female_B-cells_lymphoblastoid_cell_lines_@GSE50893,None,GSE50893,False
chr3:185070673:C>T,1363898,EXP054535,ALIGNS059111,GM19239 (male B-cells lymphoblastoid cell line),9,10,1,EXP054535,ALIGNS059111,P49711,CTCF_HUMAN,368,GM19239 (male B-cells lymphoblastoid cell line),3237,GM19239__male_B-cells_lymphoblastoid_cell_line_@GSE50893,None,GSE50893,False
chr3:185070673:C>T,1363899,EXP054539,ALIGNS059115,GM02255 (Lymphoblastoid Cell Lines),16,37,1,EXP054539,ALIGNS059115,P49711,CTCF_HUMAN,2652,GM02255 (Lymphoblastoid Cell Lines),3239,GM02255__Lymphoblastoid_Cell_Lines_@GSE50893,None,GSE50893,False
chr3:185070673:C>T,1363900,EXP054543,ALIGNS059119,GM02610 (Lymphoblastoid Cell Lines),28,5,4/3,EXP054543,ALIGNS059119,P49711,CTCF_HUMAN,2654,GM02610 (Lymphoblastoid Cell Lines),3241,GM02610__Lymphoblastoid_Cell_Lines_@GSE50893,None,GSE50893,False
chr3:185070673:C>T,1363901,EXP054547,ALIGNS059123,MS-1 (Small cell lung carcinoma),19,6,1,EXP054547,ALIGNS059123,P49711,CTCF_HUMAN,2656,MS-1 (Small cell lung carcinoma),3243,MS-1__Small_cell_lung_carcinoma_@GSE50893,None,GSE50893,False
chr3:185070673:C>T,1363902,EXP058381,ALIGNS063956,HT1080 (fibrosarcoma),18,18,3/2,EXP058381,ALIGNS063956,P49711,CTCF_HUMAN,1008,HT1080 (fibrosarcoma),3634,HT1080__fibrosarcoma_@GSE122462,None,GSE122462,False
chr3:185070673:C>T,1363903,EXP058383,ALIGNS063958,HT1080 (fibrosarcoma),27,25,3/2,EXP058383,ALIGNS063958,P49711,CTCF_HUMAN,1008,HT1080 (fibrosarcoma),3634,HT1080__fibrosarcoma_@GSE122462,None,GSE122462,False
chr3:185070673:C>T,1363904,EXP060168,ALIGNS066156,Kelly (neuroblastoma),42,6,2,EXP060168,ALIGNS066156,P49711,CTCF_HUMAN,520,Kelly (neuroblastoma),3711,Kelly__neuroblastoma_@GSE103030,None,GSE103030,False
chr3:185070673:C>T,1363905,EXP060169,ALIGNS066157,Kelly (neuroblastoma),37,21,2,EXP060169,ALIGNS066157,P49711,CTCF_HUMAN,520,Kelly (neuroblastoma),3711,Kelly__neuroblastoma_@GSE103030,None,GSE103030,False
chr3:185070673:C>T,1363906,EXP060174,ALIGNS066162,Kelly (neuroblastoma),45,16,2,EXP060174,ALIGNS066162,P49711,CTCF_HUMAN,520,Kelly (neuroblastoma),3711,Kelly__neuroblastoma_@GSE103030,None,GSE103030,False
chr3:185070673:C>T,1363907,EXP060175,ALIGNS066163,Kelly (neuroblastoma),43,10,2,EXP060175,ALIGNS066163,P49711,CTCF_HUMAN,520,Kelly (neuroblastoma),3711,Kelly__neuroblastoma_@GSE103030,None,GSE103030,False
chr3:185070673:C>T,1363908,EXP060296,ALIGNS066284,Kelly (neuroblastoma),16,6,2,EXP060296,ALIGNS066284,P49711,CTCF_HUMAN,520,Kelly (neuroblastoma),3727,Kelly__neuroblastoma_@GSE115248,None,GSE115248,False
chr3:185070673:C>T,1363909,EXP060297,ALIGNS066285,Kelly (neuroblastoma),9,8,2,EXP060297,ALIGNS066285,P49711,CTCF_HUMAN,520,Kelly (neuroblastoma),3727,Kelly__neuroblastoma_@GSE115248,None,GSE115248,False
chr3:185070673:C>T,1363910,EXP060730,ALIGNS066718,glioblastoma cells,56,22,2,EXP060730,ALIGNS066718,P49711,CTCF_HUMAN,332,glioblastoma cells,3772,glioblastoma_cells@GSE121601,None,GSE121601,False
chr3:185070673:C>T,1363911,EXP060740,ALIGNS066728,HEK293 (embryonic kidney),10,10,2,EXP060740,ALIGNS066728,P49711,CTCF_HUMAN,421,HEK293 (embryonic kidney),3775,HEK293__embryonic_kidney_@GSE121998,None,GSE121998,False
chr3:185070673:C>T,1363912,EXP061119,ALIGNS067107,KMS-11 (Plasma cell myeloma),8,5,4/3,EXP061119,ALIGNS067107,P49711,CTCF_HUMAN,1183,KMS-11 (Plasma cell myeloma),3825,KMS-11__Plasma_cell_myeloma_@GSE131651,None,GSE131651,False
chr3:185070673:C>T,1363913,EXP061120,ALIGNS067108,KMS-11 (Plasma cell myeloma),11,7,4/3,EXP061120,ALIGNS067108,P49711,CTCF_HUMAN,1183,KMS-11 (Plasma cell myeloma),3825,KMS-11__Plasma_cell_myeloma_@GSE131651,None,GSE131651,False
chr3:185070673:C>T,1363914,EXP063239,ALIGNS069229,MDA-MB-435 (amelanotic melanoma),12,11,2,EXP063239,ALIGNS069229,P49711,CTCF_HUMAN,4645,MDA-MB-435 (amelanotic melanoma),3932,MDA-MB-435__amelanotic_melanoma_@GSE102019,None,GSE102019,False
chr3:185070673:C>T,1363915,EXP064083,ALIGNS070073,glioblastoma patient-derived cell model,19,17,2,EXP064083,ALIGNS070073,P49711,CTCF_HUMAN,4769,glioblastoma patient-derived cell model,4066,glioblastoma_patient-derived_cell_model@GSE139416,None,GSE139416,False
chr5:150846823:A>G,1476158,EXP054533,ALIGNS059109,GM19238 (female B-cells lymphoblastoid cell lines),17,7,1,EXP054533,ALIGNS059109,P49711,CTCF_HUMAN,367,GM19238 (female B-cells lymphoblastoid cell lines),3236,GM19238__female_B-cells_lymphoblastoid_cell_lines_@GSE50893,None,GSE50893,False
chr5:150846823:A>G,1476159,EXP054537,ALIGNS059113,GM19240 (B cells Lymphoblastoid Cell Lines),13,7,1,EXP054537,ALIGNS059113,P49711,CTCF_HUMAN,369,GM19240 (B cells Lymphoblastoid Cell Lines),3238,GM19240__B_cells_Lymphoblastoid_Cell_Lines_@GSE50893,None,GSE50893,False
chr10:92331577:G>A,605664,EXP054547,ALIGNS059123,MS-1 (Small cell lung carcinoma),26,6,1,EXP054547,ALIGNS059123,P49711,CTCF_HUMAN,2656,MS-1 (Small cell lung carcinoma),3243,MS-1__Small_cell_lung_carcinoma_@GSE50893,None,GSE50893,False
