sequence_id,same_token_count,mismatched_patched_positions,mismatched_indices,clean_offsets,corrupted_offsets
test:2:chr20:257674-257974|1,True,2,"[5, 6]","[[0, 0], [0, 5], [5, 11], [11, 15], [15, 20], [20, 26], [26, 30], [30, 33], [33, 40], [40, 43], [43, 48], [48, 52], [52, 56], [56, 61], [61, 64], [64, 71], [71, 77], [77, 80], [80, 85], [85, 89], [89, 93], [93, 99], [99, 105], [105, 109], [109, 116], [116, 122], [122, 127], [127, 131], [131, 137], [137, 142], [142, 147], [147, 153], [153, 156], [156, 163], [163, 167], [167, 172], [172, 176], [176, 181], [181, 186], [186, 192], [192, 199], [199, 202], [202, 206], [206, 211], [211, 216], [216, 223], [223, 229], [229, 233], [233, 237], [237, 240], [240, 246], [246, 248], [248, 253], [253, 261], [261, 266], [266, 271], [271, 275], [275, 281], [281, 287], [287, 291], [291, 295], [295, 300], [0, 0]]","[[0, 0], [0, 5], [5, 11], [11, 15], [15, 20], [20, 24], [24, 30], [30, 33], [33, 40], [40, 43], [43, 48], [48, 52], [52, 56], [56, 61], [61, 64], [64, 71], [71, 77], [77, 80], [80, 85], [85, 89], [89, 93], [93, 99], [99, 105], [105, 109], [109, 116], [116, 122], [122, 127], [127, 131], [131, 137], [137, 142], [142, 147], [147, 153], [153, 156], [156, 163], [163, 167], [167, 172], [172, 176], [176, 181], [181, 186], [186, 192], [192, 199], [199, 202], [202, 206], [206, 211], [211, 216], [216, 223], [223, 229], [229, 233], [233, 237], [237, 240], [240, 246], [246, 248], [248, 253], [253, 261], [261, 266], [266, 271], [271, 275], [275, 281], [281, 287], [287, 291], [291, 295], [295, 300], [0, 0]]"
test:7:chr20:2295951-2296251|1,True,0,[],"[[0, 0], [0, 6], [6, 11], [11, 18], [18, 21], [21, 27], [27, 31], [31, 36], [36, 41], [41, 45], [45, 50], [50, 54], [54, 60], [60, 66], [66, 69], [69, 74], [74, 80], [80, 86], [86, 92], [92, 96], [96, 100], [100, 106], [106, 111], [111, 115], [115, 119], [119, 123], [123, 130], [130, 137], [137, 140], [140, 145], [145, 147], [147, 152], [152, 156], [156, 162], [162, 166], [166, 171], [171, 175], [175, 180], [180, 185], [185, 189], [189, 195], [195, 201], [201, 206], [206, 211], [211, 215], [215, 223], [223, 227], [227, 231], [231, 235], [235, 240], [240, 245], [245, 249], [249, 254], [254, 259], [259, 262], [262, 268], [268, 273], [273, 278], [278, 283], [283, 289], [289, 294], [294, 298], [298, 300], [0, 0]]","[[0, 0], [0, 6], [6, 11], [11, 18], [18, 21], [21, 27], [27, 31], [31, 36], [36, 41], [41, 45], [45, 50], [50, 54], [54, 60], [60, 66], [66, 69], [69, 74], [74, 80], [80, 86], [86, 92], [92, 96], [96, 100], [100, 106], [106, 111], [111, 115], [115, 119], [119, 123], [123, 130], [130, 137], [137, 140], [140, 145], [145, 147], [147, 152], [152, 156], [156, 162], [162, 166], [166, 171], [171, 175], [175, 180], [180, 185], [185, 189], [189, 195], [195, 201], [201, 206], [206, 211], [211, 215], [215, 223], [223, 227], [227, 231], [231, 235], [235, 240], [240, 245], [245, 249], [249, 254], [254, 259], [259, 262], [262, 268], [268, 273], [273, 278], [278, 283], [283, 289], [289, 294], [294, 298], [298, 300], [0, 0]]"
test:12:chr20:3796260-3796560|1,True,0,[],"[[0, 0], [0, 5], [5, 12], [12, 17], [17, 21], [21, 27], [27, 31], [31, 34], [34, 40], [40, 44], [44, 50], [50, 54], [54, 62], [62, 69], [69, 74], [74, 80], [80, 85], [85, 91], [91, 95], [95, 102], [102, 107], [107, 113], [113, 119], [119, 122], [122, 124], [124, 129], [129, 132], [132, 137], [137, 143], [143, 148], [148, 152], [152, 158], [158, 166], [166, 171], [171, 175], [175, 180], [180, 185], [185, 190], [190, 193], [193, 199], [199, 203], [203, 209], [209, 213], [213, 217], [217, 221], [221, 226], [226, 231], [231, 235], [235, 240], [240, 245], [245, 249], [249, 254], [254, 257], [257, 261], [261, 265], [265, 268], [268, 274], [274, 278], [278, 282], [282, 288], [288, 294], [294, 300], [0, 0]]","[[0, 0], [0, 5], [5, 12], [12, 17], [17, 21], [21, 27], [27, 31], [31, 34], [34, 40], [40, 44], [44, 50], [50, 54], [54, 62], [62, 69], [69, 74], [74, 80], [80, 85], [85, 91], [91, 95], [95, 102], [102, 107], [107, 113], [113, 119], [119, 122], [122, 124], [124, 129], [129, 132], [132, 137], [137, 143], [143, 148], [148, 152], [152, 158], [158, 166], [166, 171], [171, 175], [175, 180], [180, 185], [185, 190], [190, 193], [193, 199], [199, 203], [203, 209], [209, 213], [213, 217], [217, 221], [221, 226], [226, 231], [231, 235], [235, 240], [240, 245], [245, 249], [249, 254], [254, 257], [257, 261], [261, 265], [265, 268], [268, 274], [274, 278], [278, 282], [282, 288], [288, 294], [294, 300], [0, 0]]"
test:30:chr20:31605239-31605539|1,True,4,"[3, 4, 5, 6]","[[0, 0], [0, 3], [3, 8], [8, 11], [11, 16], [16, 20], [20, 25], [25, 30], [30, 36], [36, 41], [41, 47], [47, 52], [52, 55], [55, 59], [59, 64], [64, 69], [69, 76], [76, 81], [81, 88], [88, 91], [91, 98], [98, 103], [103, 109], [109, 115], [115, 119], [119, 123], [123, 128], [128, 135], [135, 138], [138, 143], [143, 149], [149, 154], [154, 157], [157, 164], [164, 170], [170, 176], [176, 181], [181, 184], [184, 188], [188, 194], [194, 198], [198, 201], [201, 207], [207, 211], [211, 216], [216, 220], [220, 226], [226, 230], [230, 233], [233, 235], [235, 241], [241, 244], [244, 249], [249, 253], [253, 258], [258, 261], [261, 265], [265, 272], [272, 276], [276, 282], [282, 286], [286, 290], [290, 295], [295, 299], [299, 300], [0, 0]]","[[0, 0], [0, 3], [3, 8], [8, 13], [13, 18], [18, 22], [22, 25], [25, 30], [30, 36], [36, 41], [41, 47], [47, 52], [52, 55], [55, 59], [59, 64], [64, 69], [69, 76], [76, 81], [81, 88], [88, 91], [91, 98], [98, 103], [103, 109], [109, 115], [115, 119], [119, 123], [123, 128], [128, 135], [135, 138], [138, 143], [143, 149], [149, 154], [154, 157], [157, 164], [164, 170], [170, 176], [176, 181], [181, 184], [184, 188], [188, 194], [194, 198], [198, 201], [201, 207], [207, 211], [211, 216], [216, 220], [220, 226], [226, 230], [230, 233], [233, 235], [235, 241], [241, 244], [244, 249], [249, 253], [253, 258], [258, 261], [261, 265], [265, 272], [272, 276], [276, 282], [282, 286], [286, 290], [290, 295], [295, 299], [299, 300], [0, 0]]"
test:40:chr20:37261803-37262103|1,True,0,[],"[[0, 0], [0, 7], [7, 12], [12, 18], [18, 23], [23, 28], [28, 32], [32, 39], [39, 45], [45, 51], [51, 56], [56, 61], [61, 65], [65, 71], [71, 76], [76, 83], [83, 90], [90, 95], [95, 100], [100, 103], [103, 110], [110, 115], [115, 118], [118, 123], [123, 129], [129, 133], [133, 140], [140, 147], [147, 151], [151, 155], [155, 162], [162, 167], [167, 171], [171, 173], [173, 179], [179, 184], [184, 190], [190, 195], [195, 201], [201, 204], [204, 209], [209, 213], [213, 218], [218, 222], [222, 226], [226, 231], [231, 236], [236, 240], [240, 245], [245, 249], [249, 254], [254, 258], [258, 263], [263, 266], [266, 271], [271, 277], [277, 283], [283, 286], [286, 291], [291, 296], [296, 300], [0, 0]]","[[0, 0], [0, 7], [7, 12], [12, 18], [18, 23], [23, 28], [28, 32], [32, 39], [39, 45], [45, 51], [51, 56], [56, 61], [61, 65], [65, 71], [71, 76], [76, 83], [83, 90], [90, 95], [95, 100], [100, 103], [103, 110], [110, 115], [115, 118], [118, 123], [123, 129], [129, 133], [133, 140], [140, 147], [147, 151], [151, 155], [155, 162], [162, 167], [167, 171], [171, 173], [173, 179], [179, 184], [184, 190], [190, 195], [195, 201], [201, 204], [204, 209], [209, 213], [213, 218], [218, 222], [222, 226], [226, 231], [231, 236], [236, 240], [240, 245], [245, 249], [249, 254], [254, 258], [258, 263], [263, 266], [266, 271], [271, 277], [277, 283], [283, 286], [286, 291], [291, 296], [296, 300], [0, 0]]"
test:47:chr20:43945846-43946146|1,True,3,"[5, 6, 7]","[[0, 0], [0, 2], [2, 7], [7, 11], [11, 16], [16, 21], [21, 25], [25, 29], [29, 35], [35, 39], [39, 42], [42, 48], [48, 54], [54, 60], [60, 67], [67, 71], [71, 76], [76, 79], [79, 86], [86, 91], [91, 93], [93, 97], [97, 101], [101, 107], [107, 113], [113, 117], [117, 122], [122, 127], [127, 130], [130, 135], [135, 138], [138, 142], [142, 147], [147, 153], [153, 157], [157, 161], [161, 167], [167, 171], [171, 176], [176, 182], [182, 185], [185, 188], [188, 193], [193, 199], [199, 203], [203, 210], [210, 212], [212, 218], [218, 225], [225, 231], [231, 235], [235, 239], [239, 243], [243, 250], [250, 255], [255, 261], [261, 266], [266, 270], [270, 274], [274, 278], [278, 286], [286, 292], [292, 297], [297, 300], [0, 0]]","[[0, 0], [0, 2], [2, 7], [7, 11], [11, 16], [16, 20], [20, 23], [23, 29], [29, 35], [35, 39], [39, 42], [42, 48], [48, 54], [54, 60], [60, 67], [67, 71], [71, 76], [76, 79], [79, 86], [86, 91], [91, 93], [93, 97], [97, 101], [101, 107], [107, 113], [113, 117], [117, 122], [122, 127], [127, 130], [130, 135], [135, 138], [138, 142], [142, 147], [147, 153], [153, 157], [157, 161], [161, 167], [167, 171], [171, 176], [176, 182], [182, 185], [185, 188], [188, 193], [193, 199], [199, 203], [203, 210], [210, 212], [212, 218], [218, 225], [225, 231], [231, 235], [235, 239], [239, 243], [243, 250], [250, 255], [255, 261], [261, 266], [266, 270], [270, 274], [274, 278], [278, 286], [286, 292], [292, 297], [297, 300], [0, 0]]"
test:61:chr20:45912144-45912444|1,True,3,"[7, 8, 9]","[[0, 0], [0, 3], [3, 9], [9, 13], [13, 18], [18, 24], [24, 30], [30, 37], [37, 41], [41, 44], [44, 48], [48, 53], [53, 59], [59, 65], [65, 71], [71, 75], [75, 80], [80, 85], [85, 91], [91, 95], [95, 99], [99, 104], [104, 110], [110, 115], [115, 117], [117, 122], [122, 128], [128, 134], [134, 142], [142, 147], [147, 151], [151, 156], [156, 162], [162, 165], [165, 171], [171, 177], [177, 181], [181, 186], [186, 192], [192, 196], [196, 199], [199, 206], [206, 210], [210, 215], [215, 220], [220, 224], [224, 230], [230, 236], [236, 240], [240, 247], [247, 250], [250, 255], [255, 260], [260, 266], [266, 270], [270, 274], [274, 281], [281, 287], [287, 293], [293, 299], [299, 300], [0, 0]]","[[0, 0], [0, 3], [3, 9], [9, 13], [13, 18], [18, 24], [24, 30], [30, 35], [35, 39], [39, 44], [44, 48], [48, 53], [53, 59], [59, 65], [65, 71], [71, 75], [75, 80], [80, 85], [85, 91], [91, 95], [95, 99], [99, 104], [104, 110], [110, 115], [115, 117], [117, 122], [122, 128], [128, 134], [134, 142], [142, 147], [147, 151], [151, 156], [156, 162], [162, 165], [165, 171], [171, 177], [177, 181], [181, 186], [186, 192], [192, 196], [196, 199], [199, 206], [206, 210], [210, 215], [215, 220], [220, 224], [224, 230], [230, 236], [236, 240], [240, 247], [247, 250], [250, 255], [255, 260], [260, 266], [266, 270], [270, 274], [274, 281], [281, 287], [287, 293], [293, 299], [299, 300], [0, 0]]"
test:68:chr20:54059009-54059309|1,True,3,"[7, 8, 9]","[[0, 0], [0, 6], [6, 12], [12, 15], [15, 21], [21, 27], [27, 34], [34, 38], [38, 43], [43, 46], [46, 51], [51, 55], [55, 61], [61, 69], [69, 75], [75, 81], [81, 85], [85, 90], [90, 94], [94, 100], [100, 104], [104, 107], [107, 112], [112, 115], [115, 121], [121, 125], [125, 129], [129, 136], [136, 142], [142, 146], [146, 152], [152, 158], [158, 163], [163, 168], [168, 173], [173, 178], [178, 182], [182, 186], [186, 191], [191, 196], [196, 201], [201, 206], [206, 211], [211, 221], [221, 223], [223, 229], [229, 236], [236, 242], [242, 245], [245, 251], [251, 255], [255, 260], [260, 268], [268, 274], [274, 278], [278, 282], [282, 289], [289, 294], [294, 299], [299, 300], [0, 0]]","[[0, 0], [0, 6], [6, 12], [12, 15], [15, 21], [21, 27], [27, 34], [34, 37], [37, 40], [40, 46], [46, 51], [51, 55], [55, 61], [61, 69], [69, 75], [75, 81], [81, 85], [85, 90], [90, 94], [94, 100], [100, 104], [104, 107], [107, 112], [112, 115], [115, 121], [121, 125], [125, 129], [129, 136], [136, 142], [142, 146], [146, 152], [152, 158], [158, 163], [163, 168], [168, 173], [173, 178], [178, 182], [182, 186], [186, 191], [191, 196], [196, 201], [201, 206], [206, 211], [211, 221], [221, 223], [223, 229], [229, 236], [236, 242], [242, 245], [245, 251], [251, 255], [255, 260], [260, 268], [268, 274], [274, 278], [278, 282], [282, 289], [289, 294], [294, 299], [299, 300], [0, 0]]"
test:99:chr21:42216059-42216359|1,True,3,"[5, 6, 7]","[[0, 0], [0, 5], [5, 10], [10, 17], [17, 21], [21, 27], [27, 32], [32, 35], [35, 41], [41, 46], [46, 52], [52, 58], [58, 65], [65, 71], [71, 76], [76, 80], [80, 84], [84, 91], [91, 97], [97, 103], [103, 108], [108, 111], [111, 116], [116, 122], [122, 127], [127, 133], [133, 137], [137, 143], [143, 149], [149, 156], [156, 162], [162, 165], [165, 170], [170, 175], [175, 179], [179, 183], [183, 187], [187, 191], [191, 196], [196, 200], [200, 204], [204, 208], [208, 214], [214, 220], [220, 223], [223, 228], [228, 234], [234, 241], [241, 248], [248, 255], [255, 259], [259, 265], [265, 271], [271, 277], [277, 283], [283, 287], [287, 291], [291, 295], [295, 299], [299, 300], [0, 0]]","[[0, 0], [0, 5], [5, 10], [10, 17], [17, 21], [21, 25], [25, 29], [29, 35], [35, 41], [41, 46], [46, 52], [52, 58], [58, 65], [65, 71], [71, 76], [76, 80], [80, 84], [84, 91], [91, 97], [97, 103], [103, 108], [108, 111], [111, 116], [116, 122], [122, 127], [127, 133], [133, 137], [137, 143], [143, 149], [149, 156], [156, 162], [162, 165], [165, 170], [170, 175], [175, 179], [179, 183], [183, 187], [187, 191], [191, 196], [196, 200], [200, 204], [204, 208], [208, 214], [214, 220], [220, 223], [223, 228], [228, 234], [234, 241], [241, 248], [248, 255], [255, 259], [259, 265], [265, 271], [271, 277], [277, 283], [283, 287], [287, 291], [291, 295], [295, 299], [299, 300], [0, 0]]"
test:101:chr21:43168983-43169283|1,True,0,[],"[[0, 0], [0, 7], [7, 13], [13, 19], [19, 23], [23, 27], [27, 31], [31, 35], [35, 41], [41, 46], [46, 53], [53, 58], [58, 64], [64, 70], [70, 75], [75, 81], [81, 87], [87, 93], [93, 98], [98, 104], [104, 109], [109, 115], [115, 119], [119, 121], [121, 126], [126, 133], [133, 138], [138, 142], [142, 148], [148, 153], [153, 158], [158, 163], [163, 169], [169, 174], [174, 179], [179, 184], [184, 187], [187, 190], [190, 195], [195, 199], [199, 204], [204, 211], [211, 217], [217, 220], [220, 227], [227, 232], [232, 236], [236, 241], [241, 246], [246, 252], [252, 256], [256, 261], [261, 265], [265, 269], [269, 274], [274, 276], [276, 281], [281, 287], [287, 293], [293, 297], [297, 300], [0, 0]]","[[0, 0], [0, 7], [7, 13], [13, 19], [19, 23], [23, 27], [27, 31], [31, 35], [35, 41], [41, 46], [46, 53], [53, 58], [58, 64], [64, 70], [70, 75], [75, 81], [81, 87], [87, 93], [93, 98], [98, 104], [104, 109], [109, 115], [115, 119], [119, 121], [121, 126], [126, 133], [133, 138], [138, 142], [142, 148], [148, 153], [153, 158], [158, 163], [163, 169], [169, 174], [174, 179], [179, 184], [184, 187], [187, 190], [190, 195], [195, 199], [199, 204], [204, 211], [211, 217], [217, 220], [220, 227], [227, 232], [232, 236], [236, 241], [241, 246], [246, 252], [252, 256], [256, 261], [261, 265], [265, 269], [269, 274], [274, 276], [276, 281], [281, 287], [287, 293], [293, 297], [297, 300], [0, 0]]"
