layer,head,mean_pm,median_pm,pm_loo_low,pm_loo_high,mean,median,ci_low,ci_high,loo_low,loo_high
0,0,0.17372819185769522,-0.0043609840435146156,0.04138385942393273,0.20252278066645274,0.04569012969732285,0.010270953178405762,-0.050341946743428706,0.18448544859886162,-0.0059009939432144165,0.06906978123717838
0,1,0.20092281677406768,0.05608130937706851,0.09517360261134725,0.241809395838552,0.010322044789791106,-0.01662886142730713,-0.06199604723602533,0.08972247604280703,-0.013020676043298509,0.02864862647321489
0,2,-0.009907472430329054,0.021982114618193917,-0.06183812293268826,0.057920831248321335,-0.012373316287994384,-0.020613551139831543,-0.109070203602314,0.07144229173660277,-0.03772143522898356,0.02568738990359836
0,3,-0.03302214167178033,0.0006450789753166287,-0.038225534736186687,0.0019817495382024597,0.0016721844673156737,-0.003146052360534668,-0.005009971559047699,0.010947396159172054,-0.0025355683432685006,0.002964403894212511
0,4,-0.020769108262497678,-0.0007662754995993808,-0.023358178761823476,-0.00040080075677340375,0.002277672290802002,0.00026607513427734375,-0.0010678640007972717,0.00719616800546646,-4.5418739318847656e-05,0.0029257271024915907
0,5,-0.04536425298506833,-0.008308209576656157,-0.07825091670593376,0.025697998623243498,-0.0017656683921813965,0.001615762710571289,-0.026762717962265013,0.02190499693155288,-0.010607706175910102,0.006205942895677354
0,6,-0.01032308432748931,-0.0012570592197974628,-0.022786284534578885,0.0072123079747497265,-0.019073593616485595,-0.008493304252624512,-0.04266129791736603,0.0008835664391517636,-0.024025771352979872,-0.010504364967346191
0,7,-0.13947434754186708,0.009315796129893394,-0.16772687901986896,0.01364884020027457,0.0067201733589172365,0.014253318309783936,-0.046176777184009546,0.057594673633575406,-0.011689702669779459,0.023532297876146104
0,8,0.17392154491134065,0.44667163630441276,-0.18699167915992942,0.817864451983597,0.3355054497718811,0.3349672555923462,-0.1330660179257393,0.8589503039419649,0.15524335702260336,0.45235642459657455
0,9,-0.3283441871451313,-0.008931828896401154,-0.37058015344215034,-0.10454679042972742,-0.048398257791996004,-0.00472790002822876,-0.17749633576720952,0.054124649763107296,-0.08334565328227149,0.004124136434661018
0,10,-0.008539020108785126,-0.0019474496469237758,-0.010151590363155803,-0.002391921213558084,-0.0011748313903808595,0.000537574291229248,-0.004715612232685089,0.001931861639022827,-0.002111514409383138,-0.00030595726437038847
0,11,-0.06999304666894383,-0.07098193755408078,-0.10919403686541707,-0.023319423640961956,0.017454789578914644,0.051383256912231445,-0.057126441709697245,0.08202288303524252,0.0014160192675060695,0.04206638866000705
1,0,-0.15580662479465127,-0.06718935232193629,-0.3182760819924006,0.07069752220759029,0.014471501111984253,0.05891072750091553,-0.1459435625374317,0.16012382686138146,-0.028618209891849093,0.05865682495964898
1,1,-0.008890470273858146,-0.0028889541747781893,-0.01486623844980816,-0.00014504861310158594,-0.01636192947626114,-0.008075594902038574,-0.037315785586833954,-0.0012545242905616766,-0.01923161248366038,-0.00889138380686442
1,2,-0.010782743183652192,-0.012166963905971818,-0.05198223708712821,0.026513576968327623,0.03847473859786987,0.03289937973022461,0.009789837002754211,0.08007892042398453,0.019864228036668565,0.04324344793955485
1,3,0.004534410184167842,-0.000587949799912341,-0.0009261914038429998,0.01321035676000281,0.01568063497543335,-0.002629995346069336,-0.012790511846542358,0.053284645974636044,0.0018741024865044488,0.021197040875752766
1,4,-0.03503075437451479,-0.003850197594639163,-0.040854350072185665,-0.00331588362983685,-0.003420710563659668,-0.0048139095306396484,-0.02197771370410919,0.010487138032913209,-0.00784603754679362,0.003461652331882053
1,5,0.04271028968949724,-0.00020879244225326457,-0.006529791280754316,0.05613535643436977,-0.009404134750366212,-0.005707502365112305,-0.04476599454879761,0.023967764973640438,-0.01849068535698785,0.0014419290754530164
1,6,0.09935884403065556,0.0246983422470074,0.050972274553641936,0.11161340321724326,0.02181481122970581,-0.007828354835510254,-0.030437109768390654,0.10390463322401045,-0.00761266549428304,0.030989978048536513
1,7,0.18323609346952482,0.07469795566317255,0.043359968198896266,0.22091449759499024,0.009615610539913177,0.021040678024291992,-0.0685305205360055,0.09287932965904473,-0.012129228976037767,0.028888013627794053
1,8,-0.26897802879172616,-0.0298529684682773,-0.5172113623932473,0.2741309515455841,0.21610684990882872,0.2968977689743042,-0.04659256562590599,0.4497306150197983,0.15486553642484877,0.3041638533274333
1,9,-0.09597394139560728,-0.025235127901643464,-0.11092595838582699,-0.03746624282969871,-0.029776300489902496,-0.029228687286376953,-0.07018612835556269,0.0057146543264388954,-0.040943187144067555,-0.015958006183306377
1,10,0.10089063515645844,0.0002777938759328225,0.05934296426896974,0.13158936228037874,-0.03947031497955322,-0.036080002784729004,-0.1087182605266571,0.040765812397003165,-0.07121147049797906,-0.019865910212198894
1,11,0.006446989973737685,-0.0036356421094053586,-0.006970840337497875,0.013753495916989917,-0.002433192729949951,-0.00046455860137939453,-0.0157010880112648,0.011420044898986815,-0.006716079182094998,0.0016206238004896375
2,0,-0.3509276557124853,-0.045214304323740614,-0.42899847429812954,0.045234672685708986,0.10255684852600097,0.09593796730041504,-0.0026039269566535926,0.2155836945772171,0.0645151933034261,0.13071653578016493
2,1,0.04797605883792436,-0.03700315244287745,-0.119160845070143,0.1329671410826355,-0.1058400183916092,-0.12470639497041702,-0.20265113621950148,-0.023016631640493883,-0.12648532456821865,-0.07202495800124274
2,2,0.1836068650089828,0.11145719963185828,0.12931377288249207,0.21102823587288477,0.03196835517883301,0.022682547569274902,-0.06932645976543426,0.1507718700170517,0.0002357959747314453,0.0644789801703559
2,3,-0.1830019585229613,-0.06287881869959887,-0.22011601627867228,-0.0746156458343704,-0.046955205500125885,-0.03377676010131836,-0.13822606202214954,0.028410414494574064,-0.06679601305060917,-0.020698719554477267
2,4,-0.19405087698058437,-0.03357342170555276,-0.2238930525332799,-0.03830045647046373,-0.001032640039920807,0.003972053527832031,-0.08341680616140365,0.07030863642692564,-0.021291337079472013,0.028959327273898654
2,5,-0.019576516510717012,0.0031038215778547247,-0.028000190387324334,-0.010288260620167725,-0.012975598871707916,-0.014075636863708496,-0.0538340437412262,0.025973301790654657,-0.028959434893396165,-0.0015487008624606663
2,6,0.02580533046135291,0.009791342678755248,-0.03669129583995151,0.06729725358885061,0.003026866912841797,-0.04392290115356445,-0.05322721004486084,0.071852171421051,-0.021731151474846735,0.014386283026801215
2,7,0.3610606790623344,0.03055642401607033,0.03946311155203011,0.4188629997155315,0.04556984752416611,0.07824444770812988,-0.06090537820011377,0.13353415966033935,0.026880209644635517,0.09172680642869738
2,8,0.18501145747008668,0.05087552161262459,0.06383942468949824,0.28568612439686475,0.06579315662384033,0.011984586715698242,-0.07679215312004088,0.24140691399574274,-0.007981962627834745,0.10213859875996907
2,9,0.18872317776458253,0.08461523003500647,0.0834472288091492,0.2695758921785059,0.029932546615600585,-0.029140353202819824,-0.11562110722064972,0.21037354767322533,-0.03896861606174045,0.06419489118787977
2,10,0.07904561523575596,0.033919754326093565,0.022099650546186407,0.09280178965211855,0.0029464125633239745,-0.015966057777404785,-0.030188817381858826,0.047146667242050154,-0.010865145259433322,0.01074108812544081
2,11,0.05430495128758722,0.004850183985534197,0.00497391056306681,0.06616938942346538,-0.008237113058567048,0.0007417201995849609,-0.04525870829820633,0.022595050930976857,-0.015248657928572761,0.006047487258911133
3,0,0.12654038424890998,0.0332990715172387,0.006523254596530532,0.15127531362695754,0.049350415170192716,0.0872882604598999,-0.01420424323529005,0.10737170934677123,0.0351245254278183,0.0700659884346856
3,1,-0.38711066212496437,-0.12889399701069204,-0.43119609951028826,-0.13474379462249805,0.10183095932006836,0.08992791175842285,0.017111231684684754,0.1822561240196228,0.07958817481994629,0.12229241265190972
3,2,-0.08761386916816342,-0.015170748750913362,-0.11921591627905562,-0.03419507847672677,-0.027326440811157225,0.0005157589912414551,-0.10948646008968353,0.04536686956882476,-0.04850869708591037,0.005768564012315538
3,3,0.044909385278912174,-0.0013666463677602589,-0.039711339941889565,0.10593882885711937,0.020042896270751953,0.03292924165725708,-0.0785430708527565,0.1211560922861099,-0.017119778527153864,0.04855432775285509
3,4,0.11215463602960855,0.040880822975834445,-0.03857637550527161,0.23704271394067536,-0.12771676927804948,-0.0885191559791565,-0.24139316558837892,-0.04019682053476573,-0.14609812531206343,-0.077586453821924
3,5,-0.07863731970789668,-0.025099195801587752,-0.09895245433800723,-0.02450919732357114,0.07528038024902343,0.04177922010421753,0.03144108831882477,0.13432574570178984,0.05346275700463189,0.08539401160346137
3,6,-0.19033928076863224,0.030069087531093486,-0.28608165705287525,0.012995009706482128,0.15572521686553956,0.1856023073196411,0.04222322106361389,0.2701345610618591,0.12410630120171441,0.18572423193189833
3,7,-0.06386485561241757,0.001329162219096171,-0.11423110395581805,0.028443846071068743,0.04870308637619018,0.030500411987304688,0.0019141069054603576,0.102401937842369,0.029358956548902724,0.05951768822140164
3,8,0.2952843902596095,0.06484159689634889,0.1892786246594287,0.33479066938723295,-0.021211279928684233,-0.015343666076660156,-0.11856798119843007,0.08273760918527838,-0.0598614364862442,0.0048774199353324044
3,9,-0.008212062514937469,0.006116831672429915,-0.02145759961698946,0.01736944033783294,-0.01599409580230713,-0.012924790382385254,-0.05611403375864028,0.022562571763992307,-0.026999711990356445,-0.0004734992980957031
3,10,0.29843243195785785,0.03847503982839059,0.18719996610064238,0.3512594171158685,0.08751545995473861,0.027150511741638184,-0.07617216739803552,0.2792599792033434,0.02216658161746131,0.13945114447010887
3,11,-0.10895095873005926,-0.02210145969757911,-0.12450138544477131,-0.0615387734943805,2.7821958065032958e-05,0.014307618141174316,-0.052035261467099185,0.03672797560691833,-0.009226840403344896,0.016025741895039875
4,0,-0.11864203866976579,0.012045392545984135,-0.29608578525429796,0.168118460904275,0.14617325067520143,0.021369338035583496,-0.019145403802394864,0.344510101377964,0.06843806637658013,0.1863466501235962
4,1,-0.018088041205790422,0.034843656899077834,-0.10016647562495784,0.08357284112511452,-0.1227648288011551,-0.08144593983888626,-0.23702242143452168,-0.03732850763946772,-0.1449588437875112,-0.07709363102912903
4,2,0.02493754645882066,-0.01885010322788435,-0.03887549432102602,0.06458928193846109,0.03507889360189438,-0.01590752601623535,-0.08186189167201519,0.15754039589315652,-0.01279191341665056,0.06653814845614964
4,3,0.11804374334058473,0.062465657195677995,0.04403948791727286,0.15957018220564842,-0.08058157116174698,-0.06940937042236328,-0.1453587454929948,-0.014421160258352769,-0.09864017864068349,-0.05855698221259647
4,4,-0.04006585261906951,0.005672327947807169,-0.10045027862831847,0.12016222666314391,-0.015676712989807128,0.03487062454223633,-0.16434130936861038,0.10728497445583342,-0.04266709751553006,0.03276332219441732
4,5,-0.4680958607789118,0.014360048068688592,-0.534717332073859,-0.00817467681141526,0.056065165996551515,-0.015660643577575684,-0.08283363997936248,0.20483273208141325,0.004135251045227051,0.08506227864159478
4,6,-0.2740553457962058,0.13076857797998132,-0.45490844593561797,0.31722116120789107,0.3449912786483765,0.558942437171936,0.01909503459930421,0.6394577658176421,0.28705016109678483,0.4539525508880615
4,7,-0.03355536963524895,0.0009642268085381841,-0.058445382615249404,0.03127819513458905,-0.005270875990390778,-0.0006899833679199219,-0.030569161213934423,0.02157151162624358,-0.013645690348413255,0.002302752600775825
4,8,0.06996177640223214,0.0018202652438415751,0.004458949098915273,0.09665668942711804,0.022134113311767577,0.042976975440979004,-0.048532122373580934,0.08976114273071288,0.006922933790418837,0.04988204108344184
4,9,-0.244670367262588,-0.027749053347517913,-0.29223475433648327,-0.014491786443174713,0.004750669002532959,-0.02182525396347046,-0.056545760631561276,0.07371942549943922,-0.023960020807054307,0.020776046646965876
4,10,-0.10190116333553807,-0.11625256567672841,-0.19787577214069363,-0.03565111112277211,0.019550392031669618,-0.04827798157930374,-0.13572469476610424,0.18989190611988305,-0.039305822716818914,0.06610313720173305
4,11,-0.0844637592408082,-0.004575419911690056,-0.09567733053061535,-0.00404358272694991,0.00267258882522583,-0.0037637948989868164,-0.013679739236831665,0.02478836327791214,-0.007232997152540419,0.005849162737528483
5,0,0.09936911827344577,0.01462079555909877,-0.007258447627934767,0.13088441897549952,0.022989855706691743,0.02723407745361328,-0.03280462022870779,0.09048501878976821,-0.00017334520816802979,0.04231575959258609
5,1,-0.13243039948678603,0.08115345615455337,-0.17641558019510922,0.07428123066758034,-0.0009538069367408753,-0.01961362361907959,-0.11362688202410937,0.10616895496845245,-0.030730712744924758,0.02907155454158783
5,2,-0.12620734430278463,-0.005082248438606252,-0.14959222427056845,0.0027726451723866477,0.014103353023529053,0.019289016723632812,-0.01965342819690704,0.05027710378170011,-0.0005758470959133572,0.022820221053229436
5,3,0.012608043169005864,-0.04786775681311353,-0.06964794891027165,0.052469704439202264,0.08568372726440429,0.0025954246520996094,-0.03567072629928589,0.21758803784847255,0.04121806886461046,0.11974223454793294
5,4,-0.020567080435250816,0.0356486579690172,-0.0429300980275164,0.04353546389950073,0.014235591888427735,0.03738236427307129,-0.061027628779411314,0.08404967844486237,-0.0076422956254747175,0.043999830881754555
5,5,-0.3822175046074058,-0.04562296619782718,-0.44377395079079723,-0.04090075683216189,0.04624378532171249,0.011205554008483887,-0.04987605221569538,0.14885149598121641,0.0077810270918740165,0.07535809775193532
5,6,-0.0339426281747461,-0.027432696662668905,-0.04363476284902931,-0.02360984823930446,0.007769286632537842,-0.016456246376037598,-0.024063647389411923,0.04987881332635879,-0.009975870450337728,0.014031926790873209
5,7,0.04973512586163111,-0.028060000887094965,-0.0348313123299319,0.07042391586976174,0.029726992547512054,0.019821643829345703,-0.01646808620542288,0.0800711315870285,0.0141973743836085,0.043265197012159556
5,8,-0.2867926112179767,0.08077428241197705,-0.47389798776370795,0.2604863752500701,0.1511187732219696,0.16043329238891602,-0.05601271033287048,0.33749140083789825,0.10211445887883504,0.21344433890448677
5,9,0.018523504438293113,0.02761046257091511,-0.0024657512289522465,0.04163053272932993,-0.003458893299102783,-0.010963916778564453,-0.04330155223608017,0.03550885170698164,-0.017029033766852483,0.009777691629197862
5,10,-0.03194913690647028,-0.013331070656177153,-0.042823623942887655,-0.015500186208966447,0.008953845500946045,0.00902789831161499,-0.02990654945373535,0.04757571965456008,-0.004761179288228353,0.019686579704284668
5,11,-0.06367979055800625,-0.03830121184187246,-0.10167617515069424,-0.02469471858346306,0.038546763360500336,0.06642365455627441,-0.018920129649341103,0.08818318367004392,0.02513939638932546,0.054399369491471186
6,0,0.19017222380160254,0.04183007763025651,0.03781403485636073,0.241408283363938,0.04841116517782211,0.02116250991821289,-0.03928515188395977,0.1532661149278282,0.01597445375389523,0.07349979877471924
6,1,-0.07520798625728334,0.004752440875254658,-0.09512851714973024,0.018349376713597796,0.013205301761627198,0.003149271011352539,-0.017073387503623964,0.04420130550861358,0.003094368510776096,0.022130131721496582
6,2,-0.7764487431577283,-0.023321828669311567,-0.8935711116635411,-0.10645656253633362,0.2254345715045929,0.14618754386901855,0.09988242402672767,0.3810166127979755,0.16456544399261475,0.24997550249099731
6,3,0.008426840119640514,0.0037860259257448984,-0.0036074421958836064,0.01573174482924194,0.003574109077453613,-0.003871619701385498,-0.009748988151550293,0.021962043344974515,-0.004968139860365126,0.006911940044826931
6,4,-0.19560597122210835,-0.01616724696933448,-0.3529529842426072,0.13525183214708136,0.19699991941452027,0.10827898979187012,0.04577939569950104,0.35622820019721985,0.1413023074467977,0.24660003185272217
6,5,-0.0380544665688751,-0.002828903119392787,-0.051344833460547565,0.01271352711480959,-0.01138165146112442,0.0021910667419433594,-0.042148059196770185,0.016243653595447525,-0.018894276685184903,-0.0006901704602771335
6,6,0.00368210323863271,-0.01482353928690769,-0.021179812674880186,0.013919633299699875,0.017732346057891847,0.022182941436767578,0.004461054801940919,0.03128229647874831,0.013434158431159126,0.02257359027862549
6,7,0.11558180693796105,0.05348450176355316,-0.06835776229211353,0.19311725836149624,0.07237395644187927,0.10933959484100342,-0.09452644169330596,0.23925042629241933,0.030462721983591717,0.13813526100582546
6,8,0.08676286026431186,0.11549620670302413,0.03118763433180612,0.12423827832040334,0.16447303295135499,0.10083985328674316,0.0477316090464592,0.29155548632144923,0.11902003818088108,0.19013603528340658
6,9,0.018162243351520495,0.008222766238719386,0.0003845147520371788,0.02397352639000426,-0.011548268795013427,-0.010982096195220947,-0.029538485407829284,0.007807620763778686,-0.017439087231953938,-0.004336290889316135
6,10,-0.058778238313636946,-0.009344311664957958,-0.07548239492801526,0.004989271648249003,0.01558225154876709,-0.009447038173675537,-0.027648146748542782,0.058813597857952114,0.002676632669236925,0.030092159907023113
6,11,0.04504668823210838,-0.00029303203547295827,0.0057627346041722715,0.05386070934760733,-0.003540492057800293,0.002936840057373047,-0.02292933464050293,0.01588556230068207,-0.010146432452731662,0.0028547578387790257
7,0,-0.07716116645839272,0.02568416014810709,-0.21941933660787447,0.27014290011794806,-0.09076436161994934,-0.02415674924850464,-0.28734088882803915,0.09561115324497223,-0.14556093348397148,-0.019868221547868516
7,1,0.017839381396231264,0.0020388128248297888,0.006990378214438094,0.020262392322237012,-0.0031399607658386232,-0.0008684992790222168,-0.009634101092815399,0.004277482926845551,-0.006066891882154677,-0.001479400528801812
7,2,-0.2408510429427085,-0.02454362520364746,-0.38134770059388623,0.004265219298097398,-0.01320955753326416,0.011581182479858398,-0.20418536126613618,0.16883930116891857,-0.06644802623324925,0.046692742241753474
7,3,-0.07905031863168008,-0.007755717271092788,-0.08859689894017968,-0.005681592942697409,0.008782279491424561,0.004185080528259277,-0.004526123702526092,0.026449542045593254,0.00042498111724853516,0.011819574568006728
7,4,-0.02089838147841666,-0.0019784392755945552,-0.02614756861788494,0.002119402520579439,0.006503546237945556,0.008196711540222168,4.34166193008423e-05,0.012391124665737153,0.004347364107767741,0.008482151561313205
7,5,-0.033984725001292335,-0.010348179819667777,-0.040877248220022894,-0.023706623522170213,0.009204626083374023,0.012831449508666992,-0.004049139022827148,0.020722770690917963,0.006118615468343099,0.013567659589979384
7,6,-0.014343819355706685,-0.0021846655345311126,-0.030303119803201144,0.003997153432178969,-0.017843902111053467,-0.004593849182128906,-0.05124333322048187,0.005428257882595062,-0.02209129598405626,-0.0017820861604478625
7,7,-0.016013354405990887,-0.0009008659619537206,-0.021415578935046302,0.004114811262282494,0.0026134371757507322,-0.000934600830078125,-0.0075666344165802,0.012331800460815428,-0.0004029406441582574,0.005948530303107368
7,8,0.05609612213627767,0.11351670816988985,-0.13593015494561542,0.3228259655095005,0.009020012617111207,0.0741734504699707,-0.34121181815862656,0.31260083943605405,-0.08981715970569187,0.14539172252019247
7,9,-0.025836085971981105,-0.0023015877929622557,-0.06317127048085538,0.00955799971675797,0.1395050585269928,0.050470948219299316,0.021613762378692628,0.3328334176540374,0.0651591353946262,0.15856091843711007
7,10,0.01104711664559114,-0.0012589751860388456,-0.0003155971830064133,0.014249558041885789,0.006381285190582275,0.0014749765396118164,-0.008191857933998108,0.022939224243164056,-0.0001127322514851888,0.011260986328125
7,11,-0.05594388348415043,-0.002902309457326081,-0.06793001455261977,0.003821473457627943,0.01658419370651245,0.0056650638580322266,0.0023419880867004395,0.03338252782821655,0.010930895805358887,0.020029306411743164
8,0,0.0460153385924178,-0.0025256431687657325,-0.01692438279495882,0.0863806650811086,-0.009459340572357177,0.0037696361541748047,-0.05859085351228714,0.03541296541690826,-0.020824154218037922,0.009450674057006836
8,1,-0.1640058402315343,-0.04216038028564524,-0.19766891335943101,-0.032968317448981904,0.03464277982711792,0.057553648948669434,-0.03630512565374375,0.10054260283708571,0.017721374829610188,0.057886322339375816
8,2,-0.007751801204873047,0.000334360991040275,-0.01673472813463431,0.0048700135091182045,0.003042352199554443,0.00028324127197265625,-0.008862144649028778,0.015602985322475433,-0.0012661218643188477,0.007977525393168131
8,3,0.01797412946107527,-0.0008200077025668033,-0.00326832558344129,0.022450616607018154,-0.003385627269744873,-0.0009294748306274414,-0.009086540043354034,0.001218509674072265,-0.004569358295864529,-0.0011216137144300672
8,4,-0.010051678870766235,-0.014484405467949234,-0.023608032061219072,0.0034564728527484464,-0.008624185621738435,0.012320399284362793,-0.05603261798620224,0.023819422125816343,-0.016699276036686368,0.0098827150132921
8,5,-0.0052247270470581,0.0010153159994584072,-0.00795424770577053,0.0015727735710541133,-0.000887608528137207,0.002585470676422119,-0.009218940138816833,0.006561437547206879,-0.003321303261650933,0.002030240164862739
8,6,0.008617548613252809,0.0019569442179926113,-0.0076025645802968705,0.01754773454095898,-0.0037870049476623536,-0.009354710578918457,-0.02451892077922821,0.02182703137397766,-0.013232827186584473,0.0022863944371541343
8,7,-0.003955158640964494,-0.0006847190647071462,-0.007589643313741058,-0.0004281081708359329,0.004450583457946777,-0.00011175870895385742,-0.00254332959651947,0.01418083220720291,-3.721978929307726e-05,0.005858182907104492
8,8,-0.16149018249264308,0.030148517192179078,-0.21781064768332306,0.06584285997825796,0.03127951622009277,0.03239762783050537,-0.05143226236104965,0.11417818635702126,0.006889740626017253,0.054518540700276695
8,9,0.03664440653287941,-0.01585301326249721,-0.028061389576935127,0.05706509134455714,-0.024139344692230225,-0.004621267318725586,-0.06281483978033066,0.011340164244174942,-0.03249188264211019,-0.010845383008321127
8,10,0.036642101389959,-0.018472825108175828,-0.049405466557978894,0.05902010598363673,0.04773799031972885,0.017901062965393066,-0.0059178400412201885,0.10754755973815917,0.027345774902237788,0.06328041023678249
8,11,-0.001695032330047067,-0.00011325492262200603,-0.0047491790501467184,0.002702101439155228,0.0018344879150390624,0.0007224082946777344,-0.0004144239425659179,0.00507206916809082,0.0003987418280707465,0.0022786458333333335
9,0,-0.01888474264272382,0.003041904935432109,-0.03247381766099303,-0.0002795247748228418,-0.01734353303909302,-0.019900083541870117,-0.052091006636619565,0.012689472138881682,-0.02632529205746121,-0.005036208364698622
9,1,0.04226097517351455,0.007330281568518884,0.005453057644567111,0.07799484433515426,-0.06479252725839615,-0.0502622127532959,-0.12277679327875375,-0.016612433493137378,-0.07936375836531322,-0.04166156881385379
9,2,0.01870818636379492,-0.0030041320485457114,-0.02912725143154697,0.035152676940196165,0.02926664352416992,0.02201986312866211,0.0013673320412635813,0.05848163932561873,0.019744714101155598,0.03818911976284451
9,3,-0.015908504020289215,-0.005033159657013992,-0.05436967466629175,0.01682188909911882,0.014470434188842774,-0.024329304695129395,-0.03459514021873474,0.0722031733393669,-0.009918583763970269,0.02498557832505968
9,4,0.02185297905742375,0.00911633940931681,0.005301459710372137,0.026584362941358478,0.005219662189483642,0.003787517547607422,-0.00660887598991394,0.020362054407596586,6.969769795735677e-05,0.008096840646531846
9,5,0.0004561957402008293,0.0032542427319715637,-0.0018464461176924218,0.006360850176222489,0.005574333667755127,0.0022698640823364258,-0.001889079213142395,0.017923433184623718,0.0007245540618896484,0.006960776117112901
9,6,-0.2569670422337443,0.022096034596725656,-0.3455127366139063,0.07010023104999845,0.06352090835571289,0.1173027753829956,-0.04798605144023895,0.15977492451667785,0.03017772568596734,0.10229478942023383
9,7,0.03404875036665619,0.010607705370616446,0.011126553728905062,0.03866019171220786,0.011374831199645996,0.005533397197723389,-0.01660327583551407,0.044684692025184616,-0.0026399029625786673,0.01987735430399577
9,8,-0.0812460428807415,-0.003415862068629044,-0.14017066152458169,0.04270037240448367,0.04625213146209717,0.013323843479156494,-0.051887198984622955,0.1401290628314018,0.022844182120429143,0.08601477411058214
9,9,-0.07469999139922658,-0.013009803103657777,-0.1071762366919488,-0.03818267270724008,0.050823986530303955,0.09657478332519531,-0.031230684220790863,0.13396453499794006,0.03284638457828098,0.08005525006188287
9,10,-0.08264939595109372,-0.0012421958428957495,-0.11028749618229831,0.0009360852318957743,0.03232486248016357,0.03774595260620117,-0.045918462872505186,0.110348020195961,0.003274785147772895,0.05753429730733236
9,11,-0.010600176637105729,-0.0006024438626431592,-0.020769260112500257,0.009169920458376604,0.00022546052932739257,-0.0010106563568115234,-0.012577411532402038,0.014179077148437497,-0.004893554581536187,0.004250552919175889
10,0,0.024379447628339112,0.017353968622680203,0.006335261617561427,0.05800343034666963,-0.02116365432739258,0.004866838455200195,-0.09291619330644607,0.044102626442909236,-0.04171180725097656,0.005615128411187066
10,1,-0.03776686400511327,-0.035472534539728026,-0.0834069443455024,0.00975575062883456,0.06253327131271362,0.0493546724319458,0.021746568083763122,0.11238643795251846,0.04577073785993788,0.07292224301232232
10,2,0.05994798047073576,0.0207350571523936,-0.005327176278643714,0.11004474427686944,-0.1496153011918068,-0.12145018577575684,-0.2500249403342604,-0.05103331860154869,-0.17818055053551993,-0.1237942526737849
10,3,0.04857063989090148,0.008048318463829888,0.009727437277003407,0.06622555353982226,-0.029678142070770262,-0.03468853235244751,-0.04777439475059509,-0.00635959804058075,-0.038887222607930504,-0.025962604416741267
10,4,0.09680572264751641,0.018685746738646355,0.008964136242664615,0.12005095866926682,-0.04203775078058243,-0.04746127128601074,-0.06626804940402509,-0.014733419120311744,-0.049032080504629344,-0.035507149166531034
10,5,0.0031803303559714965,0.011067001447516985,-0.009389566244012243,0.019158578113026275,0.0009290337562561035,-0.0026140213012695312,-0.01679782837629318,0.022333321869373316,-0.005335370699564616,0.005198385980394151
10,6,-0.031228792097932185,0.0040124160872961325,-0.09259404166719015,0.05452832931065617,-0.0016988277435302734,0.030427217483520508,-0.0818365928530693,0.08476264476776123,-0.028313967916700575,0.023388968573676214
10,7,-0.09046001768700987,0.017568039779817836,-0.13458130578245844,0.008850654756918548,0.06053627729415893,0.027629613876342773,-0.08302084207534789,0.20973727703094483,0.0006410678227742513,0.10613930225372314
10,8,-0.004598758507342107,-0.015245811473612845,-0.20043540801244186,0.11450568001386752,0.015138660371303559,-0.01976078748703003,-0.11693928182125092,0.17462167765945197,-0.05358480248186323,0.043545072277386986
10,9,-0.05112082763808061,0.06273815596242704,-0.11506614989614272,0.08722312795679879,0.07076133489608764,0.04781895875930786,-0.05238862305879593,0.2003370925784111,0.036378820737202965,0.10789949364132351
10,10,0.14161786079929634,0.025715814740805015,0.04188464620348779,0.16678786278588853,-0.08793757259845733,-0.09123993664979935,-0.14924556083977222,-0.02404661003500224,-0.10684954126675923,-0.07240240110291375
10,11,0.036365769988942205,0.0014712133202367922,-0.00996031506790939,0.053703896719368885,0.04115452766418457,0.01822984218597412,-0.002759430408477783,0.10020100653171536,0.017347918616400823,0.05144929885864258
11,0,-0.21729433314514388,-0.09211683284002675,-0.3588786776384461,-0.07818506528986344,-0.04256390631198883,-0.07029975205659866,-0.27998667329549787,0.22786430206149808,-0.14338386389944288,0.01353263689412011
11,1,0.08891381827773195,-0.05106247507338989,0.00195420871081273,0.1403676996657382,0.06859209537506103,0.021758556365966797,-0.04045615196228027,0.1912373530864715,0.02081025971306695,0.09824151462978786
11,2,0.09099880179696344,-0.017312937471582752,-0.026857735651799386,0.14344164103016677,-0.13542971014976501,-0.1872725486755371,-0.26924628794193267,0.005474237650632829,-0.1942805118030972,-0.09175681405597264
11,3,0.03761108108332854,0.030657358524090104,0.0073781903356052725,0.05214584464161812,-0.02657390832901001,-0.0389217734336853,-0.05825906902551651,0.009566292464733117,-0.03911761442820231,-0.016223364406161837
11,4,0.311827523593172,0.034372081198088676,0.002291423408386962,0.40293838002953775,-0.06323379576206208,-0.06545507907867432,-0.1695099890232086,0.04676468785852192,-0.09718766808509827,-0.031157879365815058
11,5,-0.21006571041064767,-0.05912548530385915,-0.2609170446895021,-0.07174431055921088,0.16923127174377442,0.14320039749145508,0.09569017350673675,0.2619388633966446,0.13385174009535047,0.19148100747002494
11,6,-0.044861014368683685,-0.008552972063288783,-0.12412128822665,0.11535845620256713,0.09677406549453735,0.0574185848236084,-0.0026545792818069448,0.21413497328758238,0.06289789411756727,0.1293131642871433
11,7,-0.14970914310393052,-0.10534216897873856,-0.18089887231077792,-0.058523021909854894,0.09889421463012696,0.0834360122680664,0.036584076881408696,0.16140464097261428,0.07848636309305827,0.12242351637946235
11,8,-0.10357675768657185,-0.00661831118083513,-0.20109208212472449,-0.015988824373173442,0.023049460351467134,-0.014936864376068115,-0.13376232896000148,0.18479952126741403,-0.032717587219344244,0.07437903185685475
11,9,-0.09870231982706905,-0.06463064957506401,-0.19910634056156779,0.08351589710014931,0.1640217885375023,0.14340555667877197,0.05098937314003706,0.28666089531034233,0.12558169994089338,0.1924071709314982
11,10,0.06223471974367871,0.03194542209114339,0.028073291622237744,0.11744877369806082,-0.02069046497344971,-0.0073850154876708984,-0.08013233572244645,0.03473622769117355,-0.03715640968746609,-0.0010652807023790148
11,11,0.217378800271945,0.04284743423289638,0.03239464838904385,0.24735710599968724,-0.06554201990365982,-0.04278874397277832,-0.12008565489202738,-0.01262547284364701,-0.07833495570553674,-0.04735511044661204
