task,method,train_examples,test_examples,auroc,auprc,accuracy,auroc_ci_low,auroc_ci_high,auprc_ci_low,auprc_ci_high,accuracy_ci_low,accuracy_ci_high
promoter_tata,gc,5062,212,0.8954699181203275,0.904036346053255,0.8018867924528302,0.8496295814976709,0.9336774661418844,0.8553639466380424,0.943118370195393,0.75,0.8537735849056604
promoter_tata,kmer,5062,212,0.9296902812388751,0.937804202688343,0.8254716981132075,0.894689230343747,0.9597765417248272,0.9044827354796262,0.9665366357668059,0.7735849056603774,0.8726415094339622
promoter_tata,probe,5062,212,0.9135813456746174,0.9241473536423732,0.8349056603773585,0.8748395482539791,0.9475717026942355,0.8878098441667971,0.9556799688934773,0.7830188679245284,0.8867924528301887
promoter_tata,historical_gc_probe,5062,212,0.9135813456746174,0.9241473536423732,0.8349056603773585,0.8738489655322458,0.9477471382059955,0.8841811161611688,0.9553572353911648,0.7830188679245284,0.8867924528301887
promoter_tata,caliper_gc_probe,5062,82,0.7787031528851873,0.7908558084105957,0.7195121951219512,0.6662564332701937,0.8681331845238095,0.6716459948466873,0.89360542284919,0.6219512195121951,0.8170731707317073
promoter_tata,caliper_gc_baseline,5062,82,0.4973230220107079,0.519960304790392,0.4878048780487805,0.3759209393216747,0.6214414558309908,0.39091139203567604,0.6846082180001163,0.3780487804878049,0.5975609756097561
promoter_no_tata,gc,30000,1372,0.9087635679011297,0.9217841825543998,0.8316326530612245,0.8937417728297531,0.9235575155028136,0.9069804128578319,0.9358898638574554,0.8134110787172012,0.8513301749271137
promoter_no_tata,kmer,30000,1372,0.9406029800508291,0.9481844179427765,0.8651603498542274,0.9291930663848499,0.9516989582476821,0.9375902465712272,0.958586292162781,0.8469387755102041,0.8826712827988339
promoter_no_tata,probe,30000,1372,0.9383080179177045,0.9474440292859831,0.8556851311953353,0.9252798302432211,0.9498831842424192,0.9363353896897494,0.9576820214656705,0.8381924198250729,0.8739067055393586
promoter_no_tata,historical_gc_probe,30000,1372,0.9383080179177045,0.9474440292859831,0.8556851311953353,0.9253191265248867,0.9495261726656448,0.9354222587451104,0.9573092803158622,0.8367346938775511,0.8731778425655977
promoter_no_tata,caliper_gc_probe,30000,456,0.7253962757771621,0.7207245526721597,0.6337719298245614,0.6796294301377389,0.7710239317987425,0.6575086000497158,0.780319045611591,0.5920504385964912,0.6776315789473685
promoter_no_tata,caliper_gc_baseline,30000,456,0.5069732994767621,0.5126088528208961,0.5175438596491229,0.45321946620639353,0.5574065219987056,0.4547865227449353,0.5812295933280079,0.47149122807017546,0.5592105263157895
splice_sites_donors,gc,30000,3000,0.6560268492176387,0.6892073293571326,0.6013333333333334,0.6374821670741281,0.6750118414458268,0.665591943929056,0.7143522063207446,0.5836583333333334,0.6203333333333333
splice_sites_donors,kmer,30000,3000,0.8185081792318636,0.8093066567356743,0.743,0.8046306417708058,0.8319668667368342,0.7898252985630095,0.8290602676863156,0.7269916666666667,0.7583333333333333
splice_sites_donors,probe,30000,3000,0.8953965149359886,0.9048297625461631,0.823,0.8837842961469263,0.9059101356692971,0.8893785370426666,0.9190276608882707,0.8103333333333333,0.8356666666666667
splice_sites_donors,historical_gc_probe,30000,2960,0.8943202154857561,0.9057008400557343,0.8216216216216217,0.8825683230618229,0.9054021860093284,0.8912599227170942,0.918852937765253,0.8070945945945946,0.8347972972972973
splice_sites_donors,caliper_gc_probe,30000,2256,0.859986450631256,0.8752493085076494,0.7890070921985816,0.8448116367237871,0.8750603508920669,0.8560480387276244,0.8950037739070893,0.7721631205673759,0.8049645390070922
splice_sites_donors,caliper_gc_baseline,30000,2256,0.5016209729138373,0.5052369742739389,0.4995567375886525,0.4787653034837292,0.5252687613319504,0.47772887070810083,0.534970920438365,0.4791666666666667,0.5208333333333334
splice_sites_acceptors,gc,30000,3000,0.6361080300083357,0.6342761099064692,0.5883333333333334,0.6155601363579448,0.6546959290149131,0.6067230239838145,0.6614587990723269,0.5703250000000001,0.6053333333333333
splice_sites_acceptors,kmer,30000,3000,0.795630786329536,0.77916388702135,0.722,0.7791508114278506,0.8112648993430903,0.7538301123073032,0.8009244513173063,0.7046666666666667,0.7386666666666667
splice_sites_acceptors,probe,30000,3000,0.8847288691303141,0.8953367628831009,0.808,0.8723771451319248,0.8959470226905794,0.8800755344691875,0.9084063852525466,0.7923333333333333,0.8223416666666666
splice_sites_acceptors,historical_gc_probe,30000,2950,0.8837809824763,0.8968410465795276,0.8064406779661017,0.871811144342049,0.8959895292580851,0.8819069450620646,0.9108208675815346,0.792542372881356,0.8210169491525424
splice_sites_acceptors,caliper_gc_probe,30000,2352,0.8607199257253921,0.8749896746503552,0.7835884353741497,0.8456735058390776,0.874975488260633,0.8561172163138576,0.8930454028874216,0.766156462585034,0.7988945578231292
splice_sites_acceptors,caliper_gc_baseline,30000,2352,0.5020654732981629,0.5042940675880866,0.5,0.4803194170009725,0.5273544702866128,0.4773855340579794,0.5344125621275032,0.48000637755102044,0.5208439625850341
