layer,head,mean_present_minus_absent,ci_low,ci_high,permutation_p,holm_p,pairs
0,0,-0.0030153988992574115,-0.004199599534901166,-0.0018077369274079119,0.0001,0.014400000000000001,5220
0,1,-0.0005311066620194593,-0.0012088532263405936,0.0001083068161403538,0.1284,1.0,5220
0,2,0.0030364692667891697,0.002057031568896268,0.003927406508518362,0.0001,0.014400000000000001,5220
0,3,-0.00088061330433207,-0.0012602298433350048,-0.0005421500231078701,0.0001,0.014400000000000001,5220
0,4,4.213732458522607e-06,-7.886167170341177e-05,8.204880973722933e-05,0.9229,1.0,5220
0,5,-0.003637942157942673,-0.0066323140283539835,-0.00078887656188331,0.0172,0.86,5220
0,6,-0.01544983246545682,-0.019584926467717152,-0.01097783782130457,0.0001,0.014400000000000001,5220
0,7,0.029242501896003196,0.024424430672864348,0.033703460027089065,0.0001,0.014400000000000001,5220
0,8,0.0007430630054510416,0.0003861578719483482,0.0010721520368737736,0.0001,0.014400000000000001,5220
0,9,0.000885602123892627,-4.7084057411014804e-05,0.001714032239269936,0.0446,1.0,5220
0,10,-0.0020937387571024254,-0.003435121485642318,-0.0007945749045071333,0.0015,0.0945,5220
0,11,0.0009484728177388509,-1.3078756887337252e-05,0.0019029059092660514,0.0432,1.0,5220
1,0,-0.0012997539792481054,-0.00441752133298651,0.0017518847875325613,0.407,1.0,5220
1,1,-0.015524594501460192,-0.01967753564339431,-0.011660843941479409,0.0001,0.014400000000000001,5220
1,2,-0.044302820074603934,-0.0490980055647763,-0.039050508388871204,0.0001,0.014400000000000001,5220
1,3,0.003734637562799271,0.0011871282587905497,0.006483950922515429,0.009,0.477,5220
1,4,9.475412753578347e-05,-0.005133279106656439,0.00472615186062595,0.9701,1.0,5220
1,5,-0.00973374954357001,-0.01251479746923707,-0.0069289311551100005,0.0001,0.014400000000000001,5220
1,6,0.018581096033326625,0.013061945214376952,0.023882578441086388,0.0001,0.014400000000000001,5220
1,7,0.0030337390543400556,0.0009190283707161059,0.005119905867738741,0.0053,0.2968,5220
1,8,0.001031687821464977,-0.0018156243994889131,0.0038898100278615035,0.4935,1.0,5220
1,9,0.006213299359169956,0.0039501104255517325,0.008417935788031967,0.0001,0.014400000000000001,5220
1,10,-0.0003834645524335547,-0.0016382047025865064,0.0007713760138699831,0.5323,1.0,5220
1,11,-0.020884247065318384,-0.0257740209104272,-0.015735619013702636,0.0001,0.014400000000000001,5220
2,0,0.0007893848065215509,-0.0014802888489660175,0.0030630085397497448,0.4968,1.0,5220
2,1,0.030370119753582725,0.02175073997692073,0.03900690055470128,0.0001,0.014400000000000001,5220
2,2,0.05365522285759221,0.04910990154035247,0.05790716206804774,0.0001,0.014400000000000001,5220
2,3,0.005304714677662685,-0.002890671443807896,0.012893742990191182,0.1937,1.0,5220
2,4,-0.021929624031558348,-0.02739274468943762,-0.016577061194912226,0.0001,0.014400000000000001,5220
2,5,0.05072629745064796,0.04033222961121763,0.06102643779582448,0.0001,0.014400000000000001,5220
2,6,-0.0004060856976557052,-0.005176525915209276,0.004643071788769942,0.8702,1.0,5220
2,7,-0.0021437093330069065,-0.004573079370732965,3.110148326647208e-05,0.069,1.0,5220
2,8,-0.00047432962962037304,-0.0026668682003615,0.0017625513070502043,0.677,1.0,5220
2,9,-0.009553732634504179,-0.0115573673210039,-0.007607698273555986,0.0001,0.014400000000000001,5220
2,10,-0.11918406105775144,-0.12673668168494087,-0.11113359218911122,0.0001,0.014400000000000001,5220
2,11,0.008216192229326201,0.00034218706547414665,0.01591757944067833,0.0548,1.0,5220
3,0,0.01275706221545793,0.00920385707555146,0.01606968133713893,0.0001,0.014400000000000001,5220
3,1,0.004194976435082169,-0.0001624571581967032,0.008654117125775164,0.0626,1.0,5220
3,2,0.09134107944038179,0.08524532247720094,0.09805929852770891,0.0001,0.014400000000000001,5220
3,3,0.057428537634597425,0.05249586881206182,0.062131215911429956,0.0001,0.014400000000000001,5220
3,4,-0.022467945409060896,-0.025068703753859434,-0.019825855717491146,0.0001,0.014400000000000001,5220
3,5,0.026575450005430826,0.02078174016218975,0.03242593386792132,0.0001,0.014400000000000001,5220
3,6,0.015055231481676357,0.011480028259628577,0.018372573607041004,0.0001,0.014400000000000001,5220
3,7,0.049780660314606755,0.04468219489301644,0.05504724804997101,0.0001,0.014400000000000001,5220
3,8,0.018047615428993986,0.01589047186247919,0.020337467922961115,0.0001,0.014400000000000001,5220
3,9,0.01649401563280387,0.011914186171502219,0.020727164948723096,0.0001,0.014400000000000001,5220
3,10,-0.013247186145334865,-0.019815103343734337,-0.0068407100313468,0.0001,0.014400000000000001,5220
3,11,0.00900623165213742,0.005050578610507693,0.01299692586906454,0.0001,0.014400000000000001,5220
4,0,0.00470041175340784,-0.0012193867434315755,0.010774424310873523,0.1133,1.0,5220
4,1,0.0003252360261477159,-0.003941152938588084,0.0046730362846501795,0.881,1.0,5220
4,2,0.003930597487298265,0.0014800591060046065,0.006508453471306889,0.0015,0.0945,5220
4,3,0.00038176443092382276,-0.0021491701217766107,0.002866266250094733,0.7755,1.0,5220
4,4,-0.0009660818838867648,-0.006857183617093668,0.004837374516095522,0.7459,1.0,5220
4,5,0.017163774062312027,0.010962094012001116,0.02319820191510025,0.0001,0.014400000000000001,5220
4,6,-0.003153872581277314,-0.006772636528754914,0.0007111636822921905,0.0978,1.0,5220
4,7,0.13850586877357915,0.1243271997156,0.15252931136347112,0.0001,0.014400000000000001,5220
4,8,0.011627142148456355,0.007885620846373825,0.015170880860124511,0.0001,0.014400000000000001,5220
4,9,0.047097376017506555,0.03920516874227259,0.05495404142800761,0.0001,0.014400000000000001,5220
4,10,-0.011203802945056638,-0.01690430331532754,-0.005070891825346658,0.0004,0.027200000000000002,5220
4,11,0.008300706160556297,0.004884725342190448,0.01148929272663701,0.0001,0.014400000000000001,5220
5,0,0.020273285276359982,0.013559022684549463,0.02713428672189,0.0001,0.014400000000000001,5220
5,1,-0.0025062964793822772,-0.004910026281444049,1.3071405933277414e-05,0.0476,1.0,5220
5,2,0.013180635626145935,0.008918964474272853,0.017513074998733127,0.0001,0.014400000000000001,5220
5,3,-0.0009555052876783806,-0.0033565364098486913,0.001359716805591965,0.4394,1.0,5220
5,4,0.04133930442198198,0.029262604154046478,0.05419334675802696,0.0001,0.014400000000000001,5220
5,5,0.04800115736965019,0.04220740205861656,0.05404522155522158,0.0001,0.014400000000000001,5220
5,6,0.0027029038220465584,-0.0012531571704613301,0.0068603637726964975,0.1827,1.0,5220
5,7,0.04464343784865834,0.0400843364853899,0.049505254683727976,0.0001,0.014400000000000001,5220
5,8,0.003336369454632317,0.001640351428668161,0.004956466225600334,0.0006,0.039599999999999996,5220
5,9,0.04203171477121412,0.03390686920219568,0.04968137794969981,0.0001,0.014400000000000001,5220
5,10,0.0075027728802970544,0.0036056503040851643,0.01142567011814964,0.0001,0.014400000000000001,5220
5,11,-0.009728838614691263,-0.016806023430678694,-0.002796149427549365,0.0041,0.23370000000000002,5220
6,0,0.009459874821805405,0.006358157870470336,0.012695028213534316,0.0001,0.014400000000000001,5220
6,1,-5.7742980915885346e-05,-0.0015739474187678008,0.0011992903055221295,0.9345,1.0,5220
6,2,0.03781154119762881,0.03373397360473757,0.04196165160886172,0.0001,0.014400000000000001,5220
6,3,0.1471303368483267,0.13165503576263193,0.16284879281631603,0.0001,0.014400000000000001,5220
6,4,-0.0005487894353909967,-0.002349646201489272,0.0013571335504659345,0.5673,1.0,5220
6,5,0.0014262773018059146,-0.0017917842994233542,0.004470514124419925,0.3711,1.0,5220
6,6,0.037536052611060584,0.03196699847003812,0.04291762464201181,0.0001,0.014400000000000001,5220
6,7,-0.0293886947477686,-0.03487409473935649,-0.02419069914696774,0.0001,0.014400000000000001,5220
6,8,0.003114240984807069,0.0019120514133081582,0.004318221470348222,0.0001,0.014400000000000001,5220
6,9,0.06864423265402345,0.05976170926800861,0.07756766031456976,0.0001,0.014400000000000001,5220
6,10,0.018210330021200108,0.014084052816448176,0.0220576552612889,0.0001,0.014400000000000001,5220
6,11,0.02234512362664858,0.015635667422557092,0.028844932671953028,0.0001,0.014400000000000001,5220
7,0,0.013911779293383676,0.00971408156271296,0.018226485244244677,0.0001,0.014400000000000001,5220
7,1,-0.008472104842833427,-0.02138386097462244,0.005814399090714174,0.2298,1.0,5220
7,2,0.0035104254881540933,0.00025057027765845887,0.006940490564053086,0.0277,1.0,5220
7,3,0.00794549211220757,-0.00044359262336803317,0.017165013520607734,0.08,1.0,5220
7,4,0.006076939838627974,0.001217785358528867,0.01091647136797553,0.0155,0.7905,5220
7,5,0.0005471128970384598,-0.0045537081891064216,0.0056785928981442895,0.8368,1.0,5220
7,6,0.02105009709493796,0.013836587131493083,0.029287884489910133,0.0001,0.014400000000000001,5220
7,7,0.013767152875073083,0.0056386053889515494,0.02261963919197801,0.0011,0.0704,5220
7,8,0.0025211167632391627,0.0011462080607126499,0.0039976388572847245,0.0008,0.052000000000000005,5220
7,9,0.002432705250736397,-0.0011588241772233754,0.00616020909628306,0.1894,1.0,5220
7,10,-0.0006357198999870639,-0.016245637877796714,0.016061666619085795,0.9417,1.0,5220
7,11,0.010789709334020634,0.0010392542456721524,0.022426839629263028,0.0443,1.0,5220
8,0,0.014682132336828444,0.010399387528498966,0.019078346508273218,0.0001,0.014400000000000001,5220
8,1,0.007986278378072826,0.003320953813649115,0.013056111550993389,0.0016,0.0976,5220
8,2,0.0332114310376006,0.019671584271023026,0.04812903413095447,0.0001,0.014400000000000001,5220
8,3,0.01771818390469579,0.013484317963512796,0.022607595736717973,0.0001,0.014400000000000001,5220
8,4,0.016183021470147874,0.010450842024043016,0.022686690398022687,0.0001,0.014400000000000001,5220
8,5,0.01630582475777844,0.012563932855431547,0.020109408492732246,0.0001,0.014400000000000001,5220
8,6,-0.007846745710206214,-0.012703299359115147,-0.0029594034218796725,0.0017,0.102,5220
8,7,0.004865917834315905,0.0014646827767477541,0.008293656311479622,0.0079,0.43450000000000005,5220
8,8,-0.005335870145381182,-0.007655091661945613,-0.0028607855677262118,0.0001,0.014400000000000001,5220
8,9,-0.0017083304709401624,-0.0042364845783146405,0.0007358915037636092,0.1913,1.0,5220
8,10,0.021040649859099095,0.014078048332861956,0.027670110863922487,0.0001,0.014400000000000001,5220
8,11,0.007837698807811317,0.0037312235363732276,0.011988871758627907,0.0002,0.0148,5220
9,0,0.01975021592387751,0.01520383239734447,0.02427322070117883,0.0001,0.014400000000000001,5220
9,1,0.007493056516766091,0.0036464598857694204,0.011466749422823103,0.0003,0.0213,5220
9,2,0.012131496521704956,0.006978949854914028,0.01746552981279248,0.0001,0.014400000000000001,5220
9,3,0.02385342026529013,0.015763137539388378,0.03281012668848836,0.0001,0.014400000000000001,5220
9,4,0.008117855729542359,0.004639297574740688,0.011586986396781088,0.0002,0.0148,5220
9,5,-0.006619801365866743,-0.009659618299090485,-0.003525108861196358,0.0003,0.0213,5220
9,6,0.006472699988590575,0.0005676944660186996,0.012402809570200913,0.0336,1.0,5220
9,7,0.005240952100076667,0.0013922672959801052,0.008980448144948344,0.008,0.43450000000000005,5220
9,8,0.0009275231667405344,-0.00027966834804564136,0.002183264926703953,0.1599,1.0,5220
9,9,0.0009137134214013929,-0.000513188541791905,0.0022974670141706973,0.2028,1.0,5220
9,10,-0.0034226479715314404,-0.006866583489024319,-0.00012133505951855872,0.0648,1.0,5220
9,11,0.00810134571681907,0.002765881425128316,0.01353136751795646,0.003,0.17400000000000002,5220
10,0,-0.0023855760065531824,-0.005221421477095834,0.00028579022207250986,0.0819,1.0,5220
10,1,0.007151262445011358,0.004089677849948635,0.010194716897589723,0.0001,0.014400000000000001,5220
10,2,0.0017449542366225145,-0.0004329492337288071,0.0038607281317998617,0.1251,1.0,5220
10,3,0.015132664846277784,0.01085504658710679,0.01933737074783682,0.0001,0.014400000000000001,5220
10,4,-9.317220442025597e-05,-0.0038643561009767237,0.004066123108529411,0.9634,1.0,5220
10,5,-0.00037409257985851317,-0.002731396347209383,0.0023642724713175,0.7769,1.0,5220
10,6,0.0009313542117503868,-0.002801408502665773,0.004716489730274367,0.6279,1.0,5220
10,7,-0.010252190967914701,-0.015881068813953535,-0.004555483463209597,0.0002,0.0148,5220
10,8,0.0007929919894170944,-9.172178890513277e-05,0.0016436820465828722,0.0916,1.0,5220
10,9,0.002172837883119839,0.0010314418515368895,0.003416764240041089,0.0005,0.0335,5220
10,10,0.011540449053848384,0.00829738870091822,0.01476158007294282,0.0001,0.014400000000000001,5220
10,11,-0.000603097580084256,-0.004408600792522726,0.0036056309466837217,0.7731,1.0,5220
11,0,0.00024897297451779304,-0.00070058258129034,0.0012383531465041682,0.6246,1.0,5220
11,1,-0.014577796695561245,-0.019402654080783725,-0.009621615586409851,0.0001,0.014400000000000001,5220
11,2,-0.008945210900343241,-0.01145240950458808,-0.006388143803710226,0.0001,0.014400000000000001,5220
11,3,0.021974429491036698,0.017175294924527407,0.027114595105350588,0.0001,0.014400000000000001,5220
11,4,-0.010217735071406053,-0.016378775859943868,-0.003687098692545947,0.0018,0.1062,5220
11,5,0.000585970510924913,-0.005260475748914412,0.006323465750235136,0.8439,1.0,5220
11,6,0.0039250301232854065,-0.00019788082749707701,0.008426237257511507,0.089,1.0,5220
11,7,0.014913150461183654,0.01018821831068231,0.019818662194556545,0.0001,0.014400000000000001,5220
11,8,-0.003112342896589374,-0.004862346852990402,-0.0014370061499976564,0.0003,0.0213,5220
11,9,0.0014605569542596166,0.0004699907797278116,0.0025815850684697598,0.0122,0.6344000000000001,5220
11,10,-0.01098428121928511,-0.014623103846592463,-0.006942858941196482,0.0001,0.014400000000000001,5220
11,11,-0.003761819987004744,-0.008987080780539475,0.001814357960361172,0.1774,1.0,5220
