layer,head,mean_present_r,present_ci_low,present_ci_high,mean_present_minus_absent,ci_low,ci_high,permutation_p,holm_p,pairs
0,0,-0.06901797817565254,-0.07357700540919265,-0.06403885458767013,6.361296883921945e-05,-0.007315150741507483,0.007316289301510667,0.9864,1.0,5220
0,1,0.0063978181764347344,0.0007896131073426061,0.012740456982697629,-0.01988223741113163,-0.029332819445399044,-0.00951706364690692,0.0002,0.014400000000000001,5220
0,2,0.02340394666795006,0.018757435764615506,0.02821356469813831,0.008193395296263095,0.00204623829869266,0.01478787049281315,0.0184,0.828,5220
0,3,-0.07099940895410915,-0.07666740110405063,-0.06515012419158095,0.005403046928058664,-0.0038631042019044567,0.01483152873195537,0.2461,1.0,5220
0,4,-0.07434339683225648,-0.07983456162907078,-0.06866310795344464,0.03130596548368548,0.023254189652391358,0.03991123656957795,0.0001,0.014400000000000001,5220
0,5,-0.009199610767888496,-0.01353111525528187,-0.004923292888981312,0.010151589427157128,0.003910787590578173,0.016376114585136926,0.0015,0.0885,5220
0,6,-0.0003471259448169388,-0.004900267855178368,0.0042000756877712585,-0.0026483978356032015,-0.008986604883278038,0.003572156602797478,0.4222,1.0,5220
0,7,0.08798728491667668,0.08348666892021127,0.09244648679997068,0.012039223718882157,0.005624981742771752,0.018718896527792985,0.0005,0.0325,5220
0,8,-0.07263149858180057,-0.07823813803481702,-0.0672537091736833,0.015834861364441368,0.007977054058875659,0.02415162388223119,0.0001,0.014400000000000001,5220
0,9,-0.028116634777209246,-0.03319543823375322,-0.023431150801369895,-0.0024306314722111113,-0.009033215888912993,0.0051870688972624444,0.4787,1.0,5220
0,10,-0.012008226123405318,-0.018351376898681177,-0.005302468006818067,-0.011107267720633108,-0.021251416974447965,-0.00098955785692915,0.0342,1.0,5220
0,11,-0.0022012604193780263,-0.006395224541776192,0.0028701213931038435,0.008293991250668358,0.001812986804738041,0.014728854403698826,0.0128,0.6144000000000001,5220
1,0,0.061994714428881305,0.055340627813035614,0.06917046169403689,0.014621401239235983,0.004675051962500311,0.025138211749142682,0.006,0.312,5220
1,1,-0.20866596202617252,-0.213885401936073,-0.20283591979031523,0.010375302050256002,0.0018881087050734327,0.018583092861519435,0.0133,0.6251,5220
1,2,-0.10955931669805678,-0.11567704620168034,-0.10335481823263824,0.019527624440865997,0.010579559134298401,0.027961855634339332,0.0001,0.014400000000000001,5220
1,3,-0.21532747335720184,-0.22099231143201722,-0.20984433226701707,-0.0032104851331508583,-0.010917482855465455,0.004273801890071616,0.4234,1.0,5220
1,4,-0.12422223809636083,-0.12967936438638966,-0.1186042044812456,0.001501676303640073,-0.005775685029448687,0.00894584781153342,0.7079,1.0,5220
1,5,0.013831410809002728,0.008280426369542031,0.01946915772894191,0.005047028354904441,-0.0027669823343806988,0.012585548759679559,0.2045,1.0,5220
1,6,-0.007222064941628339,-0.013693573230312731,-0.0015760210673442636,-0.021972189028369175,-0.02988088658229926,-0.01411337085728431,0.0001,0.014400000000000001,5220
1,7,0.05874708719801765,0.05264225865243188,0.06461093897876369,-0.028715912870781565,-0.03740685830381487,-0.020474986737815903,0.0001,0.014400000000000001,5220
1,8,0.12522660649210776,0.11834888097303632,0.13200462286761241,0.024624407646210145,0.013936973162677606,0.03465180414265997,0.0001,0.014400000000000001,5220
1,9,-0.2309303527158915,-0.23631857240534068,-0.22543613206657176,0.01018527471724523,0.0027750105285131166,0.018250424652947312,0.0119,0.5831000000000001,5220
1,10,0.12732894756823224,0.1211114417631338,0.13368073313007434,0.052847690883124236,0.04496507887190359,0.06081270948648224,0.0001,0.014400000000000001,5220
1,11,-0.15471221379525366,-0.1605290844794911,-0.1481717720523041,-0.013589117356997972,-0.022005641893601487,-0.004816084287242777,0.0033,0.1815,5220
2,0,-0.3180156528309599,-0.3221866068026817,-0.31307341947454853,0.0032296522964535487,-0.0037269463387108624,0.010632713966613192,0.3767,1.0,5220
2,1,-0.06073806006318634,-0.06624505208506518,-0.054953780910488734,0.030363560013319253,0.022642682832779176,0.0387662745630074,0.0001,0.014400000000000001,5220
2,2,0.0973564925440071,0.09207348919452876,0.10266167461105788,0.02883894283344303,0.021695593847193037,0.03707694424339807,0.0001,0.014400000000000001,5220
2,3,0.0063673987896432915,0.0011425138972524227,0.011792564611456837,0.03721849839618362,0.029474445842752838,0.045223654940303976,0.0001,0.014400000000000001,5220
2,4,-0.006663931224179057,-0.012056626782899232,-0.0015566342203807517,-0.013304735257051267,-0.020824711041333335,-0.005585212896258228,0.0005,0.0325,5220
2,5,0.053571373690244374,0.04804670775472378,0.059397495331400735,0.02088119398815664,0.012571758963645836,0.028568243593016206,0.0001,0.014400000000000001,5220
2,6,-0.08983386440417152,-0.09548482504941185,-0.08448474386278003,0.018474490164919682,0.011531744151453636,0.02593749621144579,0.0001,0.014400000000000001,5220
2,7,0.08004681830061888,0.07457540849897794,0.0853592744454699,0.02435935547377961,0.016858700664923034,0.03198785000527316,0.0001,0.014400000000000001,5220
2,8,-0.2281555823780997,-0.23283206906664308,-0.22305702809317488,0.025779174194886456,0.018814710721362538,0.03318896993923666,0.0001,0.014400000000000001,5220
2,9,-0.1398359934646696,-0.14523763235595005,-0.13389481880356957,0.007555395284501273,-0.0005199357029746372,0.015694229581849233,0.0726,1.0,5220
2,10,-0.34685754942748526,-0.3523334513806563,-0.3413545341127184,-0.005178892951495389,-0.012417002603919142,0.002512965123987168,0.1839,1.0,5220
2,11,-0.0046587807487147815,-0.01031929931807674,0.0006083773838973706,-0.011202172630707455,-0.019170909329792388,-0.003165994463988366,0.0066,0.33,5220
3,0,-0.3022488991126721,-0.3073475372292089,-0.2969898714279497,0.037656780791456734,0.030069725859707845,0.04541954475336179,0.0001,0.014400000000000001,5220
3,1,-0.31161473488272795,-0.31681924822392776,-0.3061423142111131,0.025720452550301212,0.018829072641121835,0.033341489959196224,0.0001,0.014400000000000001,5220
3,2,0.03459230571654487,0.02820875144225504,0.04127415531807336,0.07432035131682876,0.06582809448585097,0.08329892204103688,0.0001,0.014400000000000001,5220
3,3,0.020841186907982985,0.01417722510368112,0.027462541390106197,0.0667245935473942,0.05686940646372165,0.07574342685914848,0.0001,0.014400000000000001,5220
3,4,-0.2879814959481006,-0.29363620264197204,-0.28246899085333416,0.00559531753949182,-0.002783694515249248,0.013546279219514682,0.1696,1.0,5220
3,5,0.02373816432120323,0.01782856572761975,0.029836124330342443,0.06288472774789182,0.05526664722467234,0.07149492403603638,0.0001,0.014400000000000001,5220
3,6,-0.21877355350750305,-0.22409444536595596,-0.21362656957358794,0.05245842393306724,0.04473672340105028,0.06032326358176761,0.0001,0.014400000000000001,5220
3,7,-0.06764353199868466,-0.07309963069259214,-0.06227968221420213,0.06702321283697944,0.0597638037081746,0.07503145244519854,0.0001,0.014400000000000001,5220
3,8,-0.3009237366316356,-0.30660579227075757,-0.2953511493253989,0.05224964788799417,0.04464897912347623,0.060619510244201105,0.0001,0.014400000000000001,5220
3,9,-0.152513256127936,-0.15869077199836312,-0.1462617023296972,0.010668092763111895,0.0014121671903756274,0.02034081220945899,0.0306,1.0,5220
3,10,-0.20532736606578936,-0.21094356644373738,-0.19930165294234897,0.03443228545942202,0.025178167859826156,0.04303882072075818,0.0001,0.014400000000000001,5220
3,11,-0.04674284644230752,-0.053268536304108,-0.04039966803236111,0.016999580632873417,0.007567450491358753,0.026664804997000226,0.0008,0.049600000000000005,5220
4,0,-0.045111598707943595,-0.05129908976472477,-0.0379769348935008,-0.00498548271070648,-0.015122231960342188,0.003900777337382622,0.2862,1.0,5220
4,1,-0.12740083246188488,-0.13362300852079564,-0.12060825955821762,-0.004847290074263326,-0.015855286443659238,0.004374068520265377,0.3105,1.0,5220
4,2,-0.03855697992610128,-0.04479473308378836,-0.03201465295040307,0.02980811027793716,0.019608901798424064,0.03881025915306838,0.0001,0.014400000000000001,5220
4,3,0.04375501663866254,0.03701767178985213,0.04995242888339137,0.03176601296234623,0.02267632199840827,0.041338595343843654,0.0001,0.014400000000000001,5220
4,4,-0.016602298390368506,-0.022613666479435583,-0.01031299414784488,-0.06738207134805212,-0.07710838348301657,-0.05766700327064604,0.0001,0.014400000000000001,5220
4,5,0.046530064434679344,0.040520726552443403,0.052586808279853264,-0.0017949851799566121,-0.010202482786953555,0.006505547622622112,0.6746,1.0,5220
4,6,-0.19171471953651784,-0.19731639968482106,-0.18554414260356653,0.03457498722210052,0.02673152314216498,0.04218335659691463,0.0001,0.014400000000000001,5220
4,7,0.014610687604275266,0.008613086619893092,0.021407224162784084,0.06551589435273586,0.05645663983082149,0.07439127831068564,0.0001,0.014400000000000001,5220
4,8,-0.07179704532654672,-0.07811865936233403,-0.06519652154386857,0.02214200957995897,0.013129000414588733,0.03087225289654688,0.0001,0.014400000000000001,5220
4,9,0.14257490592298075,0.13623420796720045,0.1492474019969546,0.014514981903344014,0.00506980578772456,0.024533877381635337,0.0025,0.14250000000000002,5220
4,10,-0.20624426635598983,-0.21235770824133593,-0.20012544855714315,0.02449055948842077,0.016387631388270152,0.033600714822176615,0.0001,0.014400000000000001,5220
4,11,-0.20846860674418402,-0.2145184253199259,-0.20213972887028897,-0.014019872745610855,-0.022788705270817215,-0.005170824668419678,0.0026,0.1456,5220
5,0,0.04622064452963781,0.03955427070818617,0.05268435192204341,-0.016047204375147884,-0.024645923927288135,-0.007544442920045383,0.0005,0.0325,5220
5,1,-0.2193251800146656,-0.22509944129238815,-0.21345867238866367,0.004537778492527782,-0.003075117543191009,0.012240919040841293,0.263,1.0,5220
5,2,-0.11547794551737599,-0.12196096393612366,-0.1088472882214702,0.009152878857531214,-0.0011826339970670004,0.018604418192642313,0.0651,1.0,5220
5,3,-0.30490183720961184,-0.3110730554833057,-0.2987986483915632,0.014882197090527826,0.006659521692439155,0.02334655922731131,0.0009,0.0549,5220
5,4,-0.2114817387613128,-0.2180527243883353,-0.20489073152292717,0.03306351133851582,0.023740135502541237,0.041871852210268526,0.0001,0.014400000000000001,5220
5,5,0.11096490876997445,0.10463334833067749,0.11655622806293282,-0.008821028568562629,-0.01727626224994681,-0.00053770652111704,0.0409,1.0,5220
5,6,-0.09877288692786307,-0.10509731044116855,-0.09189399403837431,0.03663517868533026,0.027883290598481162,0.04536339642774842,0.0001,0.014400000000000001,5220
5,7,0.0015585096114440042,-0.004851106572954499,0.007447720398819139,0.06286322009559142,0.054158044183611906,0.07230583924761622,0.0001,0.014400000000000001,5220
5,8,-0.0776181299901985,-0.08408599720788962,-0.07124724661088176,-0.009418321357750467,-0.017550177937007333,-0.0013053885555149936,0.0237,1.0,5220
5,9,-0.1856446289313595,-0.19208416753786983,-0.17933152461904237,0.04240030810221339,0.03412446440743419,0.051144939284798005,0.0001,0.014400000000000001,5220
5,10,0.0451726430652206,0.03800946033337889,0.05165616753184158,0.002736489536298748,-0.006322261448210155,0.012706710250730916,0.5855,1.0,5220
5,11,-0.11859339981438516,-0.12514895396258796,-0.1122728122381722,0.024183512320137233,0.01612074253710913,0.03283882264456547,0.0001,0.014400000000000001,5220
6,0,0.1686936950172992,0.16268780816747241,0.17471839781534684,-0.0005065633144323053,-0.009141387272198355,0.008585633241529387,0.9163,1.0,5220
6,1,-0.17380784330412236,-0.1795125928101092,-0.16742503474699222,-0.003329941192932651,-0.012159671898927533,0.004890276591218206,0.4263,1.0,5220
6,2,0.1333720084864607,0.12630467245976817,0.1399748917000229,0.08690653167752772,0.07728378467485493,0.09722079686312791,0.0001,0.014400000000000001,5220
6,3,0.18556573956400277,0.1795053637435332,0.19216821154423397,0.059667647282893276,0.05124724567018295,0.06785224114308393,0.0001,0.014400000000000001,5220
6,4,-0.04350911546063396,-0.048155745378420454,-0.03877401005500874,0.0010139045168248418,-0.005603492544401152,0.007690070474822143,0.7651,1.0,5220
6,5,-0.10258195843889995,-0.10833498434431374,-0.09703136734888633,0.03553110255433942,0.028083000298103452,0.043251517474823586,0.0001,0.014400000000000001,5220
6,6,0.16348326687445397,0.15763882892884615,0.16920399982175133,0.037871894546569376,0.030189857218411303,0.04644098296618698,0.0001,0.014400000000000001,5220
6,7,-0.11396601118605691,-0.12016554682462377,-0.10719553559167426,0.03007707793721699,0.02148657692592331,0.038882283296867416,0.0001,0.014400000000000001,5220
6,8,-0.2557895466903511,-0.26151193856423816,-0.2498997064049734,0.05058269206119436,0.04280112214523477,0.05908684740621418,0.0001,0.014400000000000001,5220
6,9,0.11354370268547075,0.10703301891900704,0.11977732646473888,0.03413361618574577,0.02591792615517655,0.043524624191876415,0.0001,0.014400000000000001,5220
6,10,0.053706731711118914,0.047148774993751814,0.06051324921445444,0.033279116085744576,0.022906189611118576,0.04248432243188215,0.0001,0.014400000000000001,5220
6,11,0.1182269002987469,0.11138656343904528,0.12429655161130546,0.02367021377594317,0.015021455116677393,0.0335426127921753,0.0001,0.014400000000000001,5220
7,0,0.058959480613339284,0.05221300138124669,0.06560229197413935,-0.0044858875882713015,-0.014333145891041623,0.0062502710475554465,0.4066,1.0,5220
7,1,-0.10889172681742165,-0.11502445009031172,-0.10207391684929597,0.006985577193410359,-0.0035397624276785715,0.0168697618564678,0.1822,1.0,5220
7,2,0.20152177032624297,0.19514145278504835,0.20778035882151913,0.010271939564917537,0.0017646959627280023,0.018312159614235393,0.0155,0.713,5220
7,3,-0.01773206369123191,-0.023982117249448556,-0.010858405651285803,0.04439473351961157,0.034865266257941875,0.05434322708830943,0.0001,0.014400000000000001,5220
7,4,-0.21233097290035807,-0.2182537538901748,-0.206237587346866,0.0431065178485421,0.034540221025047196,0.051729691149888554,0.0001,0.014400000000000001,5220
7,5,-0.0271195040372201,-0.0342766880037193,-0.02027997498692315,-0.009431783234036034,-0.018859686390456203,0.000796688307885668,0.0527,1.0,5220
7,6,0.02156181729462388,0.015182889293249418,0.02780299141682428,0.06662951222689015,0.05746385065431513,0.07569775899211469,0.0001,0.014400000000000001,5220
7,7,0.07314905175190398,0.06663958676049075,0.07935673765918044,0.05269800145949276,0.04362636302479969,0.061413666838721466,0.0001,0.014400000000000001,5220
7,8,-0.04923864520806315,-0.05559369920318008,-0.042401397863159496,0.007425122104527678,-0.003010383890310272,0.017298384312816422,0.1634,1.0,5220
7,9,-0.05884776140437951,-0.0651787618930643,-0.05204369753708595,0.011350117470032967,0.001007057770011367,0.021411914554077916,0.0345,1.0,5220
7,10,0.047609851601961434,0.04021849920725577,0.05437605521211673,0.0074234860923775015,-0.0019946031980667173,0.017294647552343997,0.1644,1.0,5220
7,11,-0.018689650130969935,-0.024571854141718377,-0.01248609155022866,0.029512676155972067,0.020243149926693547,0.0383364172434853,0.0001,0.014400000000000001,5220
8,0,0.10467998227647116,0.09707263886249991,0.1122307764441069,0.003310666041243405,-0.008154913007381756,0.014336628747846584,0.5589,1.0,5220
8,1,0.20116841003755817,0.19445750820437216,0.20751667599023454,-0.004284167077137578,-0.014110366723978827,0.005278151869602115,0.3778,1.0,5220
8,2,0.13738672293564697,0.12979341458597335,0.1449160081922719,0.04445912208451514,0.032984709053063214,0.0557797592393427,0.0001,0.014400000000000001,5220
8,3,-0.06849945880905932,-0.07464710940412649,-0.06181663324732037,0.05829343534144551,0.04906599224377292,0.06748732953144118,0.0001,0.014400000000000001,5220
8,4,-0.018262784457411144,-0.02440234259182096,-0.012366951046030984,0.023279842863946756,0.015344991668842692,0.03168523394645999,0.0001,0.014400000000000001,5220
8,5,0.004179873686314672,-0.002133178443633255,0.010258044765994807,0.04475792880948445,0.036106120354302766,0.053538973486891274,0.0001,0.014400000000000001,5220
8,6,-0.007137605476895874,-0.013131555083827441,-0.0010646005716194017,0.0018131717079798355,-0.006534851887562742,0.010915647919627592,0.6835,1.0,5220
8,7,0.029321579504921477,0.022601392150599458,0.03556283492631821,0.05801646820712016,0.048752134207175675,0.06702064114851573,0.0001,0.014400000000000001,5220
8,8,0.11475705244538766,0.10785017391472923,0.12195263743129649,-0.014377553833868491,-0.02447304706880161,-0.004409832887924554,0.0043,0.2322,5220
8,9,0.06431345877946709,0.057292024346281424,0.07216959773405368,0.01512638869904247,0.003174776749542431,0.024781155233370954,0.0064,0.3264,5220
8,10,0.1979509159717059,0.1914921889422463,0.20431520986171828,0.022250383192372467,0.011460126791909777,0.03221542738980746,0.0001,0.014400000000000001,5220
8,11,-0.09063321969937177,-0.09775662434115814,-0.08409032582818657,-0.0011873896536366546,-0.010629735332454758,0.00929343031132762,0.817,1.0,5220
9,0,-0.11317728790284104,-0.11994365916685289,-0.10628497716575423,0.037502037161081365,0.027004643512997216,0.047478348697279425,0.0001,0.014400000000000001,5220
9,1,0.19206662019878276,0.18558950294424115,0.19874010007945872,-0.03129551676582463,-0.041370099323767194,-0.02273139422683753,0.0001,0.014400000000000001,5220
9,2,0.17909281422173945,0.17203329739604747,0.18598949022537226,-0.007009540878727565,-0.017394861665647424,0.002682951845160306,0.1927,1.0,5220
9,3,0.015830477371260164,0.01051766212604188,0.021506136517633844,0.00037842611351243845,-0.007058335043220896,0.008445796933612717,0.9258,1.0,5220
9,4,-0.18602937800502486,-0.19197840478071856,-0.18008105722965795,0.04800039714161035,0.04003246556570857,0.056895190113308354,0.0001,0.014400000000000001,5220
9,5,-0.1167821445337324,-0.12317778429494214,-0.11084474661444989,-0.02517305616152668,-0.033286024453372,-0.017347245188146933,0.0001,0.014400000000000001,5220
9,6,-0.15398966072622722,-0.1602067258343287,-0.14726153601449635,0.04308401575420744,0.03388055365527727,0.05296542720160289,0.0001,0.014400000000000001,5220
9,7,-0.023494695597828366,-0.029186076464015515,-0.017796494792759205,0.022437083875755447,0.014913101343182317,0.03021393865176106,0.0001,0.014400000000000001,5220
9,8,0.09261439616956435,0.0860274085399472,0.09923111034211239,-0.00956998164418481,-0.01970207489281528,-0.0004029136323545085,0.0486,1.0,5220
9,9,0.25947253497607614,0.2537178693838891,0.2653677065584814,-0.053889158898601235,-0.06295794565732554,-0.04541545069630259,0.0001,0.014400000000000001,5220
9,10,0.19840070237676208,0.19150263839133155,0.20533539321188132,-0.033652460665731035,-0.043240776959895304,-0.023868470761504886,0.0001,0.014400000000000001,5220
9,11,0.007529205420128426,0.0019098230204475089,0.013249741770336169,0.012323321060341641,0.004581010710181342,0.020333186052426903,0.0045,0.2385,5220
10,0,-0.2292708432400245,-0.2354338440972171,-0.22313673010001467,-0.006923721397842889,-0.015856896180387495,0.0017193569445528244,0.1143,1.0,5220
10,1,-0.03600651826611651,-0.04207041699506114,-0.02987625459325143,0.01130466173501718,0.0010860319096760052,0.020413975418223096,0.0221,0.9724,5220
10,2,0.015854390349288563,0.009727945333933532,0.02191126343220758,-0.021997062987417684,-0.030581854172232924,-0.012984688905966655,0.0001,0.014400000000000001,5220
10,3,0.14648459241430886,0.14170592934070517,0.15146446135110372,0.0012529023198982513,-0.005156589527612246,0.008540431150035043,0.7189,1.0,5220
10,4,-0.09317297799191,-0.0987521520232819,-0.08771110580020497,-0.017281798363048894,-0.024534943977790432,-0.009504784675965893,0.0001,0.014400000000000001,5220
10,5,0.0758578742643972,0.06973552192460275,0.08217483349182038,-0.026095368072633855,-0.03452308326906845,-0.017345376680599996,0.0001,0.014400000000000001,5220
10,6,-0.24877276447748078,-0.254634988663082,-0.24303516262360197,-0.0034150033359889136,-0.01130272971460238,0.005533568399330939,0.4423,1.0,5220
10,7,-0.21824635105543658,-0.22376567910073816,-0.21272861391420617,0.037639221835334455,0.029819538624263474,0.04565139188881062,0.0001,0.014400000000000001,5220
10,8,0.12566919131539941,0.12004158999608597,0.13138839698215402,-0.04527928748252883,-0.05345649759181938,-0.036810444771953506,0.0001,0.014400000000000001,5220
10,9,0.208451518662441,0.20261891850492542,0.21426556014239614,-0.05575665427335922,-0.06322227830733625,-0.04757552756958562,0.0001,0.014400000000000001,5220
10,10,-0.20232375655918838,-0.20790711309722779,-0.19613200639811787,0.05245918472752803,0.044667546473157516,0.06080869900437383,0.0001,0.014400000000000001,5220
10,11,-0.09706975050272916,-0.10308751321894971,-0.09076351875513806,-0.013447289815333338,-0.021585837198682716,-0.005192522942369391,0.0015,0.0885,5220
11,0,0.20090083098060946,0.19581971026789152,0.20587322824296908,-0.01790922335465487,-0.024892929005521355,-0.011205395838128246,0.0001,0.014400000000000001,5220
11,1,-0.08608389032787522,-0.09079445966098484,-0.0810606984599588,-0.010554409723175949,-0.016767534913929596,-0.0038362849977373104,0.0013,0.078,5220
11,2,0.06634105721464907,0.05991712567375388,0.0721681118115403,-0.049108520557178674,-0.057384643702540136,-0.04081097178674616,0.0001,0.014400000000000001,5220
11,3,0.023247310114409846,0.01814187434607101,0.028378415136439513,0.01738859224143142,0.010673795105744451,0.02421537208349368,0.0001,0.014400000000000001,5220
11,4,0.07631072091575597,0.0702994371078567,0.08258381126853637,0.0086475737678007,-0.0007751978045469881,0.016733539530592968,0.0494,1.0,5220
11,5,-0.1565099329092171,-0.16243400425031898,-0.1499072105463167,-0.02454759018762332,-0.03244490026063639,-0.016215279219902342,0.0001,0.014400000000000001,5220
11,6,-0.24853090701429847,-0.25308874083983923,-0.2431845299937604,0.015324917254427202,0.008688358527767713,0.022790399850611157,0.0001,0.014400000000000001,5220
11,7,-0.16375231061918458,-0.16894601093378728,-0.15766762569457748,0.008019721039162164,-0.00019139162307417907,0.016492463283701374,0.0536,1.0,5220
11,8,0.04968996385949068,0.04494926998789382,0.055044545648144566,-0.025607923924070616,-0.03332882102336779,-0.018127822384668358,0.0001,0.014400000000000001,5220
11,9,0.012139768369638282,0.0066438123258182324,0.017224580504480464,-0.006210895677671743,-0.014116599859602787,0.0012360213245421882,0.122,1.0,5220
11,10,-0.05383950332065258,-0.05901026704864864,-0.04869173950746447,-0.05224328641920976,-0.05936399908759192,-0.04507394176632826,0.0001,0.014400000000000001,5220
11,11,0.007405452164664332,0.001679109455251116,0.012954094686435868,-0.024381104242868913,-0.03296250066901719,-0.01653252944489978,0.0001,0.014400000000000001,5220
