layer,head,restoration,task,pairs,denominator_failures,median_restoration,mean_ci_low,mean_ci_high,sequence_units
0,0,-0.430085708553787,splice_sites_donors,1182,0,0.0004347851214168,-1.3623675426950579,0.049283377408912,1181
0,1,-0.7283137458491142,splice_sites_donors,1182,0,-0.0012567907983661,-2.1278291511472838,0.0013938234906136111,1181
0,2,-0.4457239673088879,splice_sites_donors,1182,0,-0.0002896065423472,-1.3552613787918024,0.02748670079596485,1181
0,3,-0.0013880934825482,splice_sites_donors,1182,0,-1.8219411816387184e-05,-0.01181035368387113,0.008428785476842617,1181
0,4,0.0358418444047929,splice_sites_donors,1182,0,-3.851578040202006e-05,-0.034201739142514856,0.14654726573109297,1181
0,5,-0.0449913346128341,splice_sites_donors,1182,0,2.1765621186823516e-05,-0.1481551537487494,0.010221990269783033,1181
0,6,-0.7831218514725428,splice_sites_donors,1182,0,-0.0001294852988335,-2.3552093897565003,0.026613644173589922,1181
0,7,-0.0139199310872214,splice_sites_donors,1182,0,-0.0003355093268524,-0.0943342698710392,0.049842812856061965,1181
0,8,-0.5134662976881076,splice_sites_donors,1182,0,0.0058004991248877,-1.1381659215710502,-0.04777795891974097,1181
0,9,0.0751176324449446,splice_sites_donors,1182,0,9.724755657160372e-05,-0.011162840233951348,0.22595002304971734,1181
0,10,-0.1845832870428321,splice_sites_donors,1182,0,-5.162697940795862e-05,-0.5513463788615547,0.003056751953682521,1181
0,11,-0.902846695815034,splice_sites_donors,1182,0,0.0010956279480336,-2.792051844463525,0.06687956014384464,1181
1,0,-1.5004512342816398,splice_sites_donors,1182,0,-0.0016143817267842,-4.525075697344319,0.08396108620719063,1181
1,1,0.0413117528872389,splice_sites_donors,1182,0,1.8543784668978148e-05,-0.01158676859114002,0.1378857842573748,1181
1,2,-0.1718323986315372,splice_sites_donors,1182,0,0.0007636476358792,-0.5902339143732904,0.05953220881830702,1181
1,3,-0.2051647215998361,splice_sites_donors,1182,0,2.4957525164246195e-05,-0.6215798342473684,0.014257512795602636,1181
1,4,-0.3735985260549661,splice_sites_donors,1182,0,-0.0002381565380581,-1.1157608103645984,0.002791281697732688,1181
1,5,0.1253700094781068,splice_sites_donors,1182,0,-8.079037339554852e-05,-0.021716137412825933,0.3958235907349915,1181
1,6,-0.7808583508721348,splice_sites_donors,1182,0,0.0007730328922497,-2.3494079143498565,0.012097259871128105,1181
1,7,0.0498545474412859,splice_sites_donors,1182,0,0.0014026184769582,-0.08919266619633018,0.258062562506168,1181
1,8,2.602172291078206,splice_sites_donors,1182,0,0.0429244099021357,0.04913610881510924,7.5691914000662,1181
1,9,-0.1034515854928536,splice_sites_donors,1182,0,0.0001724851385654,-0.31117141328302333,0.0053444074083804525,1181
1,10,-0.5364476466796737,splice_sites_donors,1182,0,-0.0026022267366189,-1.6041585851861095,0.01864200267845062,1181
1,11,-0.3846123928629484,splice_sites_donors,1182,0,-0.0003181805019891,-1.1690998533300387,0.013587854789984574,1181
2,0,0.3726335536006698,splice_sites_donors,1182,0,0.0067088938364058,-0.08693667278641347,1.1713301831575609,1181
2,1,-0.0861331763803264,splice_sites_donors,1182,0,-3.521648452597503e-05,-0.3949667748944459,0.12505132828278007,1181
2,2,-0.1895098824134232,splice_sites_donors,1182,0,-0.0062648839698395,-0.6385868732644325,0.06740701843026546,1181
2,3,-0.115844150080466,splice_sites_donors,1182,0,0.0023728686487481,-0.3788333279889472,0.03375993378862044,1181
2,4,-0.0678546665756835,splice_sites_donors,1182,0,-0.0001688075672487,-0.18510049593044675,0.0013385236432481916,1181
2,5,0.0183043113584805,splice_sites_donors,1182,0,0.0001484210869057,-0.006728389346542806,0.06119972088719629,1181
2,6,-0.1535199287860181,splice_sites_donors,1182,0,0.0026130613009071,-0.4033101783343771,-0.01247972690746351,1181
2,7,-0.2474192915913559,splice_sites_donors,1182,0,0.0091175297578443,-0.889015268691708,0.10667581062885322,1181
2,8,0.1165853359750399,splice_sites_donors,1182,0,0.0122528916719612,0.018238058641963595,0.24093449579889079,1181
2,9,0.4754690950991179,splice_sites_donors,1182,0,-0.0016650329563526,0.0025649946608531436,1.3989142403150754,1181
2,10,0.2004266832785272,splice_sites_donors,1182,0,0.0018016248724027,-0.008662128741888351,0.5952144352291318,1181
2,11,0.1233934970499061,splice_sites_donors,1182,0,-4.164219301749929e-05,0.00484440763361997,0.3138003649494613,1181
3,0,-0.3835225734630341,splice_sites_donors,1182,0,0.0049025531805005,-1.1918012065970998,0.037230360801779605,1181
3,1,-0.1975196065746521,splice_sites_donors,1182,0,0.0011832828298931,-0.6185468560591297,0.029821605536055024,1181
3,2,-0.2040171362713493,splice_sites_donors,1182,0,0.0016019740254275,-0.6966757743711888,0.07063427730600745,1181
3,3,0.1805363286956134,splice_sites_donors,1182,0,0.0017534100952544,-0.017383420605210115,0.533211699852757,1181
3,4,-0.0848656490807486,splice_sites_donors,1182,0,0.001995119869889,-0.25278890179336216,0.01220697799224971,1181
3,5,0.129155982454912,splice_sites_donors,1182,0,0.0003703378388898,-0.006366607651533415,0.3810299709512727,1181
3,6,-0.0359771795575099,splice_sites_donors,1182,0,0.0052038158755387,-0.17140358784698959,0.08040409178070333,1181
3,7,0.0645819740668669,splice_sites_donors,1182,0,0.0021765396272158,-0.045238974921726086,0.22345775810589005,1181
3,8,0.0417821823201647,splice_sites_donors,1182,0,0.0033903348891349,-0.0062268981467502845,0.09643963237791132,1181
3,9,0.0361334350969972,splice_sites_donors,1182,0,-0.0005860733390005,-0.024587554702561156,0.11453426733009268,1181
3,10,-0.4551150521985921,splice_sites_donors,1182,0,0.0073062982921232,-1.5169257951415562,0.10268119796126186,1181
3,11,0.1959671914188096,splice_sites_donors,1182,0,-0.0013738371114442,-0.005669023323118134,0.5669480491918253,1181
4,0,-0.0517168995046656,splice_sites_donors,1182,0,0.0109324892185696,-0.19674855029019125,0.06969385129581745,1181
4,1,-0.3085305921872988,splice_sites_donors,1182,0,0.00134160012691,-0.9889659489546498,0.06451565495090138,1181
4,2,0.0030964565512701,splice_sites_donors,1182,0,0.009693746270871,-0.1708382546037043,0.13252042372707118,1181
4,3,0.2220024389953382,splice_sites_donors,1182,0,-0.0023118032869652,-0.012245363354800653,0.6603326796507631,1181
4,4,0.7551000555557172,splice_sites_donors,1182,0,0.0026172320422492,-0.071621497300704,2.3539722094502364,1181
4,5,-0.1247153047562032,splice_sites_donors,1182,0,0.0030597986308004,-0.4237099105658636,0.04758077634164031,1181
4,6,-0.3614975382818227,splice_sites_donors,1182,0,0.0132168176292132,-1.2788143089269741,0.16231867585425752,1181
4,7,-0.0193580048414331,splice_sites_donors,1182,0,0.0041389659048591,-0.11004802093042734,0.036017720415878106,1181
4,8,0.0049280068559432,splice_sites_donors,1182,0,0.0016304767795824,-0.05926918285765193,0.06240839260847373,1181
4,9,0.0355529584533371,splice_sites_donors,1182,0,0.0038467851875027,-0.04782477798777792,0.13020040919367018,1181
4,10,-0.0100597388691841,splice_sites_donors,1182,0,-0.0013399501267243,-0.040595050937230745,0.01851596109045576,1181
4,11,0.029425564715572,splice_sites_donors,1182,0,0.0015980631976857,-0.0020927799189682287,0.06928947518414524,1181
5,0,-0.117619031032323,splice_sites_donors,1182,0,0.0022347476325603,-0.3723035629153771,0.02349541238210042,1181
5,1,-0.2038293470811529,splice_sites_donors,1182,0,0.0004628655794451,-0.7950542414849698,0.12784138154433017,1181
5,2,-0.2097175382514521,splice_sites_donors,1182,0,0.0087334732838586,-0.6844404671222586,0.04697795561599624,1181
5,3,0.1816799033987874,splice_sites_donors,1182,0,0.0035839996320162,-0.031350936318811036,0.5815966612382928,1181
5,4,0.0125481097443504,splice_sites_donors,1182,0,0.0007792081271298,-0.004301269891610874,0.032861107660261256,1181
5,5,0.0103218289740484,splice_sites_donors,1182,0,-0.0011417643942883,-0.02628598896493498,0.04862800983010476,1181
5,6,-0.0548514924890273,splice_sites_donors,1182,0,0.0157519003958354,-0.2527341141652492,0.09030785541216349,1181
5,7,-0.1609989034683341,splice_sites_donors,1182,0,0.0026148882715541,-0.401686458198205,-0.007591312102592657,1181
5,8,0.0191065604781988,splice_sites_donors,1182,0,0.0067364957520289,-0.042369728257131964,0.07505984338660034,1181
5,9,-0.0580360315902655,splice_sites_donors,1182,0,0.0010321931796117,-0.17708724155448802,0.012096457131586101,1181
5,10,0.2364359486183388,splice_sites_donors,1182,0,0.007123878248294,-0.017643430063847602,0.7070527430214314,1181
5,11,-0.3504882071420063,splice_sites_donors,1182,0,0.0102200149149641,-1.0865752607680375,0.0322986920206156,1181
6,0,-0.0270714686733423,splice_sites_donors,1182,0,0.0076756342553099,-0.10527117277328166,0.029141173364848418,1181
6,1,-0.0582224727924576,splice_sites_donors,1182,0,0.0048334540220037,-0.25186246255240013,0.05232394872855031,1181
6,2,-0.2387200216115861,splice_sites_donors,1182,0,-0.0048727797296065,-0.7716553286179261,0.06764461896956556,1181
6,3,-0.0262982111941433,splice_sites_donors,1182,0,0.000255330551246,-0.10170655465807414,0.015869496564568406,1181
6,4,-0.0467137656998697,splice_sites_donors,1182,0,0.0009600133226038,-0.1716644879105208,0.025190637457027962,1181
6,5,0.0444841279913638,splice_sites_donors,1182,0,1.5783771849355566e-05,-0.11122821713998797,0.2518398845208304,1181
6,6,0.1172479807739213,splice_sites_donors,1182,0,-5.15707899876323e-05,-0.0032263382056191324,0.34826015685633216,1181
6,7,-0.2254071983493258,splice_sites_donors,1182,0,0.0270494479490805,-0.7251114424877386,0.11306696093855284,1181
6,8,-0.02821214368637,splice_sites_donors,1182,0,0.0101914022180648,-0.16084899219485238,0.06536851230114989,1181
6,9,-0.001663415320862,splice_sites_donors,1182,0,0.0007857633871103,-0.045713763207421085,0.04660196376927054,1181
6,10,-0.0313342140850916,splice_sites_donors,1182,0,0.0008585972858805,-0.10699820065945606,0.013234078523131196,1181
6,11,-0.0727393879785088,splice_sites_donors,1182,0,0.0027043073570516,-0.2825674581698415,0.05687088477466218,1181
7,0,-0.201784552274622,splice_sites_donors,1182,0,0.0108123714326106,-0.62283005681245,0.05828935764588119,1181
7,1,0.2813218878417576,splice_sites_donors,1182,0,0.0225512663571115,0.06320887181300765,0.6094350098013533,1181
7,2,0.0993682717503598,splice_sites_donors,1182,0,0.0016111276707864,-0.04630282479229925,0.278657252246683,1181
7,3,-0.1347404630972349,splice_sites_donors,1182,0,0.0015111521331307,-0.5626805335309192,0.11843086571348899,1181
7,4,0.0157004074588891,splice_sites_donors,1182,0,0.0003981373290406,0.0021004069869554904,0.03363610021257543,1181
7,5,0.0108327825084174,splice_sites_donors,1182,0,-0.0031758305470033,-0.027931487190644685,0.053525881796160496,1181
7,6,-0.0666920010588967,splice_sites_donors,1182,0,0.0009641172431681,-0.23904531441677943,0.030362803638386452,1181
7,7,-0.060185735470108,splice_sites_donors,1182,0,0.0008987852056573,-0.19302284122529992,0.009859699828500242,1181
7,8,-0.503166209617677,splice_sites_donors,1182,0,0.0011606467463514,-1.62785370904027,0.10420297695143792,1181
7,9,0.0459109000414388,splice_sites_donors,1182,0,0.0140900892230739,-0.290352411941678,0.41238353872786226,1181
7,10,0.3704518629173094,splice_sites_donors,1182,0,0.0032917620967279,0.016649566033093244,0.9104305563736718,1181
7,11,0.3195313259204678,splice_sites_donors,1182,0,0.0004378188274861,-0.006155627538417984,0.9491278040684015,1181
8,0,0.2457583856737538,splice_sites_donors,1182,0,0.0069197128996304,-0.017747720187780352,0.7039997127017142,1181
8,1,0.0462106708703577,splice_sites_donors,1182,0,0.002235286404832,0.009327413401175457,0.09849148609463074,1181
8,2,-0.0987130645507548,splice_sites_donors,1182,0,0.0031127535832906,-0.35591899036541563,0.043912940048992676,1181
8,3,-0.230355324537269,splice_sites_donors,1182,0,0.0030072844074585,-0.8199361146977562,0.08168810896371784,1181
8,4,0.1575866179594456,splice_sites_donors,1182,0,-0.0006931431499856,0.00041520082582704375,0.45224221597769865,1181
8,5,0.079682364968335,splice_sites_donors,1182,0,-0.0001537723856395,-0.0034380717588702167,0.24025195405213656,1181
8,6,-0.4109471562447874,splice_sites_donors,1182,0,0.0037834844259385,-1.2534178427890958,0.02263693304511191,1181
8,7,-0.0166086521195057,splice_sites_donors,1182,0,0.0043073391513177,-0.1214991207508585,0.04818387477874948,1181
8,8,0.0745226033047088,splice_sites_donors,1182,0,0.007027937160054,-0.1437052621904483,0.37240531478392763,1181
8,9,0.2012638381080266,splice_sites_donors,1182,0,0.0099543823074208,-0.04589113601321536,0.597911554740468,1181
8,10,-0.4894977976926084,splice_sites_donors,1182,0,0.0061304890995544,-1.4283464525546816,-0.0006333070968044576,1181
8,11,0.0997224613031381,splice_sites_donors,1182,0,0.0036498207018865,-0.0720568532077237,0.3017236290380651,1181
9,0,-0.494585053799043,splice_sites_donors,1182,0,0.0175951547005449,-1.537573863757261,0.057470685180512945,1181
9,1,0.0840282599359601,splice_sites_donors,1182,0,0.0055049296348731,-0.04107120381414334,0.28626611087437015,1181
9,2,0.5048757141411275,splice_sites_donors,1182,0,0.0073117540430568,-0.05323418733998891,1.5877401243410287,1181
9,3,0.2576812331176849,splice_sites_donors,1182,0,0.0022548206137759,-0.02171856645262391,0.7900163238641517,1181
9,4,-0.3028990827751414,splice_sites_donors,1182,0,0.0087352497639844,-0.9346340412712825,0.02132348966387755,1181
9,5,0.1753135738472049,splice_sites_donors,1182,0,-0.000522508507309,-0.016913094384879233,0.5336919221544555,1181
9,6,0.1869654621441625,splice_sites_donors,1182,0,0.0019448802608114,-0.004069464174651647,0.5446977532216503,1181
9,7,0.3574931220359221,splice_sites_donors,1182,0,0.0098857413587846,-0.0027427625442879534,1.0596916739292364,1181
9,8,2.0847963341686566,splice_sites_donors,1182,0,0.0169391352682167,-0.12080819239197856,6.320943165614261,1181
9,9,-0.1168818383519392,splice_sites_donors,1182,0,0.0122414104701355,-0.5202412230197561,0.14023727108314546,1181
9,10,0.3439148758536166,splice_sites_donors,1182,0,0.0054382761391502,-0.028864220104516867,1.0666653086638491,1181
9,11,0.2001636343948951,splice_sites_donors,1182,0,0.0028330345461214,0.010787466402440533,0.5691936200173199,1181
10,0,-0.0961464626088429,splice_sites_donors,1182,0,0.0040537092810823,-0.32508930408413106,0.029455835153415766,1181
10,1,0.2169122442036759,splice_sites_donors,1182,0,0.0096031809227177,0.026110121352246655,0.5705608100321927,1181
10,2,0.3384545179699053,splice_sites_donors,1182,0,-0.0048724541358608,-0.11219745754014103,1.1727497253756545,1181
10,3,0.2032438394670721,splice_sites_donors,1182,0,0.0027943365137905,0.0028199328318692226,0.5799495720412005,1181
10,4,0.2315927939344924,splice_sites_donors,1182,0,0.0011916471369237,-0.05717401670234057,0.7327979694414578,1181
10,5,0.5814327781249502,splice_sites_donors,1182,0,0.0192819639212025,-0.08150184497455289,1.794274432216708,1181
10,6,-0.0393285643833945,splice_sites_donors,1182,0,0.0026279927056829,-0.10380519928751714,0.006312385706075168,1181
10,7,0.7559504224650773,splice_sites_donors,1182,0,0.0004777474521198,-0.08905415246442358,2.396427913324192,1181
10,8,-0.0349134010690656,splice_sites_donors,1182,0,0.0192117119192969,-0.31793092967173975,0.16778991050970432,1181
10,9,0.2012253855673032,splice_sites_donors,1182,0,0.0087189960262917,-0.14892951458668868,0.7680324122510153,1181
10,10,0.5803632224252966,splice_sites_donors,1182,0,-0.0045115541495935,-0.040927737062869604,1.7746431681061698,1181
10,11,0.3281814514314761,splice_sites_donors,1182,0,0.0416531845040327,0.05427804134377205,0.8020883085046925,1181
11,0,0.697790297217802,splice_sites_donors,1182,0,0.027855395422514,-0.10632622984951912,2.0987885678457774,1181
11,1,1.1959501593840605,splice_sites_donors,1182,0,0.0066137280140898,-0.057197407708529144,3.62906479420411,1181
11,2,-1.3024460954173818,splice_sites_donors,1182,0,0.010210099359785,-3.992540593648037,0.08348147286683788,1181
11,3,-0.4617587055952374,splice_sites_donors,1182,0,0.0005575824603023,-1.376252266592132,0.013651436043634084,1181
11,4,0.5760136882572499,splice_sites_donors,1182,0,0.007147373016867,-0.055709743642244854,1.731533750158582,1181
11,5,-0.4645755529353978,splice_sites_donors,1182,0,0.0556724453670802,-1.6032010478018621,0.14002665566237718,1181
11,6,0.0884220756586164,splice_sites_donors,1182,0,0.0076808445418462,0.0003402606206521332,0.23316872272754907,1181
11,7,-0.5683889529982995,splice_sites_donors,1182,0,-3.531678743567874e-05,-1.7218589204991905,0.026324028306964693,1181
11,8,0.3826266840482112,splice_sites_donors,1182,0,0.0257582783093346,-0.060519102261101444,1.1186485022285346,1181
11,9,-1.0560378696055492,splice_sites_donors,1182,0,0.0094831986357505,-3.1245228418820616,0.016960167550654867,1181
11,10,0.4761236676577735,splice_sites_donors,1182,0,0.0196588275595914,-0.037994373328129084,1.4373907817612102,1181
11,11,-0.0067554045546243,splice_sites_donors,1182,0,-0.0037344368627608,-0.05832737270067129,0.04151509715802109,1181
