source,feature,ctcf_motif_cosine,mean_activation,activation_frequency
residual,353,0.10921727304541717,1.1104353666305542,0.9746531639641749
residual,129,0.10503972966675792,1.0629615783691406,0.9749263400261469
residual,104,0.09032118424697108,1.0859953165054321,0.9767214970048196
residual,109,0.08810692763295895,1.1029058694839478,0.9760970945774552
residual,268,0.08780009982316325,1.1143945455551147,0.9764483209428476
residual,383,0.08668763640811576,1.1066818237304688,0.978184940193955
residual,426,0.08593672214976797,1.0751755237579346,0.9765849089738337
residual,451,0.08219114098522388,1.0987913608551025,0.9768385724599504
residual,173,0.08203874058464124,1.091786503791809,0.9760580694257449
residual,499,0.08198308682793701,1.0961971282958984,0.9771507736736327
residual,473,0.0818381938174191,1.1082866191864014,0.9747702394193057
residual,400,0.08099543508901846,1.1059588193893433,0.9742824250229273
residual,414,0.07978953477747373,1.0736902952194214,0.9770727233702121
residual,1,0.07966253581384115,1.097528100013733,0.9766629592772542
residual,31,0.07916132477292223,1.0985314846038818,0.9790630061074362
residual,122,0.07858443621561371,1.0609197616577148,0.9775800503424457
residual,265,0.07814077115930328,1.0680495500564575,0.9744385256297684
residual,223,0.07754231270329913,1.0942680835723877,0.9747702394193057
residual,205,0.07603573635060654,1.0802801847457886,0.9726823938028059
residual,489,0.07557317738643198,1.0936778783798218,0.9751604909364086
residual,34,0.07548157212590893,1.0756468772888184,0.9776581006458662
residual,217,0.07258597179360428,1.0950934886932373,0.9738726609299694
residual,67,0.07219366194390264,1.1051361560821533,0.9748287771468711
residual,246,0.07167579472037897,1.0926907062530518,0.974945852602002
residual,267,0.07160846761440474,1.0918676853179932,0.9767995473082401
residual,429,0.07151483555649175,1.0944888591766357,0.9779312767078382
residual,171,0.07111485131601597,1.1049988269805908,0.9762336826084411
residual,153,0.0694409759273602,1.0584462881088257,0.9763702706394272
residual,433,0.0694252969310048,1.0968658924102783,0.9751604909364086
residual,119,0.06892946814081463,1.102977991104126,0.9769361353392262
residual,273,0.06837824722048308,1.0995126962661743,0.9759409939706141
residual,196,0.06821399496762673,1.0976383686065674,0.9783410408007961
residual,369,0.06775638482326894,1.0991789102554321,0.9758824562430486
residual,258,0.06739275891065548,1.0919378995895386,0.9778727389802728
residual,286,0.06730246110174785,1.0896466970443726,0.9761361197291655
residual,280,0.06699996456946425,1.0760693550109863,0.976916622763371
residual,398,0.06685348483158725,1.0682737827301025,0.9753361041191048
residual,66,0.06668424668488931,1.0831884145736694,0.9757458682120627
residual,33,0.06655277870915145,1.1388055086135864,0.9773654120080392
residual,472,0.06608565905575632,1.0706909894943237,0.9775800503424457
residual,240,0.06598890230258342,1.0873903036117554,0.9767605221565299
residual,103,0.06536960739291761,1.121263027191162,0.9764678335187028
residual,378,0.06526171137388821,1.113405704498291,0.9743019375987824
residual,314,0.06485312327885506,1.0978604555130005,0.9765068586704131
residual,35,0.06471621884218344,1.1128125190734863,0.9776190754941559
residual,11,0.06469095163669565,1.0728983879089355,0.9768580850358056
residual,10,0.06425580269837611,1.0889396667480469,0.9746531639641749
residual,333,0.064192132368835,1.0701149702072144,0.9757263556362076
residual,450,0.06412016489403491,1.099509358406067,0.9767214970048196
residual,96,0.06391636023217113,1.1194766759872437,0.9770727233702121
residual,91,0.06386303114835,1.1125413179397583,0.9778922515561279
residual,311,0.06339993990547214,1.082063913345337,0.9761166071533103
residual,281,0.06332750394008932,1.0791945457458496,0.9754141544225253
residual,97,0.06304516654267538,1.079755187034607,0.9760580694257449
residual,169,0.06260489767105801,1.0744305849075317,0.9779898144354037
residual,51,0.062184825567523826,1.111722469329834,0.9762922203360066
residual,395,0.06204641804674812,1.0857833623886108,0.9764678335187028
residual,23,0.06163895373704563,1.0996235609054565,0.9737750980506936
residual,126,0.061445175067441876,1.0797781944274902,0.9751214657846983
residual,13,0.06074127405780097,1.056246042251587,0.9768775976116607
residual,111,0.060601305990796925,1.0936614274978638,0.9768580850358056
residual,167,0.060141367616355045,1.1070667505264282,0.9747897519951609
residual,27,0.06001117618193208,1.0720241069793701,0.9756873304844973
residual,290,0.05994471484391901,1.0743870735168457,0.9742629124470721
residual,297,0.059812568831348514,1.0990630388259888,0.9754141544225253
residual,443,0.05970496394335143,1.0836373567581177,0.9732482585026049
residual,149,0.059674647188576416,1.0974262952804565,0.9722531171339929
residual,248,0.05930585817276874,1.0774996280670166,0.9761166071533103
residual,309,0.05914583075588914,1.105610728263855,0.9786727545903334
residual,407,0.059106037249650405,1.095658540725708,0.9785166539834924
residual,328,0.05907001172251582,1.0977439880371094,0.9760775820016
residual,108,0.058626441677000894,1.06344473361969,0.9763312454877169
residual,14,0.058594503619519726,1.0918384790420532,0.9778727389802728
residual,261,0.05831063283369027,1.0654702186584473,0.9770727233702121
residual,110,0.058179231506458796,1.0674166679382324,0.9783410408007961
residual,342,0.05810552931462123,1.112899661064148,0.9745556010848992
residual,284,0.05802134460846842,1.107311487197876,0.9756873304844973
residual,120,0.057823974098259956,1.1299569606781006,0.979863021717497
residual,137,0.05779888432393685,1.0833508968353271,0.978048352162969
residual,449,0.05632142751774794,1.07875394821167,0.9772678491287635
residual,417,0.05607628110910275,1.0613189935684204,0.9751019532088431
residual,74,0.05602319731746546,1.099099040031433,0.9765263712462682
residual,24,0.05594855099829121,1.0809881687164307,0.9765653963979785
residual,437,0.055828948459265226,1.1010715961456299,0.9764873460945579
residual,354,0.05582767052563756,1.095180630683899,0.9776385880700111
residual,112,0.05538243075557892,1.0890915393829346,0.9760580694257449
residual,215,0.05528055134878454,1.0858290195465088,0.977189798825343
residual,180,0.055268080729917964,1.1292665004730225,0.9743019375987824
residual,165,0.054898567553038555,1.1211130619049072,0.9779312767078382
residual,77,0.054743460661818455,1.0996562242507935,0.9746531639641749
residual,30,0.05443718883004993,1.117638111114502,0.976916622763371
residual,459,0.053965693617932416,1.0645304918289185,0.9787898300454643
residual,231,0.05392829354574852,1.0624574422836304,0.9751214657846983
residual,155,0.05359256047245428,1.1144132614135742,0.9771117485219224
residual,367,0.0534352972579063,1.069524884223938,0.9746141388124646
residual,424,0.053295972134408676,1.1139798164367676,0.975082440632988
residual,251,0.053182288329400924,1.1093015670776367,0.9759800191223243
residual,158,0.05299984545174418,1.101844310760498,0.9738531483541142
residual,329,0.052961109402634994,1.1121697425842285,0.9752970789673945
residual,357,0.05282774007256321,1.0563815832138062,0.978184940193955
residual,382,0.05275072421044174,1.0612002611160278,0.9775215126148803
residual,185,0.05259166524409623,1.099438190460205,0.9760190442740346
residual,306,0.05246174746991455,1.0770013332366943,0.974945852602002
residual,32,0.05238002882868081,1.1038390398025513,0.9772678491287635
residual,58,0.052246385964894185,1.1310534477233887,0.9761751448808758
residual,347,0.05220758365918468,1.097848892211914,0.9774629748873149
residual,298,0.05217219237646042,1.0899890661239624,0.9708286990965678
residual,336,0.05195041317119363,1.1010874509811401,0.977209311401198
residual,452,0.05181998048486604,1.107558250427246,0.9744775507814787
residual,510,0.05176957657035039,1.081047534942627,0.9768190598840953
residual,288,0.0516154855739445,1.0642467737197876,0.9745946262366095
residual,16,0.05158736917615015,1.1147515773773193,0.9762922203360066
residual,396,0.05140335046361809,1.080869436264038,0.9746531639641749
residual,250,0.05113476322450614,1.1179677248001099,0.9759019688189038
residual,501,0.05112305008968411,1.080064058303833,0.9774044371597495
residual,8,0.05101958876980963,1.0668977499008179,0.9748873148744366
residual,238,0.0509423881843932,1.1150959730148315,0.9747702394193057
residual,381,0.050854621778686875,1.0894032716751099,0.9737360728989833
residual,439,0.05084229182750428,1.0494036674499512,0.9781654276180999
residual,388,0.05079719982568074,1.0992823839187622,0.9735604597162871
residual,364,0.0505641103636573,1.078255534172058,0.9791215438350016
residual,471,0.050558103640312616,1.0816541910171509,0.9777946886768523
residual,425,0.05048417117171362,1.0708696842193604,0.9751800035122636
residual,224,0.050139833714494486,1.0973174571990967,0.9759019688189038
residual,50,0.049812763511534394,1.0893367528915405,0.9769556479150813
residual,259,0.049718493497065724,1.0579832792282104,0.9766044215496887
residual,229,0.04956440462415446,1.066577672958374,0.9775995629183009
residual,72,0.049563313733702014,1.0821996927261353,0.9765068586704131
residual,121,0.049551691336119766,1.0927438735961914,0.9775605377665906
residual,152,0.04952646730442319,1.1090449094772339,0.9778337138285625
residual,46,0.049496265544915395,1.0663341283798218,0.9777946886768523
residual,15,0.04940021218727973,1.0547646284103394,0.975082440632988
residual,463,0.04895348372905765,1.0552763938903809,0.9765068586704131
residual,404,0.04879003503114616,1.0830820798873901,0.9784971414076372
residual,276,0.04867656688488285,1.08587646484375,0.974243399871217
residual,150,0.04860498503851207,1.0626540184020996,0.9775995629183009
residual,216,0.048596552215151134,1.1305334568023682,0.9783605533766513
residual,198,0.04858960142666235,1.097794771194458,0.976643446701399
residual,49,0.04848359236293598,1.0932869911193848,0.9771507736736327
residual,143,0.04818605761132215,1.062920331954956,0.9758239185154832
residual,42,0.048135500828421066,1.0987462997436523,0.9764678335187028
residual,447,0.04801590859531236,1.061030626296997,0.9754726921500907
residual,477,0.047995522144341725,1.1094701290130615,0.9774044371597495
residual,175,0.047912660243840006,1.101136326789856,0.9774044371597495
residual,39,0.04778763130145879,1.0935360193252563,0.9753165915432497
residual,207,0.047714914680522226,1.1032769680023193,0.9753946418466701
residual,36,0.0476408480604982,1.0866951942443848,0.9765849089738337
residual,497,0.04737187477439587,1.0933551788330078,0.9724677554683994
residual,237,0.04720506825938682,1.0995802879333496,0.9767800347323851
residual,179,0.047102745238856755,1.1059390306472778,0.9764483209428476
residual,408,0.04690404313428685,1.0895086526870728,0.9770141856426466
residual,189,0.04683383537095215,1.070794939994812,0.9772873617046186
residual,496,0.046832718309203,1.1009873151779175,0.9729165447130675
residual,359,0.046805860669300765,1.0767017602920532,0.9772678491287635
residual,59,0.04667825605026195,1.1155073642730713,0.9761166071533103
residual,204,0.04663965948719872,1.1147572994232178,0.9740482741126656
residual,206,0.04637291219738262,1.080894112586975,0.9763702706394272
residual,236,0.04624934399760205,1.094443440437317,0.9756287927569318
residual,56,0.046181851983342286,1.067864179611206,0.9762922203360066
residual,20,0.046134614759910646,1.0943535566329956,0.975375129270815
residual,133,0.04565159048080508,1.0981988906860352,0.9771117485219224
residual,470,0.04564517328825814,1.0703436136245728,0.9772873617046186
residual,302,0.04538659418056266,1.1224576234817505,0.9760970945774552
residual,263,0.04533502228248516,1.105552077293396,0.9763897832152822
residual,278,0.045329668173531346,1.0966647863388062,0.9776776132217214
residual,487,0.04511059296662111,1.0706663131713867,0.9774434623114597
residual,418,0.044706168201281676,1.1199713945388794,0.9758044059396281
residual,252,0.04465397429907778,1.0895992517471313,0.9764483209428476
residual,436,0.044633432511586565,1.1116235256195068,0.9765849089738337
residual,412,0.04453957968320308,1.092969298362732,0.9765458838221234
residual,63,0.04446359162431634,1.1091136932373047,0.9807020624792678
residual,283,0.04428015399170933,1.0984971523284912,0.9751409783605534
residual,116,0.04366207996720764,1.1006250381469727,0.9770922359460672
residual,335,0.04329691757168542,1.1008780002593994,0.9765849089738337
residual,191,0.04275103651261075,1.095407485961914,0.9778532264044176
residual,296,0.0426286411881477,1.0981218814849854,0.9766629592772542
residual,318,0.04262617699097465,1.0822752714157104,0.9751995160881188
residual,7,0.042619007328398344,1.1289429664611816,0.9743995004780581
residual,358,0.042487055582398375,1.0857211351394653,0.9766824718531093
residual,454,0.04229661982365969,1.1144888401031494,0.9713555386446565
residual,202,0.04207521504714799,1.0929313898086548,0.978184940193955
residual,493,0.04167468546956991,1.1145999431610107,0.975648305332787
residual,279,0.041643079336595785,1.0698878765106201,0.9774629748873149
residual,181,0.041528003779607046,1.0792449712753296,0.9770141856426466
residual,300,0.0414564633578527,1.0999847650527954,0.9774044371597495
residual,208,0.04113871653482044,1.0767165422439575,0.9774434623114597
residual,385,0.0410837760078092,1.1039719581604004,0.9782825030732307
residual,462,0.0410164565957849,1.064701795578003,0.9775215126148803
residual,386,0.041005904571563334,1.1018949747085571,0.9753946418466701
residual,355,0.040962259635440194,1.055052399635315,0.9752190286639739
residual,82,0.04079947290497651,1.065374732017517,0.9775605377665906
residual,105,0.04073661437686386,1.0840108394622803,0.9750434154812777
residual,352,0.04063032439428333,1.099619746208191,0.9786337294386231
residual,139,0.04055061068907637,1.1017787456512451,0.9767019844289645
residual,416,0.040509583224707504,1.098419189453125,0.9775215126148803
residual,389,0.040478906183000415,1.0917842388153076,0.9758824562430486
residual,106,0.04046097374177494,1.101578712463379,0.9740092489609553
residual,321,0.04040771435117777,1.0979231595993042,0.9767605221565299
residual,474,0.04019147530972046,1.1194572448730469,0.9772678491287635
residual,319,0.04015840353937175,1.0920180082321167,0.9773068742804738
residual,131,0.0399342551572946,1.1045620441436768,0.9771702862494878
residual,486,0.03992015319129759,1.0915533304214478,0.9751995160881188
residual,303,0.03991646636846016,1.0735257863998413,0.9742629124470721
residual,390,0.03988796535618774,1.0669094324111938,0.9768971101875159
residual,78,0.03963426224104456,1.0964778661727905,0.9763312454877169
residual,490,0.03959889420878991,1.0657379627227783,0.9760775820016
residual,65,0.03956339246367774,1.1216727495193481,0.9745946262366095
residual,478,0.03945029248775532,1.0612292289733887,0.976214170032586
residual,210,0.03937533943564583,1.1049747467041016,0.9767214970048196
residual,222,0.039371821076323026,1.0727795362472534,0.9744385256297684
residual,89,0.03936056116401029,1.0981683731079102,0.976916622763371
residual,441,0.03930557063760558,1.096516489982605,0.9765263712462682
residual,289,0.039141439278421904,1.084726333618164,0.9744775507814787
residual,270,0.03913420878014106,1.1176674365997314,0.9773458994321841
residual,422,0.03906848785092473,1.0955978631973267,0.9759214813947589
residual,241,0.0389400304212063,1.092381477355957,0.9752580538156842
residual,62,0.03875912371203194,1.0796610116958618,0.9784386036800719
residual,277,0.038683151475755455,1.059888243675232,0.9771312610977775
residual,188,0.038676241618489954,1.0886231660842896,0.9759409939706141
residual,271,0.03864719988236781,1.0974035263061523,0.9770727233702121
residual,0,0.038568916630560356,1.0643881559371948,0.9772678491287635
residual,28,0.03847483919752267,1.0687469244003296,0.9784971414076372
residual,293,0.038465720139557985,1.0796890258789062,0.9763312454877169
residual,488,0.03839421509981591,1.1089032888412476,0.9784190911042167
residual,132,0.038369586582937536,1.1112788915634155,0.9756092801810767
residual,325,0.037714979327646385,1.1216514110565186,0.9766629592772542
residual,201,0.03692594581185141,1.1125282049179077,0.9768971101875159
residual,138,0.036585804954222645,1.1333017349243164,0.9760190442740346
residual,376,0.03650855573160901,1.0961902141571045,0.9773458994321841
residual,147,0.036358973686639776,1.093764066696167,0.9776776132217214
residual,438,0.03624060845123142,1.098818063735962,0.9770336982185018
residual,170,0.0362121849357053,1.1042526960372925,0.974809264571016
residual,508,0.03586968853436758,1.0996254682540894,0.9776971257975765
residual,465,0.03583121262775478,1.0878576040267944,0.9749848777537122
residual,391,0.03565790279707387,1.0910112857818604,0.9778532264044176
residual,95,0.035583451795269845,1.084182858467102,0.9758239185154832
residual,431,0.03548634958711329,1.115222692489624,0.9757263556362076
residual,75,0.03535645330019371,1.0925397872924805,0.9776776132217214
residual,316,0.03519524921636944,1.0914301872253418,0.9769361353392262
residual,213,0.03501597989145038,1.0982351303100586,0.9766044215496887
residual,457,0.03501272062478435,1.1073415279388428,0.9769946730667916
residual,338,0.03500232380443988,1.090295672416687,0.9773068742804738
residual,182,0.03486368794850048,1.1036415100097656,0.975082440632988
residual,346,0.034766773642418945,1.0673044919967651,0.9778727389802728
residual,47,0.03446105431731629,1.0977368354797363,0.976643446701399
residual,157,0.034436159668641705,1.0928500890731812,0.9763312454877169
residual,392,0.03430415061405857,1.0815593004226685,0.9766824718531093
residual,491,0.034248895559729146,1.0872787237167358,0.9756678179086421
residual,151,0.03421664046985386,1.0575696229934692,0.9761361197291655
residual,102,0.03388426150928765,1.0839756727218628,0.9776190754941559
residual,292,0.03376005176111197,1.089347004890442,0.9767995473082401
residual,98,0.0337342373798842,1.0453460216522217,0.9754141544225253
residual,312,0.03345681297386415,1.1129932403564453,0.9766239341255439
residual,81,0.03339475110655702,1.1270782947540283,0.9702433218209136
residual,134,0.033327080728540445,1.0711561441421509,0.9776190754941559
residual,117,0.03328933999364224,1.0446951389312744,0.9761946574567308
residual,458,0.033012467198121904,1.0680140256881714,0.9783605533766513
residual,221,0.03300679870986935,1.0788887739181519,0.9768580850358056
residual,38,0.03260659671833914,1.1235111951828003,0.977189798825343
residual,455,0.03248983054287901,1.0601446628570557,0.9768971101875159
residual,500,0.032461377590037144,1.070603609085083,0.975375129270815
residual,377,0.03241617754108296,1.0909533500671387,0.9768580850358056
residual,136,0.032297734788576164,1.0673459768295288,0.9779117641319831
residual,64,0.03188294663357516,1.1451547145843506,0.9777166383734317
residual,326,0.03177432766783709,1.0929040908813477,0.974945852602002
residual,405,0.03166752882430921,1.0850175619125366,0.9760775820016
residual,118,0.031571438399964354,1.1009441614151,0.976214170032586
residual,421,0.03146897285494301,1.0989960432052612,0.9758824562430486
residual,475,0.03104644741282842,1.0951204299926758,0.9784581162559269
residual,498,0.030941947335278358,1.0667275190353394,0.9756873304844973
residual,340,0.03077646926513113,1.1019246578216553,0.9772873617046186
residual,469,0.030729948757341752,1.1050913333892822,0.9773458994321841
residual,330,0.030615779126610912,1.1253665685653687,0.9758239185154832
residual,453,0.03044004793350445,1.1104791164398193,0.9748678022985814
residual,40,0.03003311002301132,1.0722883939743042,0.974243399871217
residual,430,0.029822312256195114,1.1142805814743042,0.9740677866885208
residual,48,0.029814460710438535,1.083045482635498,0.9769751604909364
residual,232,0.029800554715975192,1.078291893005371,0.9769556479150813
residual,233,0.029662233528010937,1.1019821166992188,0.9765653963979785
residual,25,0.029386251955565858,1.1005393266677856,0.9769361353392262
residual,363,0.029281439642242755,1.0590049028396606,0.9760190442740346
residual,235,0.029105668114186408,1.1012835502624512,0.9713165134929462
residual,186,0.029068766020363426,1.100085973739624,0.9782239653456652
residual,5,0.028908307018943032,1.0978072881698608,0.9780093270112588
residual,356,0.0287899092254332,1.1062036752700806,0.9761361197291655
residual,228,0.02866886478864211,1.125011682510376,0.9771507736736327
residual,482,0.028607024085472763,1.0702736377716064,0.9765849089738337
residual,275,0.02835343555160631,1.0503990650177002,0.9776581006458662
residual,44,0.02827783027848264,1.1247289180755615,0.973970223809245
residual,183,0.028252876126941644,1.128313660621643,0.978048352162969
residual,184,0.028158680245466864,1.0854612588882446,0.9773654120080392
residual,327,0.02814398004288589,1.1156742572784424,0.9767019844289645
residual,142,0.028000845831903484,1.0715022087097168,0.9755702550293665
residual,291,0.027722782086730624,1.104353427886963,0.9780678647388241
residual,310,0.02752052547029622,1.0968385934829712,0.9781264024663896
residual,511,0.027384714095085593,1.081915259361267,0.9768580850358056
residual,461,0.027195884957810546,1.115531086921692,0.9767410095806748
residual,262,0.027166292199071337,1.1081196069717407,0.976214170032586
residual,295,0.027159061526156533,1.1485430002212524,0.9774434623114597
residual,52,0.027137388877084844,1.0705641508102417,0.9768971101875159
residual,79,0.027012111322265945,1.067138671875,0.9758239185154832
residual,69,0.026898896299320674,1.0673857927322388,0.9739116860816797
residual,504,0.0267045389336499,1.0789998769760132,0.9763897832152822
residual,509,0.02662826208969943,1.1102570295333862,0.9756873304844973
residual,193,0.02653528180596646,1.1033086776733398,0.9752970789673945
residual,55,0.026448549552913175,1.119621992111206,0.9764873460945579
residual,380,0.026372332037417342,1.1047526597976685,0.976916622763371
residual,301,0.026177376263734127,1.0892802476882935,0.9781459150422447
residual,393,0.02614499653303388,1.083533525466919,0.9784971414076372
residual,476,0.026099804281267177,1.10408353805542,0.9743995004780581
residual,420,0.025604345598130882,1.0890381336212158,0.9753361041191048
residual,351,0.02540487577035021,1.0767954587936401,0.9752580538156842
residual,256,0.025386892062965724,1.1008700132369995,0.9784386036800719
residual,372,0.025131942012377465,1.10200035572052,0.9752385412398291
residual,479,0.024946830047391424,1.1367137432098389,0.9738141232024039
residual,361,0.024769638923257054,1.1026040315628052,0.9773849245838944
residual,227,0.024716706798624286,1.0761456489562988,0.9743409627504926
residual,163,0.02444403423391392,1.102901816368103,0.9752580538156842
residual,88,0.024373678543587712,1.1155468225479126,0.977209311401198
residual,80,0.024371883404620966,1.097662329673767,0.9777361509492868
residual,3,0.024276537318245386,1.081123948097229,0.9772288239770532
residual,282,0.02421481679348493,1.1252855062484741,0.978184940193955
residual,339,0.023867815384413606,1.103916049003601,0.9776971257975765
residual,379,0.023743490405625456,1.1084531545639038,0.9773654120080392
residual,387,0.02355433274307881,1.09666907787323,0.9771312610977775
residual,219,0.023523287559312926,1.0976794958114624,0.9775020000390251
residual,177,0.02337298990212622,1.0986167192459106,0.9747117016917404
residual,456,0.023320299746529133,1.0587600469589233,0.9772288239770532
residual,411,0.023181223273639945,1.1111328601837158,0.9771507736736327
residual,145,0.023079051830092543,1.1147714853286743,0.9781068898905344
residual,287,0.02274480324436123,1.1103990077972412,0.9781068898905344
residual,308,0.022667788929954767,1.0498170852661133,0.9765068586704131
residual,53,0.022611461383671847,1.0812811851501465,0.9782629904973755
residual,61,0.022544924559304895,1.0967333316802979,0.9786142168627681
residual,305,0.02247552641359166,1.1060569286346436,0.9783020156490858
residual,18,0.022436620455394463,1.061611294746399,0.9789849558040157
residual,141,0.022383122196393535,1.0979381799697876,0.9752970789673945
residual,272,0.022180136835652536,1.0722298622131348,0.9757263556362076
residual,71,0.021753923239573283,1.109560251235962,0.97748248746317
residual,495,0.021594223630279442,1.1026012897491455,0.9775800503424457
residual,197,0.02156433009725151,1.0758256912231445,0.9760580694257449
residual,434,0.021318528532100183,1.10679292678833,0.978750804893754
residual,494,0.021251294398895827,1.0895169973373413,0.9767214970048196
residual,492,0.020864252314845046,1.1294963359832764,0.9783410408007961
residual,360,0.020817061376045415,1.1119509935379028,0.9780093270112588
residual,401,0.02066787064309094,1.0787009000778198,0.9770922359460672
residual,350,0.020319299313847843,1.1458860635757446,0.9771507736736327
residual,467,0.02017573666629189,1.1181554794311523,0.9785361665593475
residual,409,0.020053243680223397,1.0898841619491577,0.9746531639641749
residual,85,0.019981377124652522,1.1076769828796387,0.9751214657846983
residual,502,0.019975006820043373,1.082109808921814,0.9784190911042167
residual,331,0.01972009742275821,1.0656373500823975,0.9785751917110578
residual,427,0.019417595811061995,1.082099437713623,0.9766239341255439
residual,26,0.019250029840672218,1.070467233657837,0.9784971414076372
residual,176,0.0190945194385062,1.1169068813323975,0.9777166383734317
residual,466,0.018603917954949416,1.1020867824554443,0.9751995160881188
residual,90,0.01858315068807139,1.0718274116516113,0.9722921422857032
residual,285,0.018309418061345208,1.0879712104797363,0.9774629748873149
residual,93,0.018302466322940705,1.0927784442901611,0.975511717301801
residual,166,0.018255899458576294,1.0843312740325928,0.9765653963979785
residual,304,0.018254545076049254,1.105381727218628,0.9766824718531093
residual,503,0.01804605366879934,1.0891247987747192,0.9740287615368105
residual,2,0.017715389717085573,1.0754672288894653,0.9760775820016
residual,317,0.017703693526282937,1.067997694015503,0.9740287615368105
residual,505,0.017440817975498818,1.1262106895446777,0.9739311986575347
residual,6,0.01718162870212808,1.0777961015701294,0.9741458369919413
residual,402,0.017171716476939995,1.0728161334991455,0.9760970945774552
residual,506,0.017121986487282644,1.074125051498413,0.9767410095806748
residual,344,0.016925137398446533,1.1014522314071655,0.9761946574567308
residual,203,0.01678435300273483,1.110426664352417,0.9809752385412398
residual,274,0.01635481216198008,1.0748887062072754,0.9768580850358056
residual,419,0.01614095810768005,1.1239901781082153,0.9761166071533103
residual,140,0.0161106524703737,1.117272138595581,0.975511717301801
residual,76,0.015879920329924926,1.0634055137634277,0.9767214970048196
residual,192,0.015707252870913856,1.0654194355010986,0.9767410095806748
residual,403,0.01560284116610259,1.0890796184539795,0.9784386036800719
residual,101,0.01502438615134396,1.095180869102478,0.9786337294386231
residual,113,0.014833233583423245,1.061314344406128,0.9756287927569318
residual,337,0.014773638345867698,1.0786068439483643,0.9741458369919413
residual,323,0.014758839605312338,1.1021748781204224,0.9765263712462682
residual,83,0.014746129602049242,1.0756728649139404,0.9773263868563289
residual,159,0.014555856492582425,1.0837804079055786,0.9775020000390251
residual,99,0.01452826072330768,1.1113989353179932,0.9776581006458662
residual,127,0.014408513368329887,1.1005241870880127,0.9765263712462682
residual,375,0.014336350760827805,1.105482816696167,0.9751019532088431
residual,154,0.014174540341473758,1.1872986555099487,0.9753165915432497
residual,230,0.014135199958243272,1.088207483291626,0.977189798825343
residual,460,0.014032123179866064,1.1236748695373535,0.9726238560752405
residual,440,0.013590941960836529,1.103080153465271,0.9788288551971746
residual,365,0.013495215532292642,1.092012643814087,0.9776190754941559
residual,68,0.013264027433994517,1.0803660154342651,0.9770922359460672
residual,370,0.012969533099103415,1.0635745525360107,0.9757458682120627
residual,428,0.012896090203324382,1.1345384120941162,0.9776581006458662
residual,41,0.012520721503394958,1.0703153610229492,0.9761166071533103
residual,448,0.012363834584820085,1.075706958770752,0.9774434623114597
residual,29,0.012223804415963742,1.0715389251708984,0.9761556323050206
residual,209,0.01210981539489249,1.0904550552368164,0.9762336826084411
residual,299,0.012089336471324803,1.0829943418502808,0.9781654276180999
residual,368,0.012070683355851628,1.113852620124817,0.9765849089738337
residual,435,0.012023834311100719,1.0966500043869019,0.9760385568498897
residual,146,0.011984514609587266,1.065130591392517,0.9768385724599504
residual,374,0.011849692651048568,1.0713872909545898,0.9754531795742356
residual,234,0.01156237815082587,1.0614312887191772,0.9778727389802728
residual,423,0.011377534524807052,1.128195881843567,0.9710628500068293
residual,4,0.011278017095637161,1.0913194417953491,0.9775020000390251
residual,322,0.011095985495815515,1.106096625328064,0.978750804893754
residual,130,0.01106997160158624,1.1134729385375977,0.9761751448808758
residual,254,0.011018387477538668,1.0862882137298584,0.9770727233702121
residual,257,0.010958861204643405,1.0854711532592773,0.9787312923178989
residual,156,0.010579259917829702,1.096299648284912,0.9733458213818806
residual,406,0.01041023061318021,1.1106321811676025,0.9771702862494878
residual,324,0.01016798480504467,1.1049801111221313,0.9784386036800719
residual,345,0.00958375448918893,1.0794858932495117,0.9742824250229273
residual,115,0.009532601766863144,1.0621589422225952,0.9759800191223243
residual,73,0.009356156509097513,1.104150414466858,0.9755507424535113
residual,239,0.009228665849724442,1.086340069770813,0.9777166383734317
residual,9,0.009167918234111694,1.0776174068450928,0.9757068430603524
residual,144,0.008837403757286144,1.1082324981689453,0.9744970633573338
residual,253,0.00849859885863822,1.0702643394470215,0.9741653495677964
residual,43,0.008414124772741607,1.0798115730285645,0.9787117797420437
residual,294,0.008314368642894643,1.1079356670379639,0.9784971414076372
residual,225,0.008283210235116786,1.0921472311019897,0.9767995473082401
residual,266,0.008256956154965264,1.1128308773040771,0.9782434779215204
residual,362,0.007741170466977298,1.0763177871704102,0.9766824718531093
residual,17,0.007467807174947155,1.0997765064239502,0.9771702862494878
residual,195,0.007307330057894805,1.1325106620788574,0.9763117329118617
residual,485,0.00722213927209897,1.0849153995513916,0.9751604909364086
residual,245,0.007212503954119314,1.0959091186523438,0.9776776132217214
residual,332,0.006759537248498877,1.0816339254379272,0.9767019844289645
residual,125,0.006753358396325024,1.0765292644500732,0.9792971570176979
residual,161,0.006712817778602633,1.1013559103012085,0.9773068742804738
residual,57,0.00667320262511297,1.0881541967391968,0.9792191067142774
residual,12,0.006463611259206997,1.1030147075653076,0.9788093426213195
residual,444,0.006393233353955666,1.098590612411499,0.9768775976116607
residual,264,0.006281376681834377,1.0784947872161865,0.9773654120080392
residual,124,0.005830725984571951,1.103517770767212,0.974945852602002
residual,86,0.005730379264932387,1.086687684059143,0.9756873304844973
residual,410,0.005286148977828419,1.1168843507766724,0.9760775820016
residual,242,0.0051824207670343484,1.0673874616622925,0.9768190598840953
residual,100,0.005090327039894233,1.1063427925109863,0.974945852602002
residual,341,0.004792660825781488,1.1199649572372437,0.9783410408007961
residual,442,0.004754190780114158,1.1171083450317383,0.9776385880700111
residual,214,0.004654530848645383,1.0938221216201782,0.9778337138285625
residual,178,0.004530691432165914,1.0885392427444458,0.9735214345645768
residual,148,0.004206281585709793,1.1065950393676758,0.9760385568498897
residual,212,0.003686062074339016,1.0582102537155151,0.9787898300454643
residual,19,0.003621968576522177,1.113113284111023,0.9754531795742356
residual,21,0.002877927358889803,1.10600745677948,0.9756092801810767
residual,190,0.00266538755884165,1.0795987844467163,0.9770922359460672
residual,200,0.002235984451675711,1.0888663530349731,0.9777946886768523
residual,174,0.0020186312340236723,1.0880986452102661,0.9764483209428476
residual,349,0.0016954456826879262,1.062009334564209,0.9765263712462682
residual,480,0.0012225726332132495,1.1190083026885986,0.9764288083669925
residual,315,0.000743779536950745,1.073573112487793,0.9775020000390251
residual,211,0.0006598427122933725,1.0985318422317505,0.9772873617046186
residual,54,0.0005196709308559941,1.110825538635254,0.9727994692579367
residual,84,-0.0005188561138935802,1.0600825548171997,0.9779703018595485
residual,399,-0.0013388153369792934,1.0809365510940552,0.9793361821694082
residual,413,-0.0022210482120868257,1.0910444259643555,0.9747117016917404
residual,397,-0.0025132140648024826,1.1211450099945068,0.9767800347323851
residual,45,-0.003141648356104477,1.1074631214141846,0.9779507892836934
residual,94,-0.003379239378889958,1.0851205587387085,0.9750239029054225
residual,218,-0.0034417029222630043,1.0952762365341187,0.9778337138285625
residual,187,-0.003449755234965292,1.0718214511871338,0.9792971570176979
residual,128,-0.0038555798919942355,1.1237612962722778,0.9747897519951609
residual,172,-0.004342300850475708,1.1071233749389648,0.9771702862494878
residual,384,-0.00472618337465139,1.0751044750213623,0.9765458838221234
residual,255,-0.004866111858008949,1.1136863231658936,0.9789264180764503
residual,37,-0.004868257331173635,1.0923576354980469,0.9768971101875159
residual,164,-0.004890898849020781,1.1078253984451294,0.976916622763371
residual,247,-0.005176896231078122,1.1097242832183838,0.9763702706394272
residual,334,-0.00562284619693122,1.0937687158584595,0.9732287459267498
residual,307,-0.006378272386346262,1.083482265472412,0.9742824250229273
residual,468,-0.0064505051662126014,1.0884990692138672,0.9776581006458662
residual,162,-0.0071238152019349734,1.0890605449676514,0.972975082440633
residual,22,-0.008279541705919559,1.0807534456253052,0.9775800503424457
residual,107,-0.008965226226224313,1.1067931652069092,0.9782239653456652
residual,87,-0.009429845241474265,1.0485410690307617,0.9762531951842963
residual,313,-0.009874742690998289,1.0860515832901,0.9777751761009971
residual,269,-0.010163504408405662,1.1287529468536377,0.9740092489609553
residual,432,-0.010294727000428931,1.1684634685516357,0.9711018751585396
residual,123,-0.011218273759523945,1.0866734981536865,0.9707896739448575
residual,373,-0.011815767004760456,1.1052781343460083,0.9740482741126656
residual,507,-0.012175541928251746,1.0770599842071533,0.9785361665593475
residual,445,-0.012576487288075023,1.0763403177261353,0.9757458682120627
residual,343,-0.012871958227800366,1.0925023555755615,0.9762727077601514
residual,199,-0.01410026006752234,1.0934876203536987,0.9792971570176979
residual,160,-0.01540682244229046,1.1114929914474487,0.9782044527698102
residual,415,-0.015908676510832397,1.0776300430297852,0.9791605689867119
residual,464,-0.016048505046813072,1.087415099143982,0.9780093270112588
residual,135,-0.018130246212106734,1.0990980863571167,0.9725458057718199
residual,114,-0.01816357647815936,1.1032259464263916,0.9746531639641749
residual,348,-0.01885057892183401,1.1047919988632202,0.9772288239770532
residual,366,-0.021923453028275103,1.075974702835083,0.9776385880700111
residual,70,-0.023380309517376335,1.084444284439087,0.9748678022985814
residual,249,-0.023431477184994345,1.0554922819137573,0.9761166071533103
residual,394,-0.023878199456791645,1.1272904872894287,0.9782825030732307
residual,481,-0.023975535742571316,1.1359649896621704,0.9783410408007961
residual,371,-0.025550672388385095,1.1158503293991089,0.9791410564108568
residual,484,-0.027531315313995816,1.0947321653366089,0.9761751448808758
residual,244,-0.029804679892547172,1.1615641117095947,0.970438447579465
residual,260,-0.032267923424897677,1.0533684492111206,0.9773654120080392
residual,220,-0.032294094318372664,1.0812252759933472,0.9755507424535113
residual,226,-0.03317739975459849,1.087723970413208,0.9671213096840914
residual,446,-0.033475400280014805,1.144517183303833,0.9709262619758434
residual,60,-0.038486903347936856,1.0862617492675781,0.9768775976116607
residual,92,-0.042120510496599504,1.166603446006775,0.9748873148744366
residual,483,-0.04667039743466636,1.1217883825302124,0.9749263400261469
residual,168,-0.049689261907331056,1.120530128479004,0.9774239497356046
residual,320,-0.053026588997148856,1.071241021156311,0.9765068586704131
residual,243,-0.07021320561676711,1.2106972932815552,0.9606626470760405
residual,194,-0.0713133055030198,1.1711446046829224,0.969170130148881
