cluster,contrast,variant,sham,absolute_pwm,cases
0,-0.0667792015445873,0.0061240298821371,0.0729032314267244,5.232376664876938,1
1,-0.0245600547593374,0.0103157055348493,0.0348757602941867,1.442105770111084,1
2,-0.0008047525877418,0.0002471433161778,0.0010518959039196,4.771885633468628,1
3,-0.0116249498587326,0.0030887762028463,0.0147137260615789,0.1938238143920898,1
4,-0.0113487690473409,0.0382054217900398,0.0495541908373807,0.2980222702026367,1
5,-0.0131083557545731,0.0052968297054339,0.018405185460007,1.5787882804870603,2
6,-0.0058229726825772,0.0036901495426423,0.0095131222252195,0.6751861572265625,1
7,-0.0925107672522598,0.0044410496162682,0.0969518168685281,0.4461674690246582,1
8,-0.015084457959865,0.0024348563819335,0.0175193143417985,4.711494445800781,1
9,-0.0359016135307794,0.0020903710642688,0.0379919845950483,3.441837787628174,1
10,-0.0059636097163214,0.0075713182357811,0.0135349279521025,0.5629687309265137,1
11,-0.0201009551384532,0.0038740355440016,0.0239749906824548,3.439111351966858,1
12,-0.017298914838035,0.0058729947618147,0.0231719095998498,0.6751861572265625,1
13,-0.0150375000332852,0.012877273869498,0.0279147739027833,3.4391117095947266,1
14,0.0006904435680866,0.0071753998547668,0.0064849562866801,2.760812282562256,1
15,-0.0160194016644998,0.0023011564843619,0.0183205581488617,1.5938820838928225,1
16,0.0206957691166246,0.0707801117904765,0.0500843426738518,1.6090078353881836,1
17,-0.0591728521641922,0.0233643659813533,0.0825372181455455,0.4461674690246582,1
18,-0.0158127972415551,0.0047078035912009,0.020520600832756,0.7635598182678223,1
19,-0.0229234714218808,0.0053223570336765,0.0282458284555573,4.786208868026733,1
20,0.0065027140076533,0.0469926325531681,0.0404899185455148,1.6090078353881836,1
21,-0.028780501268027,0.0068419872733012,0.0356224885413283,4.7862091064453125,1
22,-0.0040064728265261,0.0560962391030607,0.0601027119295869,0.676844596862793,1
23,-0.0082403324914867,0.0071499668584129,0.0153902993498996,3.035623550415039,1
24,-0.0704500326514588,0.0024855265184714,0.0729355591699302,3.6855663061141968,1
25,-0.0052089011201074,0.0073010540631614,0.0125099551832689,3.1828205585479736,1
26,-0.0102357367147586,0.0362246185628182,0.0464603552775768,3.778803825378418,1
27,-0.007440320726718,0.0069410252832446,0.0143813460099626,4.771885871887207,1
28,-0.0069002687836957,0.0053675669530627,0.0122678357367585,8.497452437877655,1
29,-0.0195429511183911,0.0034319795732227,0.0229749306916139,7.359949171543121,1
30,-0.0012599292044119,0.0003874895225729,0.0016474187269848,4.7718857526779175,1
31,0.0061896114522938,0.0267466393538281,0.0205570279015343,3.6855664253234863,1
32,-0.0088984257244306,0.0090329044598804,0.017931330184311,1.7361409664154053,1
33,-0.000195152227388,0.0017739876993631,0.0019691399267512,1.307210922241211,1
34,-0.0074319910312671,0.0077277266894697,0.0151597177207369,8.49745225906372,1
35,1.1419159623541309e-05,7.712495466583242e-05,6.570579504229111e-05,4.71149480342865,1
36,0.0013110670362988,0.0083411827801192,0.0070301157438204,4.771885871887207,1
37,-0.0321399837417279,0.0018498635524277,0.0339898472941557,0.2980213165283203,1
38,-0.0153895401849434,0.0051760410720548,0.0205655812569983,2.01169490814209,1
39,0.0197414165101406,0.0242960854031832,0.0045546688930425,3.685566902160645,1
40,-0.0097929426003238,0.0037224011023879,0.0135153437027118,1.3939142227172852,1
41,-0.0244599878822189,0.003240892759722,0.0277008806419409,0.5948524475097656,1
42,0.0177027010798571,0.0639088513853242,0.046206150305467,0.6565694808959961,1
43,0.0007633831520643,0.0026601327607794,0.0018967496087151,7.059221386909485,1
44,-0.0149280037951148,0.0029564131383635,0.0178844169334783,0.1938233375549316,1
45,-0.0516425610382874,0.0053889441712864,0.0570315052095739,1.307210922241211,1
46,-0.0023504693036729,0.0004151367693607,0.0027656060730336,0.2980222702026367,1
47,-0.0199488619162845,0.0037271257653112,0.0236759876815957,0.2980213165283203,1
48,0.0036995907003075,0.0207913882376232,0.0170917975373156,4.857980728149414,1
49,-0.0043428271714532,0.0020097985050871,0.0063526256765404,0.4178142547607422,1
50,-0.0062787752690869,0.0021733843178077,0.0084521595868947,3.441837430000305,1
51,-0.0089921868020462,0.0028023760512465,0.0117945628532928,1.148280143737793,1
52,0.0156899295509822,0.0264764658249242,0.010786536273942,7.359949141740799,1
53,-0.0079202932081096,0.0250366422005278,0.0329569354086374,3.778804302215576,1
54,-0.0006115561309984,0.031437120633478,0.0320486767644764,2.1334829330444336,1
55,-0.0007650411228323,0.0004651175174332,0.0012301586402656,2.8112940788269043,1
56,-0.1886661029381886,0.0913967880386754,0.280062890976864,3.506705164909363,1
57,-0.0003049098425288,0.0063363657019537,0.0066412755444825,5.785240471363068,1
58,-0.0003047765651133,0.0001531229215699,0.0004578994866833,0.1938233375549316,1
59,-0.033637461593537,0.0040329236810655,0.0376703852746025,1.898120403289795,1
