scheme,direction,layer,head,mean_absolute_motif_minus_sham,median,loo_low,loo_high,sequence_ci_low,sequence_ci_high,sequence_p,block_ci_low,block_ci_high,block_p,clusters,sequences,analysis_scope,secondary_sequence_holm_p,secondary_block_holm_p
all,denoise,0,8,-0.0003188204220869,0.035839024561153,-0.0202978986627942,0.0227998213480717,-0.0781633222682817,0.0793165984979595,0.9932,-0.0722896012476635,0.0795363757862453,0.9937,15,16,secondary exploratory,1.0,1.0
all,reverse,0,8,-0.0580037140807257,-0.0109431199384365,-0.0690328323378691,-0.0159531176589871,-0.1600184038974018,0.0267268697195114,0.388,-0.1773642564817103,0.0248116749611456,0.3859,15,16,secondary exploratory,1.0,1.0
all_with_special,denoise,0,8,-0.000346991329954,0.0358595420917982,-0.0203178591142886,0.022684535217275,-0.0780419825253085,0.0789027319516092,0.9927,-0.0721403487975978,0.0794411283703899,0.9932,15,16,secondary exploratory,1.0,1.0
all_with_special,reverse,0,8,-0.0579508531613064,-0.0103814417770223,-0.0689762330801217,-0.015868945511296,-0.1600347552693085,0.0267727100809719,0.3887,-0.177437842206407,0.0249365314320235,0.3859,15,16,secondary exploratory,1.0,1.0
edit,denoise,0,8,0.0242636460187467,-0.0066414012870235,-0.004707868130798,0.0344646541527728,-0.0334810665763987,0.1024447706395317,0.58,-0.0337684308541344,0.1014090024357379,0.5772,15,16,primary,,
edit,reverse,0,8,-0.032543092008503,0.0012878888984793,-0.0429821598313635,-0.0010618065388452,-0.1146040381126576,0.0281522167812089,0.4787,-0.1073078056298403,0.0263433686319989,0.4788,15,16,secondary exploratory,1.0,1.0
flank,denoise,0,8,0.0071726656798502,-0.0264250017562545,-0.0315702785739015,0.0174229086469355,-0.0544015421752806,0.0985646054388061,0.9672,-0.0527371903443219,0.1095138550492984,0.9593,15,16,secondary exploratory,1.0,1.0
flank,reverse,0,8,-0.0004688030112203,-0.0113426967620722,-0.0114210867067129,0.0223641966447334,-0.0570550114198903,0.0518882878769922,0.988,-0.060287421798582,0.0505807178735137,0.9901,15,16,secondary exploratory,1.0,1.0
random,denoise,0,8,-0.0002692350426644,-2.8123243291933164e-06,-0.0006942230138882,0.0001031220669121,-0.0014240771600363,0.0008579286038922,0.6832,-0.0015323839865722,0.0008469043436136,0.6856,15,16,secondary exploratory,1.0,1.0
random,reverse,0,8,0.0001046420250704,3.050129799027819e-06,-0.0002646694042643,0.0006230156297796,-0.0014464874499858,0.0013282500476759,0.8943,-0.0013010089183848,0.0014480582239993,0.8896,15,16,secondary exploratory,1.0,1.0
sparse,denoise,0,8,-0.0001382737906966,0.0370139986224751,-0.0201564002738858,0.0233235325666387,-0.0782119510467631,0.0799511931605189,0.9972,-0.071857170515984,0.0804178996012932,0.9973,15,16,secondary exploratory,1.0,1.0
sparse,reverse,0,8,-0.0576368986413512,-0.0106275931137702,-0.0688038262041648,-0.0165149275305253,-0.1585532350451487,0.0262091345735936,0.3837,-0.1755701402305063,0.023185456604439,0.3801,15,16,secondary exploratory,1.0,1.0
