sequence_id,retained,nucleotide_length,gc_fraction,motif_strength,real_tokens,mean_token_width,exclusion,maximum_pwm_score
chr18:76633605-76633809,True,204,0.446078431372549,16.812597274780273,41,4.975609756097561,,16.812597274780273
chr19:38686528-38686732,True,204,0.5441176470588235,10.91428565979004,43,4.744186046511628,,10.914285659790039
chr18:76475575-76475779,True,204,0.5686274509803921,15.36135196685791,37,5.513513513513513,,15.36135196685791
chr18:54331250-54331454,False,204,0.2941176470588235,13.838057518005373,38,5.368421052631579,no boundary-compatible motif and matched sham pair,13.838057518005371
chr19:11293854-11294009,True,155,0.6967741935483871,9.84095287322998,33,4.696969696969697,,9.84095287322998
chr19:6218571-6218747,False,176,0.6534090909090909,23.02454376220703,37,4.756756756756757,no boundary-compatible motif and matched sham pair,23.02454376220703
chr18:32674577-32674781,True,204,0.4362745098039216,12.305752754211426,42,4.857142857142857,,12.305752754211426
chr19:37210635-37210839,True,204,0.4901960784313725,5.588537693023682,45,4.533333333333333,,5.588537693023682
chr18:31646450-31646654,False,204,0.3872549019607843,,40,5.1,no threshold-passing motif,-3.07731556892395
chr18:48778760-48778964,True,204,0.5588235294117647,9.33481788635254,42,4.857142857142857,,9.334817886352539
chr19:18771736-18771812,False,76,0.6052631578947368,12.299869537353516,16,4.75,no boundary-compatible motif and matched sham pair,12.299869537353516
chr19:40602226-40602337,True,111,0.6396396396396397,16.685230255126953,25,4.44,,16.685230255126953
chr19:49937750-49937915,True,165,0.593939393939394,16.63318634033203,34,4.852941176470588,,16.63318634033203
chr19:5370005-5370109,False,104,0.6442307692307693,10.061593055725098,24,4.333333333333333,no boundary-compatible motif and matched sham pair,10.061593055725098
chr19:40803965-40804169,False,204,0.5735294117647058,,41,4.975609756097561,no threshold-passing motif,-3.15206241607666
chr18:53698988-53699192,False,204,0.4656862745098039,18.723716735839844,41,4.975609756097561,no boundary-compatible motif and matched sham pair,18.723716735839844
chr19:29815414-29815618,True,204,0.4558823529411764,7.837046146392822,43,4.744186046511628,,7.837046146392822
chr19:49571360-49571564,False,204,0.4754901960784313,15.147454261779783,41,4.975609756097561,no boundary-compatible motif and matched sham pair,15.147454261779785
chr19:15112569-15112773,True,204,0.4705882352941176,5.723403453826904,41,4.975609756097561,,5.723403453826904
chr18:21593962-21594166,False,204,0.4901960784313725,13.027137756347656,40,5.1,no boundary-compatible motif and matched sham pair,13.027137756347656
chr19:39110479-39110642,True,163,0.6134969325153374,18.692440032958984,34,4.794117647058823,,18.692440032958984
