sequence_id,role,identity_max_logit_error,rescue_max_logit_error,attention_only_rescue_max_logit_error,reverse_max_logit_error,passed,unpatched_target_effect,scope
chr18:76633605-76633809,motif,0.0,0.0,0.0,0.0,True,0.05930328369140625,"identity head contexts; final-residual rescue/reverse; wiring, not motif sensitivity"
chr18:76633605-76633809,sham,0.0,0.0,0.0,0.0,True,-0.1238870620727539,"identity head contexts; final-residual rescue/reverse; wiring, not motif sensitivity"
chr19:38686528-38686732,motif,0.0,0.0,0.0,0.0,True,-0.06241321563720703,"identity head contexts; final-residual rescue/reverse; wiring, not motif sensitivity"
chr19:38686528-38686732,sham,0.0,0.0,0.0,0.0,True,0.037578582763671875,"identity head contexts; final-residual rescue/reverse; wiring, not motif sensitivity"
chr18:76475575-76475779,motif,0.0,0.0,0.0,0.0,True,0.19789695739746094,"identity head contexts; final-residual rescue/reverse; wiring, not motif sensitivity"
chr18:76475575-76475779,sham,0.0,0.0,0.0,0.0,True,0.14059734344482422,"identity head contexts; final-residual rescue/reverse; wiring, not motif sensitivity"
chr19:11293854-11294009,motif,0.0,0.0,0.0,0.0,True,0.048254966735839844,"identity head contexts; final-residual rescue/reverse; wiring, not motif sensitivity"
chr19:11293854-11294009,sham,0.0,0.0,0.0,0.0,True,-0.08153629302978516,"identity head contexts; final-residual rescue/reverse; wiring, not motif sensitivity"
chr18:32674577-32674781,motif,0.0,0.0,0.0,0.0,True,-0.05923271179199219,"identity head contexts; final-residual rescue/reverse; wiring, not motif sensitivity"
chr18:32674577-32674781,sham,0.0,0.0,0.0,0.0,True,-0.111328125,"identity head contexts; final-residual rescue/reverse; wiring, not motif sensitivity"
chr19:37210635-37210839,motif,0.0,0.0,0.0,0.0,True,0.089447021484375,"identity head contexts; final-residual rescue/reverse; wiring, not motif sensitivity"
chr19:37210635-37210839,sham,0.0,0.0,0.0,0.0,True,-0.05551338195800781,"identity head contexts; final-residual rescue/reverse; wiring, not motif sensitivity"
chr18:48778760-48778964,motif,0.0,0.0,0.0,0.0,True,-0.1297740936279297,"identity head contexts; final-residual rescue/reverse; wiring, not motif sensitivity"
chr18:48778760-48778964,sham,0.0,0.0,0.0,0.0,True,-0.02498912811279297,"identity head contexts; final-residual rescue/reverse; wiring, not motif sensitivity"
chr19:40602226-40602337,motif,0.0,0.0,0.0,0.0,True,0.03711366653442383,"identity head contexts; final-residual rescue/reverse; wiring, not motif sensitivity"
chr19:40602226-40602337,sham,0.0,0.0,0.0,0.0,True,-0.2820553779602051,"identity head contexts; final-residual rescue/reverse; wiring, not motif sensitivity"
chr19:49937750-49937915,motif,0.0,0.0,0.0,0.0,True,-0.6488265991210938,"identity head contexts; final-residual rescue/reverse; wiring, not motif sensitivity"
chr19:49937750-49937915,sham,0.0,0.0,0.0,0.0,True,-0.36472606658935547,"identity head contexts; final-residual rescue/reverse; wiring, not motif sensitivity"
chr19:29815414-29815618,motif,0.0,0.0,0.0,0.0,True,-0.21021604537963867,"identity head contexts; final-residual rescue/reverse; wiring, not motif sensitivity"
chr19:29815414-29815618,sham,0.0,0.0,0.0,0.0,True,-0.018032312393188477,"identity head contexts; final-residual rescue/reverse; wiring, not motif sensitivity"
chr19:15112569-15112773,motif,0.0,0.0,0.0,0.0,True,-0.07382822036743164,"identity head contexts; final-residual rescue/reverse; wiring, not motif sensitivity"
chr19:15112569-15112773,sham,0.0,0.0,0.0,0.0,True,-0.047469139099121094,"identity head contexts; final-residual rescue/reverse; wiring, not motif sensitivity"
chr19:39110479-39110642,motif,0.0,0.0,0.0,0.0,True,-0.15953493118286133,"identity head contexts; final-residual rescue/reverse; wiring, not motif sensitivity"
chr19:39110479-39110642,sham,0.0,0.0,0.0,0.0,True,0.7012434005737305,"identity head contexts; final-residual rescue/reverse; wiring, not motif sensitivity"
