name,label,gc,motif_position_composition,residual,baseline_plus_residual,kmer
chr20:142540-142840|1,1,0.5389277453416816,0.4053550329919577,0.6548437711958263,0.5331174403036826,0.3950627511749918
chr20:227208-227508|1,1,0.4703532226557727,0.26038541111270425,0.16382396127732063,0.17189201087777717,0.43980554468576305
chr20:257674-257974|1,1,0.6708496949971319,0.8332931541708033,0.683313600319535,0.8053275545543006,0.7580430293481838
chr20:610298-610598|1,1,0.9769177326634,0.9920270638903708,0.9568409221581672,0.9636220004894336,0.9404195783807472
chr20:844593-844893|1,1,0.8520231996392497,0.9416898416268035,0.9914184174173203,0.9895970957753244,0.9548110192175064
chr20:916323-916623|1,1,0.7700215049230292,0.9628458378798359,0.9565120318995673,0.9836096846217116,0.8445926278584277
chr20:1994046-1994346|1,1,0.7946688744318101,0.7387340439058708,0.9383468496542772,0.9352502985769675,0.8231663253997449
chr20:2295951-2296251|1,1,0.7973572180007061,0.9288529044819224,0.6431351620991169,0.8231922562284688,0.6940082545256531
chr20:3043574-3043874|1,1,0.7717956852178833,0.9061251632784981,0.8091083406541453,0.8714313428448824,0.7759048901751998
chr20:3071308-3071608|1,1,0.8435104589650111,0.8048661873376783,0.8748821121606488,0.8455460582889075,0.6598777915099031
chr20:3148108-3148408|1,1,0.2498899856232198,0.4088568165171216,0.17433294472644464,0.25806253258912215,0.13605114866599957
chr20:3239548-3239848|1,1,0.9270523493931416,0.9900670999851996,0.9995085814901015,0.9994303041912277,0.9876107162811919
chr20:3796260-3796560|1,1,0.9448447521400538,0.9952814815665734,0.9864318908589746,0.9949350704183896,0.9479411818365943
chr20:4721860-4722160|1,1,0.7205163131347804,0.903544393282589,0.9482345927750423,0.9734183877301384,0.7651263564474486
chr20:4949952-4950252|1,1,0.3506774556196527,0.6171461108278453,0.45858527446292474,0.6802341385496505,0.28225403349719297
chr20:5010302-5010602|1,1,0.45032541969805967,0.21011071990206226,0.2680350270209937,0.21392044432701368,0.46486673059478345
chr20:5750351-5750651|1,1,0.7938830220625186,0.7675495115010667,0.9806022937390573,0.9760941791086823,0.8982262029144703
chr20:5911460-5911760|1,1,0.9648713669656718,0.9920867146409422,0.9967837142487175,0.9953452170647527,0.9887085717962569
chr20:6006073-6006373|1,1,0.9498071272120158,0.9768980520009505,0.9961710368324347,0.9946434847503088,0.9718128335157014
chr20:6767636-6767936|1,1,0.9792706424798678,0.9982812119897019,0.9831715369364766,0.9820576835898375,0.9742059987095607
chr20:8019750-8020050|1,1,0.7673405769065187,0.7690928509320593,0.9355482654988488,0.95113151819066,0.8875646591333705
chr20:19115229-19115529|1,1,0.48405080539593665,0.7010365384507945,0.7217100981429392,0.8404739215857475,0.4971670586723765
chr20:23409776-23410076|1,1,0.6062553199267047,0.45973511316080473,0.8016550224832895,0.752751430889303,0.6705664832549729
chr20:23637944-23638244|1,1,0.9438762373626706,0.9749449869545951,0.9909746825831385,0.9926657863833465,0.9006089671985386
chr20:23689027-23689327|1,1,0.8457485635131289,0.6709826915232094,0.7716846330258726,0.7752358117885815,0.7388239287598927
chr20:23750924-23751224|1,1,0.8452481324543705,0.7280068254519202,0.8511648746800027,0.8754465816317311,0.7777506527646187
chr20:23826717-23827017|1,1,0.8006628290421847,0.7053666301344168,0.7978870062609571,0.7961288445858029,0.8261466153245641
chr20:23879737-23880037|1,1,0.8182543355855284,0.7906756110683365,0.9477318013543024,0.9381989790226603,0.8352086495887736
chr20:25082128-25082428|1,1,0.9093804919033405,0.9916177346283274,0.9977819265175255,0.9990886868731215,0.9848802445328098
chr20:31368553-31368853|1,1,0.606318293423017,0.2855296147930327,0.5093796306421445,0.4003104300382984,0.44694162228578527
chr20:31605239-31605539|1,1,0.8691179368679376,0.9919942645896438,0.9702238382830239,0.990153865469939,0.9473046499976976
chr20:31722489-31722789|1,1,0.8637993827840816,0.8841987098427855,0.9508248594513545,0.939561060558958,0.9312386256505212
chr20:33007654-33007954|1,1,0.8415568953563668,0.9473508470399514,0.3663581234946261,0.5578757648103968,0.682366274886377
chr20:33168109-33168409|1,1,0.5625347811653384,0.2423035085127166,0.7428080963227485,0.5994224273201958,0.3016974729348503
chr20:33235946-33236246|1,1,0.6988996823631116,0.8859285958329326,0.13888471067404565,0.27792843221354924,0.6947247626168565
chr20:34186433-34186733|1,1,0.4007203895080175,0.23099098268276,0.5593147325180814,0.45397890561358323,0.41401899901965183
chr20:34303344-34303644|1,1,0.8501469309833758,0.9162494390756106,0.9884443922998809,0.9837177062782401,0.9650992394027825
chr20:34955818-34956118|1,1,0.8666256531511471,0.9216112719221091,0.9851552131535405,0.9792334000596301,0.9408810391355695
chr20:35411976-35412276|1,1,0.8155477914382162,0.8984079938101754,0.9863220636795589,0.9822823560624201,0.9609876960028497
chr20:35529638-35529938|1,1,0.35456107426013045,0.3163656742255158,0.4236784157292064,0.35368282880264607,0.39130406234455334
chr20:37261803-37262103|1,1,0.4212625171553668,0.25359344112242294,0.8426230642934611,0.7047907768211861,0.7003272274894594
chr20:37521200-37521500|1,1,0.8968400163203246,0.9629293525025443,0.9933060288358155,0.9908202753493713,0.9654316577582936
chr20:37524441-37524741|1,1,0.6258855513699837,0.511009708714014,0.7988061287295025,0.7573631461545566,0.5428082558626166
chr20:38165259-38165559|1,1,0.9488310774559264,0.9740697198192244,0.9849160344636749,0.9817246486475862,0.9615030750386127
chr20:38926367-38926667|1,1,0.9378300181954818,0.9982934046379954,0.9541474426449706,0.9864491415156861,0.9607249790828062
chr20:41028773-41029073|1,1,0.9338819601202653,0.9849894797490482,0.9577028323708698,0.9615147748262494,0.9507727021894735
chr20:43457846-43458146|1,1,0.9130916638647316,0.9652512801989345,0.9950713870961633,0.99179072362271,0.953320674172604
chr20:43945846-43946146|1,1,0.7754127050031473,0.9463545455024635,0.9929022002373276,0.9977950503982971,0.9123326225313313
chr20:44355389-44355689|1,1,0.7619185427441529,0.5907777536384072,0.7712137613922314,0.7237644014236931,0.7460598315762147
chr20:44715320-44715620|1,1,0.8347275108407523,0.7248389740466986,0.9125257816103794,0.9046357405764274,0.8848528539435104
chr20:45124454-45124754|1,1,0.705447898526075,0.9220663666901836,0.9377760069753968,0.9672747284808266,0.6493783245837657
chr20:45138559-45138859|1,1,0.6748379668935897,0.8654426782532262,0.7404419657630897,0.8987079266449949,0.7970306712392098
chr20:45174852-45175152|1,1,0.7324080253219776,0.5912021388078097,0.8524115604696687,0.8189529408702788,0.6868083198226569
chr20:45221323-45221623|1,1,0.392764940857218,0.7696277312129814,0.6692084767416304,0.8820042657926707,0.6497593482628918
chr20:45254553-45254853|1,1,0.5162992620828751,0.28535198977903414,0.6350605092906267,0.5913380125092058,0.40209500419923705
chr20:45306793-45307093|1,1,0.894276650770266,0.9217868290365159,0.9700785695440992,0.9565906543899778,0.9374094274843516
chr20:45348413-45348713|1,1,0.94137834198033,0.9624042187477474,0.903970407067868,0.8827016991228647,0.9549029160726165
chr20:45469705-45470005|1,1,0.9464124857325419,0.9748096906929787,0.9638110173859196,0.9644133822979895,0.9757253310638427
chr20:45722299-45722599|1,1,0.3255584388551664,0.1271084229396708,0.5223914056079124,0.37183032308238406,0.3172683294181488
chr20:45792444-45792744|1,1,0.7717956852178833,0.6796411878608847,0.9398064535586754,0.9471031888484153,0.8602110867755007
chr20:45827301-45827601|1,1,0.8114937176235784,0.701304676947406,0.5735486053563137,0.5653956466189941,0.6505861232640456
chr20:45912144-45912444|1,1,0.8820826057490553,0.9850794632164065,0.9522195364335406,0.9819531510103253,0.9382386516566379
chr20:46684474-46684774|1,1,0.5879381631060807,0.862714712501077,0.8775296529650896,0.9455989837545933,0.7392865507720507
chr20:47501837-47502137|1,1,0.9305876788358869,0.9826068367855619,0.9880432539765847,0.9834639595172091,0.9543494810998244
chr20:49775360-49775660|1,1,0.7124884461043304,0.5385688873978213,0.4857533671573446,0.4135404413556518,0.616946984986274
chr20:49982930-49983230|1,1,0.8995417608311814,0.9578242327753825,0.9929062180917895,0.9933233314178342,0.963536524270926
chr20:51562828-51563128|1,1,0.7740005887788565,0.9789637208441205,0.9843479329847827,0.9949504990534634,0.9616950767863719
chr20:51802509-51802809|1,1,0.6141962201742388,0.40292286873522043,0.8960426685701863,0.8391214834141241,0.6260000056008981
chr20:54059009-54059309|1,1,0.3203951712094403,0.5838975859979658,0.7409395241222015,0.8444534719793171,0.6573407419324493
chr20:56625030-56625330|1,1,0.8606666801372993,0.9468477699226078,0.9983853088329419,0.9982096975181346,0.962252231641856
chr20:57349207-57349507|1,1,0.7437395578003343,0.846731791825152,0.9784115055920586,0.9811484240154871,0.9365429475587648
chr20:57391348-57391648|1,1,0.9896235844197745,0.9987363369340727,0.9940200258689247,0.9894578376483195,0.9840810869236016
chr20:57561060-57561360|1,1,0.4370576326874724,0.4627653019196338,0.8945167814894075,0.854037412905581,0.7005287592083292
chr20:58891371-58891671|1,1,0.9881758464577127,0.9990233878057262,0.9987180683848196,0.9969527667765674,0.974166296568154
chr20:59016388-59016688|1,1,0.761684737578858,0.6105042671097363,0.4010969456392092,0.3719256913567589,0.6638187933634658
chr20:59300561-59300861|1,1,0.9370175756557408,0.970919948388501,0.9959740339522654,0.9939643624831953,0.9726289125456806
chr20:62926363-62926663|1,1,0.972819768367342,0.9978729896396237,0.9950317733311502,0.9944995311423052,0.9800020890539818
chr20:63499072-63499372|1,1,0.983815982243662,0.9986663809673368,0.9824658806145655,0.9870822696541292,0.9825023778819857
chr20:63520715-63521015|1,1,0.9821613191989095,0.9978957132504626,0.9980196507567276,0.9968980402048098,0.9841965880118299
chr20:63696602-63696902|1,1,0.938632666988423,0.9153798889642788,0.9723972289437799,0.9486691931273594,0.9701078549356773
chr20:64049628-64049928|1,1,0.9701247514425316,0.9917301570717173,0.9954494439152576,0.9929922994887291,0.976770710981812
chr20:64164402-64164702|1,1,0.6562314715098381,0.5779891024158879,0.7399180031652841,0.6838683538243215,0.8613420358222588
chr21:18244783-18245083|1,1,0.9050261612521622,0.9934642308475793,0.992986635110375,0.9966373808298804,0.9655868324522114
chr21:20998359-20998659|1,1,0.8816310382812896,0.9602373981528451,0.9115676274238521,0.9072249316388331,0.9828859843105847
chr21:25562081-25562381|1,1,0.9363797013362125,0.9984944566039661,0.9970337718656437,0.9989476377229843,0.9923065394839157
chr21:26845398-26845698|1,1,0.9113617272867962,0.9944795191806686,0.9986349860215595,0.9996216933908784,0.9900179805824355
chr21:26967077-26967377|1,1,0.7082287432338513,0.9496772687762719,0.9678430759283776,0.9875973830189105,0.8270298969997489
chr21:31659643-31659943|1,1,0.9183698755016239,0.9967271062293618,0.9859642437101626,0.9943217361955816,0.969662477950514
chr21:33025885-33026185|1,1,0.8247917183792134,0.9832450795029509,0.990528291269261,0.9962265802104721,0.966534467828038
chr21:33642162-33642462|1,1,0.8373325057893015,0.7568513265772927,0.9732486901094705,0.9615196236565805,0.863461594754288
chr21:34526811-34527111|1,1,0.49176262733567205,0.7996149466843756,0.42496222221918917,0.706746859195447,0.7394522860699352
chr21:36135036-36135336|1,1,0.9442426096305464,0.9740564120244206,0.9918476609058687,0.9901386596956115,0.9716465971339756
chr21:36466456-36466756|1,1,0.5037139627547137,0.5656103539546908,0.18485795434881486,0.3628174847242466,0.2582058236756086
chr21:36699096-36699396|1,1,0.9650886727998332,0.9919088211365178,0.9972157858824922,0.9960885717177058,0.9875488681095311
chr21:37006652-37006952|1,1,0.9797253062170336,0.9980219812404332,0.9992463123334272,0.998849373580987,0.9890891701976364
chr21:38256691-38256991|1,1,0.4663054692321177,0.5929473173423027,0.27215696761375247,0.3036788996455255,0.5855309254365159
chr21:41361977-41362277|1,1,0.6710910809407216,0.3838054965452433,0.44690291494607626,0.4173951678948606,0.6968433108173616
chr21:41508147-41508447|1,1,0.9638736169777465,0.9913205245884805,0.9885221806713707,0.98298452302067,0.9761257370934258
chr21:42199639-42199939|1,1,0.20184098487358024,0.06965050554792919,0.08905964836632392,0.060133860304124306,0.21104634973088005
chr21:42216059-42216359|1,1,0.5364583963931674,0.8172577794843858,0.6698724917698432,0.8218249922327456,0.6516063176969492
chr21:42366524-42366824|1,1,0.5568670079635891,0.8583242268961261,0.6656680769076856,0.8507125358160239,0.4990109633248087
chr21:43168983-43169283|1,1,0.8606135713715817,0.9725566091552268,0.9473747949697847,0.9782022963235713,0.9191243049636638
chr21:46142697-46142997|1,1,0.5106315922365359,0.5029657121792404,0.8747699807903095,0.8728179439442839,0.67117376645741
chr21:46155568-46155868|1,1,0.9059646896586567,0.9626581806352097,0.8088120227220138,0.9189657458801544,0.9187081493858499
chr21:46324137-46324437|1,1,0.9273098958053135,0.9878679425076083,0.996426962690841,0.9955667022159339,0.9897306314283106
chr21:46605071-46605371|1,1,0.8326590830742018,0.6289230885294412,0.4406186380922214,0.428772714001507,0.7230606078443946
chr21:31135000-31135300|0,0,0.17147722510690078,0.15036617147052575,0.3108156358558741,0.39496300363760517,0.12975251004892174
chr21:8336000-8336300|0,0,0.4729542706873941,0.41384254452370606,0.8980865019305581,0.8686913927796186,0.6242136274329719
chr20:53651000-53651300|0,0,0.5282597261065277,0.35309382645913695,0.03350649119539579,0.02269043119111767,0.09592025611491298
chr20:28129000-28129300|0,0,0.2549428850058978,0.3348268595871328,0.11263960514203974,0.21728065785510667,0.2693037904931416
chr20:32522000-32522300|0,0,0.7847880592377561,0.5576674396085054,0.4491045535458728,0.40900617685325513,0.666680222354023
chr20:4336000-4336300|0,0,0.19376995864975352,0.07543566705237231,0.02015506268865146,0.012762078220141415,0.08355754488610267
chr20:7894000-7894300|0,0,0.6029424866819918,0.2682124404764551,0.26270098467348163,0.20733108052617166,0.31382391081519906
chr20:1789000-1789300|0,0,0.6141962201742388,0.34432349453911515,0.20562141547612084,0.16930351370671515,0.6701539266750566
chr20:18237000-18237300|0,0,0.25461495768598746,0.08559204119244697,0.059226801236633604,0.05101967743849408,0.1881712093639213
chr21:27276000-27276300|0,0,0.10693160576842879,0.10770187727312651,0.2084856380712617,0.22401624396184475,0.10384065765476529
chr21:10042000-10042300|0,0,0.14855040001396647,0.15371946044337417,0.07551847603156883,0.07829090849906525,0.10224785279521716
chr21:37579000-37579300|0,0,0.5601219616839882,0.8304183499453254,0.009551715165018291,0.024012297679297932,0.0963884039226693
chr20:52873000-52873300|0,0,0.2801349459298748,0.1655627153992045,0.39260490116566127,0.3480747425741923,0.24918166327712887
chr20:63552000-63552300|0,0,0.6899585888524676,0.47175144192098734,0.02889893288317854,0.026836849306634068,0.15339778903363077
chr21:43663000-43663300|0,0,0.23585868553075245,0.45995028131111015,0.05515553474441478,0.08084774208481017,0.08431316501914408
chr21:18609000-18609300|0,0,0.07571830165786267,0.0920465235849757,0.37395578760350157,0.3852101893331052,0.1694736421079039
chr21:7636000-7636300|0,0,0.16097496032147723,0.35743093537889115,0.03211076809055731,0.029122643243555787,0.13615040854108723
chr20:57018000-57018300|0,0,0.15432129343211595,0.11828719155120748,0.0183056608521006,0.01278680149688331,0.10535671142725334
chr20:58708000-58708300|0,0,0.7249164667481123,0.7412385204821734,0.08994867224199035,0.08834880499647647,0.6285222147123851
chr21:39888000-39888300|0,0,0.43309461780087743,0.40447957229073406,0.7581029700882593,0.7342463493615284,0.6320910262616842
chr20:29018000-29018300|0,0,0.3394583115622486,0.13988051667882925,0.0038546861325011506,0.003836012160288146,0.08419248034362688
chr21:27543000-27543300|0,0,0.5258258040971157,0.2928012655081819,0.02749726301876342,0.027313763327849176,0.4620477383904847
chr21:12498000-12498300|0,0,0.2876430725032369,0.2366877911469417,0.02714174463333104,0.027983698355450157,0.11123698841992201
chr20:357000-357300|0,0,0.6647060141202412,0.5701496356654675,0.36323039982299277,0.33377021835520476,0.5142252078632339
chr20:41492000-41492300|0,0,0.29970172150466573,0.13553640697795802,0.19380277053262626,0.12911435757220496,0.38554553905370226
chr21:31840000-31840300|0,0,0.663810882458977,0.7688954927694784,0.7933088039335289,0.8424966748604034,0.6242897765430172
chr20:58132000-58132300|0,0,0.3746624910504997,0.2412259444680237,0.18929402338611487,0.2116534818700429,0.32106568314366085
chr20:3570000-3570300|0,0,0.20726231090016817,0.12546249436522033,0.009418678368737783,0.006560180485528177,0.12107631168940025
chr21:22270000-22270300|0,0,0.13073551931096253,0.36033802456745156,0.37538748896197394,0.6476541879287789,0.19387554540907073
chr21:18627000-18627300|0,0,0.13252720575774765,0.07408208219561793,0.02712098779239949,0.015541140624337209,0.3380886434363784
chr21:30714000-30714300|0,0,0.17583428357641898,0.32741615387164846,0.6507352885897297,0.6055052811865078,0.4976090857150704
chr20:18276000-18276300|0,0,0.5063004860135085,0.4393204367878549,0.01718323935605439,0.017436907954538026,0.13761443575252053
chr20:9351000-9351300|0,0,0.25045700597982984,0.6406328964827933,0.21150901486748555,0.3701935677358462,0.36643097605447145
chr21:32435000-32435300|0,0,0.41211451846366826,0.3921785677831383,0.11266474129678263,0.07146403611863253,0.42387894411462274
chr20:2372000-2372300|0,0,0.7070608167169378,0.5149410356051559,0.899924948243509,0.8840957359912518,0.6465463037421366
chr20:56795000-56795300|0,0,0.712279758005909,0.518414326557282,0.016527869495140415,0.026161377433590982,0.0819103333184085
chr20:8432000-8432300|0,0,0.7113966978048408,0.6311492900980039,0.41078213798457763,0.42053137216945186,0.7009153141596954
chr20:31678000-31678300|0,0,0.5532121692511137,0.4101275619317306,0.4836048552089945,0.4109371552430532,0.5530030529367665
chr20:50537000-50537300|0,0,0.6784868893111303,0.5219125464887721,0.009055455985451459,0.009590934753713013,0.06415655369028665
chr20:44447000-44447300|0,0,0.2296179268065035,0.07737748901740472,0.007948074050901036,0.004915212501893024,0.16116900995341882
chr20:42429000-42429300|0,0,0.3146704910519572,0.17522363366670618,0.051286012189053126,0.04468822249311461,0.10323109046557297
chr20:3015000-3015300|0,0,0.3668477832188502,0.2852902828713174,0.10649180576999888,0.09835033544207304,0.3805095845600158
chr20:630000-630300|0,0,0.4291401439805852,0.5341759725341266,0.5368465741626328,0.5379875111503291,0.7187095797946943
chr20:12966000-12966300|0,0,0.38254309022271993,0.2525045408775808,0.2847361088644805,0.2551623072572937,0.35528001750993243
chr20:936000-936300|0,0,0.38518397395720727,0.37498620518071835,0.02710335927454275,0.02687523816171379,0.11360904754827346
chr21:12471000-12471300|0,0,0.3252657480111142,0.2857866428546417,0.060502164341296294,0.05444584341103157,0.2360035007458305
chr20:55156000-55156300|0,0,0.23164195779669053,0.2768358133610308,0.10492156116404038,0.10337643550362974,0.44456225975310487
chr21:9810000-9810300|0,0,0.7542780680258346,0.6311617061027727,0.6159213067366526,0.5995934963774188,0.7128907926390999
chr20:26828000-26828300|0,0,0.2468529591419663,0.21656209740959992,0.02261022541467662,0.018118299178388208,0.1606344991064698
chr21:5144000-5144300|0,0,0.6535408324646329,0.5366012806865521,0.8517533863886539,0.8196197369483336,0.7699370639203775
chr21:22183000-22183300|0,0,0.458185348932079,0.16997740298013178,0.001738837311458949,0.0017906213846004253,0.2536599903442642
chr20:40405000-40405300|0,0,0.34338824535140366,0.13025359911246384,0.298710579790279,0.22868514586824673,0.19614725029987679
chr20:48450000-48450300|0,0,0.7967091493305258,0.03431881984828183,3.096713139271645e-08,6.531685221125165e-08,0.06539365299511701
chr21:46408000-46408300|0,0,0.2453794314572596,0.47378758801240733,0.05071310857931402,0.1579337481944519,0.13752966262250238
chr21:26414000-26414300|0,0,0.25834405524397136,0.7107008539604577,0.10987020039509883,0.2038286762249488,0.2776285351081817
chr21:44705000-44705300|0,0,0.31578328667711314,0.19469905708141613,0.4014690193334569,0.3297367962794543,0.2655693464143931
chr20:39978000-39978300|0,0,0.28980412635443664,0.13355975994600155,0.015580144638913144,0.010296653248672218,0.16417520709046493
chr21:14063000-14063300|0,0,0.8821218422837362,0.7550915167068223,0.799847040340636,0.7764773317688793,0.8011745940070044
chr21:41444000-41444300|0,0,0.23164195779669053,0.1940739636689712,0.2936740809955624,0.19921560817974227,0.27969797366030774
chr21:10150000-10150300|0,0,0.39375758977803554,0.15418227706145218,0.11391704118054538,0.07118812403240385,0.16998897514654618
chr21:30069000-30069300|0,0,0.1825075114540882,0.0265103297671507,0.11866890993608736,0.09522067878808069,0.09620996776827996
chr21:14363000-14363300|0,0,0.761153698069661,0.6758309845661119,0.03622962358437195,0.04373028634876515,0.1858802466773065
chr21:15969000-15969300|0,0,0.4017494469193815,0.21158172478253767,0.747131838187418,0.7390777364740013,0.20772512957526235
chr20:40948000-40948300|0,0,0.42650881270631325,0.37886221001366327,0.32510463773507836,0.3214868270533034,0.5380430024137868
chr21:33678000-33678300|0,0,0.3704872443130917,0.7657964296617595,0.5858230320098586,0.7644573630485966,0.6698663029425647
chr20:14084000-14084300|0,0,0.38518397395720727,0.6420247422454067,0.09415436188308486,0.10506696657694521,0.2535538376206816
chr20:60678000-60678300|0,0,0.06503246192901377,0.10512706557440415,0.2212226244361415,0.15114705935743558,0.22079648186107453
chr21:17777000-17777300|0,0,0.3835552667267479,0.19692962988112464,0.4437798681122488,0.2897252222823134,0.11675686563510425
chr21:30603000-30603300|0,0,0.359769128224919,0.2028496858529472,0.26602044140925246,0.30333820515333093,0.12363797910480614
chr20:55129000-55129300|0,0,0.01673829848902293,0.017585403172084416,0.003399810811715931,0.0042881578381518985,0.20775382822740973
chr20:39552000-39552300|0,0,0.4612631450433258,0.3167758032871467,0.22723270428648082,0.2248172110234592,0.48099989251423714
chr20:32777000-32777300|0,0,0.45553778246881066,0.5393460277684253,0.7010293010276254,0.7588973568723053,0.6209046309296616
chr20:44477000-44477300|0,0,0.47797732640157253,0.2137976380640417,0.216709413781882,0.19332781084856437,0.19519059101676722
chr20:51030000-51030300|0,0,0.41477824878489755,0.5210821506599973,0.44767033441211146,0.650619658334254,0.30680627471191696
chr21:17501000-17501300|0,0,0.3165512909178101,0.17441561601098118,0.41892647636910535,0.2827641937266877,0.5049863586986718
chr21:35162000-35162300|0,0,0.5409899536703141,0.3661146694007228,0.4250783937553708,0.4408690225741118,0.5690960865948205
chr20:7660000-7660300|0,0,0.2480504236905885,0.23464612391690673,0.2216333087090098,0.23131423833818324,0.14910650129676664
chr21:39783000-39783300|0,0,0.19216907544134018,0.0724101825803517,0.00741302311360211,0.005324542251371986,0.11716625511024642
chr20:55747000-55747300|0,0,0.20361686804218995,0.38679900901566067,0.019259246256969148,0.02217292632394465,0.14033669819117525
chr20:37726000-37726300|0,0,0.24328394099616127,0.1470411412120749,0.03592172143866301,0.016487702611823887,0.21522012315100794
chr21:12690000-12690300|0,0,0.2952353220587407,0.3129016539128486,0.04539404825091734,0.06934142502621926,0.28216384253750115
chr20:59918000-59918300|0,0,0.27397047182623024,0.11781365370916733,0.03571260038177513,0.027731541857163217,0.1514398279446481
chr20:26528000-26528300|0,0,0.29660343015181545,0.33047432730882403,0.005231344218735968,0.0047282537080065076,0.22627003121156136
chr20:33987000-33987300|0,0,0.4729542706873941,0.13895694685723894,0.260158905486756,0.1619119160561953,0.338819080586421
chr21:17573000-17573300|0,0,0.39779184715613713,0.20971183245524216,0.3872792948291612,0.2652649253725059,0.45495304835963546
chr20:62270000-62270300|0,0,0.8833468151597708,0.7329751598787472,0.6676390229061446,0.6194748492280184,0.8038841456864615
chr20:52954000-52954300|0,0,0.3064236027569655,0.2690166409470182,0.012538677196471643,0.026169317920416026,0.2715591255797381
chr20:35660000-35660300|0,0,0.2327884417275626,0.20705855717435784,0.0396780866202249,0.038737219337352496,0.11613726409071166
chr21:21831000-21831300|0,0,0.76872615921543,0.7018716116667314,0.34089331368348524,0.28682370829380227,0.7796103121872293
chr20:41231000-41231300|0,0,0.2382872863080563,0.13605800887921068,0.12423311633465232,0.05698745984698951,0.4884356015679377
chr20:34642000-34642300|0,0,0.2656953342137724,0.537107523532893,0.06182720070716794,0.10762837453938538,0.26732419295653626
chr21:35243000-35243300|0,0,0.3291186493305909,0.123311457566357,0.3499981485117904,0.3231927500415348,0.1973791105347697
chr20:27522000-27522300|0,0,0.25591145517440145,0.2240159297449569,0.5829379557266956,0.3988202915217163,0.07091976231854492
chr20:23609000-23609300|0,0,0.4609763573572001,0.31899587115181866,0.6859465303922135,0.5155978267435699,0.5471677471108765
chr21:17021000-17021300|0,0,0.22480111212775158,0.187971219612199,0.0575882701285021,0.04573868413322657,0.2923315735443686
chr21:6324000-6324300|0,0,0.7731916262616195,0.6447325944979642,0.889554421181884,0.8447425778318938,0.7074484884305025
chr20:5126000-5126300|0,0,0.5891008831490927,0.5209970733632728,0.007129360523261319,0.006905133152014748,0.2694937824102223
chr20:8804000-8804300|0,0,0.4529484555598182,0.2870448391013461,0.07060585441297061,0.043807811514598886,0.24161034170698684
chr20:39732000-39732300|0,0,0.058761035860610496,0.2781015562610641,0.027843807102572234,0.03561929016908559,0.4291864327869111
chr21:29276000-29276300|0,0,0.06011524001268314,0.11521541585905229,0.21675972511870778,0.18920069411246135,0.22357946883142102
chr20:42183000-42183300|0,0,0.19707510912684872,0.25095695561155545,0.2147491018270126,0.16828644128189513,0.21146473332890559
chr21:24564000-24564300|0,0,0.18651532262602447,0.055036916060079016,0.09500301058781009,0.04709107091288965,0.11272682492967535
chr20:33429000-33429300|0,0,0.5605157004252862,0.4567208505219289,0.00526656769815371,0.004639978379180838,0.0485846924715793
chr20:24885000-24885300|0,0,0.27411384847824766,0.43066042560843265,0.0047081129051391,0.008671349252963012,0.2753237437339193
chr21:25036000-25036300|0,0,0.12665255597085512,0.5256113681989025,0.42321677224660487,0.6981896853387369,0.15237956219021556
chr21:33816000-33816300|0,0,0.4542609632931399,0.33645395929645416,0.015711822110716454,0.01332233320087006,0.11131044661939256
