motif,kind,strength,position,instances,observations,calibrated_detection_rate,historical_detection_rate,mean_absolute_effect,mean_edit_only_effect
CCGCGAGGAGGCAG,composition,0.25,8,1,12,0.0,0.0,0.0,0.0
CCGCGAGGAGGCAG,composition,0.25,8,2,12,0.0,0.0,0.0,0.0
CCGCGAGGAGGCAG,composition,0.25,48,1,12,0.0,0.0,0.0,0.0
CCGCGAGGAGGCAG,composition,0.25,48,2,12,0.0,0.0,3.700743415417188e-17,1.850371707708594e-17
CCGCGAGGAGGCAG,composition,0.25,88,1,12,0.0,0.0,1.850371707708594e-17,0.0
CCGCGAGGAGGCAG,composition,0.25,88,2,12,0.0,0.0,3.700743415417188e-17,9.25185853854297e-18
CCGCGAGGAGGCAG,composition,1.0,8,1,12,0.0,0.0,0.0,0.0
CCGCGAGGAGGCAG,composition,1.0,8,2,12,0.0,0.0,0.0,0.0
CCGCGAGGAGGCAG,composition,1.0,48,1,12,0.0,0.0,2.7755575615628914e-17,9.25185853854297e-18
CCGCGAGGAGGCAG,composition,1.0,48,2,12,0.0,0.0,9.25185853854297e-18,0.0
CCGCGAGGAGGCAG,composition,1.0,88,1,12,0.0,0.0,1.850371707708594e-17,0.0
CCGCGAGGAGGCAG,composition,1.0,88,2,12,0.0,0.0,0.0,0.0
CCGCGAGGAGGCAG,composition,4.0,8,1,12,0.0,0.0,0.0,0.0
CCGCGAGGAGGCAG,composition,4.0,8,2,12,0.0,0.0,8.326672684688674e-17,0.0
CCGCGAGGAGGCAG,composition,4.0,48,1,12,0.0,0.0,9.25185853854297e-18,0.0
CCGCGAGGAGGCAG,composition,4.0,48,2,12,0.0,0.0,0.0,0.0
CCGCGAGGAGGCAG,composition,4.0,88,1,12,0.0,0.0,1.850371707708594e-17,0.0
CCGCGAGGAGGCAG,composition,4.0,88,2,12,0.0,0.0,1.3877787807814457e-16,2.7755575615628914e-17
CCGCGAGGAGGCAG,distributed,0.25,8,1,12,1.0,0.0,0.06810445598410698,0.007448924873261705
CCGCGAGGAGGCAG,distributed,0.25,8,2,12,1.0,0.0,0.1322250627675994,0.02892423248041238
CCGCGAGGAGGCAG,distributed,0.25,48,1,12,1.0,0.0,0.06810445598410698,0.007448924873261705
CCGCGAGGAGGCAG,distributed,0.25,48,2,12,1.0,0.0,0.1322250627675994,0.02892423248041238
CCGCGAGGAGGCAG,distributed,0.25,88,1,12,1.0,0.0,0.06810445598410707,0.007448924873261706
CCGCGAGGAGGCAG,distributed,0.25,88,2,12,1.0,0.0,0.13222506276759957,0.028924232480412388
CCGCGAGGAGGCAG,distributed,1.0,8,1,12,1.0,1.0,0.12513797289758985,0.013686965785673888
CCGCGAGGAGGCAG,distributed,1.0,8,2,12,1.0,0.0,0.21608958565942996,0.04726959686300027
CCGCGAGGAGGCAG,distributed,1.0,48,1,12,1.0,1.0,0.12513797289758985,0.013686965785673888
CCGCGAGGAGGCAG,distributed,1.0,48,2,12,1.0,0.0,0.21608958565942996,0.047269596863000286
CCGCGAGGAGGCAG,distributed,1.0,88,1,12,1.0,1.0,0.12513797289758988,0.013686965785673891
CCGCGAGGAGGCAG,distributed,1.0,88,2,12,1.0,0.0,0.21608958565943,0.047269596863000286
CCGCGAGGAGGCAG,distributed,4.0,8,1,12,1.0,1.0,0.4351073762649778,0.047589869278981956
CCGCGAGGAGGCAG,distributed,4.0,8,2,12,1.0,1.0,0.4693015777567639,0.10265972013429207
CCGCGAGGAGGCAG,distributed,4.0,48,1,12,1.0,1.0,0.4351073762649778,0.047589869278981956
CCGCGAGGAGGCAG,distributed,4.0,48,2,12,1.0,1.0,0.4693015777567639,0.10265972013429207
CCGCGAGGAGGCAG,distributed,4.0,88,1,12,1.0,1.0,0.4351073762649778,0.047589869278981956
CCGCGAGGAGGCAG,distributed,4.0,88,2,12,1.0,1.0,0.46930157775676395,0.1026597201342921
CCGCGAGGAGGCAG,query_specific,0.25,8,1,12,1.0,0.0,0.136208911968214,0.0
CCGCGAGGAGGCAG,query_specific,0.25,8,2,12,1.0,0.0,0.26445012553519887,0.0
CCGCGAGGAGGCAG,query_specific,0.25,48,1,12,1.0,0.0,0.136208911968214,0.0
CCGCGAGGAGGCAG,query_specific,0.25,48,2,12,1.0,0.0,0.26445012553519887,0.0
CCGCGAGGAGGCAG,query_specific,0.25,88,1,12,1.0,0.0,0.13620891196821408,0.0
CCGCGAGGAGGCAG,query_specific,0.25,88,2,12,1.0,0.0,0.2644501255351991,0.2644501255351991
CCGCGAGGAGGCAG,query_specific,1.0,8,1,12,1.0,0.0,0.2502759457951797,0.0
CCGCGAGGAGGCAG,query_specific,1.0,8,2,12,1.0,0.0,0.4321791713188598,0.0
CCGCGAGGAGGCAG,query_specific,1.0,48,1,12,1.0,0.0,0.2502759457951797,0.0
CCGCGAGGAGGCAG,query_specific,1.0,48,2,12,1.0,0.0,0.43217917131885986,0.0
CCGCGAGGAGGCAG,query_specific,1.0,88,1,12,1.0,0.0,0.25027594579517976,0.0
CCGCGAGGAGGCAG,query_specific,1.0,88,2,12,1.0,0.0,0.4321791713188599,0.4321791713188599
CCGCGAGGAGGCAG,query_specific,4.0,8,1,12,1.0,0.0,0.8702147525299558,0.0
CCGCGAGGAGGCAG,query_specific,4.0,8,2,12,1.0,0.0,0.9386031555135278,0.0
CCGCGAGGAGGCAG,query_specific,4.0,48,1,12,1.0,0.0,0.8702147525299558,0.0
CCGCGAGGAGGCAG,query_specific,4.0,48,2,12,1.0,0.0,0.9386031555135278,0.0
CCGCGAGGAGGCAG,query_specific,4.0,88,1,12,1.0,0.0,0.8702147525299558,0.0
CCGCGAGGAGGCAG,query_specific,4.0,88,2,12,1.0,0.0,0.9386031555135279,0.9386031555135279
CCGCGAGGAGGCAG,randomized,0.25,8,1,12,0.0,0.0,5.551115123125783e-17,0.0
CCGCGAGGAGGCAG,randomized,0.25,8,2,12,0.0,0.0,6.47630097698008e-17,5.551115123125783e-17
CCGCGAGGAGGCAG,randomized,0.25,48,1,12,0.0,0.0,7.864079757761526e-17,1.3877787807814457e-17
CCGCGAGGAGGCAG,randomized,0.25,48,2,12,0.0,0.0,6.47630097698008e-17,3.700743415417188e-17
CCGCGAGGAGGCAG,randomized,0.25,88,1,12,0.0,0.0,6.013708050052931e-17,2.312964634635743e-17
CCGCGAGGAGGCAG,randomized,0.25,88,2,12,0.0,0.0,7.401486830834377e-17,2.7755575615628914e-17
CCGCGAGGAGGCAG,randomized,1.0,8,1,12,0.0,0.0,5.551115123125783e-17,0.0
CCGCGAGGAGGCAG,randomized,1.0,8,2,12,0.0,0.0,6.47630097698008e-17,5.551115123125783e-17
CCGCGAGGAGGCAG,randomized,1.0,48,1,12,0.0,0.0,7.864079757761526e-17,1.3877787807814457e-17
CCGCGAGGAGGCAG,randomized,1.0,48,2,12,0.0,0.0,6.47630097698008e-17,3.700743415417188e-17
CCGCGAGGAGGCAG,randomized,1.0,88,1,12,0.0,0.0,6.013708050052931e-17,2.312964634635743e-17
CCGCGAGGAGGCAG,randomized,1.0,88,2,12,0.0,0.0,7.401486830834377e-17,2.7755575615628914e-17
CCGCGAGGAGGCAG,randomized,4.0,8,1,12,0.0,0.0,5.551115123125783e-17,0.0
CCGCGAGGAGGCAG,randomized,4.0,8,2,12,0.0,0.0,6.47630097698008e-17,5.551115123125783e-17
CCGCGAGGAGGCAG,randomized,4.0,48,1,12,0.0,0.0,7.864079757761526e-17,1.3877787807814457e-17
CCGCGAGGAGGCAG,randomized,4.0,48,2,12,0.0,0.0,6.47630097698008e-17,3.700743415417188e-17
CCGCGAGGAGGCAG,randomized,4.0,88,1,12,0.0,0.0,6.013708050052931e-17,2.312964634635743e-17
CCGCGAGGAGGCAG,randomized,4.0,88,2,12,0.0,0.0,7.401486830834377e-17,2.7755575615628914e-17
CCGCGAGGAGGCAG,single,0.25,8,1,12,1.0,0.0,0.13620891196821397,0.01489784974652341
CCGCGAGGAGGCAG,single,0.25,8,2,12,1.0,0.0,0.2644501255351988,0.05784846496082476
CCGCGAGGAGGCAG,single,0.25,48,1,12,1.0,0.0,0.13620891196821397,0.01489784974652341
CCGCGAGGAGGCAG,single,0.25,48,2,12,1.0,0.0,0.2644501255351988,0.05784846496082476
CCGCGAGGAGGCAG,single,0.25,88,1,12,1.0,0.0,0.13620891196821414,0.014897849746523412
CCGCGAGGAGGCAG,single,0.25,88,2,12,1.0,0.0,0.26445012553519914,0.057848464960824776
CCGCGAGGAGGCAG,single,1.0,8,1,12,1.0,1.0,0.2502759457951797,0.027373931571347775
CCGCGAGGAGGCAG,single,1.0,8,2,12,1.0,0.0,0.4321791713188599,0.09453919372600054
CCGCGAGGAGGCAG,single,1.0,48,1,12,1.0,1.0,0.2502759457951797,0.027373931571347775
CCGCGAGGAGGCAG,single,1.0,48,2,12,1.0,0.0,0.4321791713188599,0.09453919372600057
CCGCGAGGAGGCAG,single,1.0,88,1,12,1.0,1.0,0.25027594579517976,0.027373931571347782
CCGCGAGGAGGCAG,single,1.0,88,2,12,1.0,0.0,0.43217917131886,0.09453919372600057
CCGCGAGGAGGCAG,single,4.0,8,1,12,1.0,1.0,0.8702147525299556,0.09517973855796391
CCGCGAGGAGGCAG,single,4.0,8,2,12,1.0,1.0,0.9386031555135278,0.20531944026858415
CCGCGAGGAGGCAG,single,4.0,48,1,12,1.0,1.0,0.8702147525299556,0.09517973855796391
CCGCGAGGAGGCAG,single,4.0,48,2,12,1.0,1.0,0.9386031555135278,0.20531944026858415
CCGCGAGGAGGCAG,single,4.0,88,1,12,1.0,1.0,0.8702147525299556,0.09517973855796391
CCGCGAGGAGGCAG,single,4.0,88,2,12,1.0,1.0,0.9386031555135279,0.2053194402685842
TATAAA,composition,0.25,8,1,12,0.0,0.0,0.0,0.0
TATAAA,composition,0.25,8,2,12,0.0,0.0,0.0,0.0
TATAAA,composition,0.25,48,1,12,0.0,0.0,0.0,0.0
TATAAA,composition,0.25,48,2,12,0.0,0.0,0.0,0.0
TATAAA,composition,0.25,88,1,12,0.0,0.0,0.0,0.0
TATAAA,composition,0.25,88,2,12,0.0,0.0,0.0,0.0
TATAAA,composition,1.0,8,1,12,0.0,0.0,0.0,0.0
TATAAA,composition,1.0,8,2,12,0.0,0.0,0.0,0.0
TATAAA,composition,1.0,48,1,12,0.0,0.0,0.0,0.0
TATAAA,composition,1.0,48,2,12,0.0,0.0,0.0,0.0
TATAAA,composition,1.0,88,1,12,0.0,0.0,0.0,0.0
TATAAA,composition,1.0,88,2,12,0.0,0.0,0.0,0.0
TATAAA,composition,4.0,8,1,12,0.0,0.0,0.0,0.0
TATAAA,composition,4.0,8,2,12,0.0,0.0,0.0,0.0
TATAAA,composition,4.0,48,1,12,0.0,0.0,0.0,0.0
TATAAA,composition,4.0,48,2,12,0.0,0.0,0.0,0.0
TATAAA,composition,4.0,88,1,12,0.0,0.0,0.0,0.0
TATAAA,composition,4.0,88,2,12,0.0,0.0,0.0,0.0
TATAAA,distributed,0.25,8,1,12,1.0,0.0,0.033730826949543054,0.0019128182154448412
TATAAA,distributed,0.25,8,2,12,1.0,0.0,0.06176632568365716,0.0062183938799160905
TATAAA,distributed,0.25,48,1,12,1.0,0.0,0.032920245416630904,0.0018234863707582254
TATAAA,distributed,0.25,48,2,12,1.0,0.0,0.06176632568365716,0.00621839387991609
TATAAA,distributed,0.25,88,1,12,1.0,0.0,0.032109663883718755,0.001734154526071609
TATAAA,distributed,0.25,88,2,12,1.0,0.0,0.06255606434319057,0.006381109556309983
TATAAA,distributed,1.0,8,1,12,1.0,1.0,0.06615041956974983,0.003729239487362834
TATAAA,distributed,1.0,8,2,12,1.0,1.0,0.11470709217541508,0.011518033383167469
TATAAA,distributed,1.0,48,1,12,1.0,1.0,0.06467145080413239,0.003560032107271417
TATAAA,distributed,1.0,48,2,12,1.0,1.0,0.11470709217541508,0.011518033383167472
TATAAA,distributed,1.0,88,1,12,1.0,1.0,0.06319248203851495,0.0033908247271800004
TATAAA,distributed,1.0,88,2,12,1.0,1.0,0.1159901444422226,0.011801259602057737
TATAAA,distributed,4.0,8,1,12,1.0,1.0,0.3740126533178622,0.02021263495823079
TATAAA,distributed,4.0,8,2,12,1.0,1.0,0.4277233395936279,0.04242212882687068
TATAAA,distributed,4.0,48,1,12,1.0,1.0,0.37168615154501533,0.01959285295454025
TATAAA,distributed,4.0,48,2,12,1.0,1.0,0.4277233395936279,0.04242212882687068
TATAAA,distributed,4.0,88,1,12,1.0,1.0,0.3693596497721688,0.01897307095084973
TATAAA,distributed,4.0,88,2,12,1.0,1.0,0.4285830904364172,0.04306927653122719
TATAAA,query_specific,0.25,8,1,12,1.0,0.0,0.0674616538990861,0.0
TATAAA,query_specific,0.25,8,2,12,1.0,0.0,0.12353265136731435,0.0
TATAAA,query_specific,0.25,48,1,12,1.0,0.0,0.06584049083326181,0.0
TATAAA,query_specific,0.25,48,2,12,1.0,0.0,0.12353265136731435,0.0
TATAAA,query_specific,0.25,88,1,12,1.0,0.0,0.06421932776743751,0.0
TATAAA,query_specific,0.25,88,2,12,1.0,0.0,0.12511212868638114,0.12511212868638114
TATAAA,query_specific,1.0,8,1,12,1.0,0.0,0.13230083913949967,0.0
TATAAA,query_specific,1.0,8,2,12,1.0,0.0,0.2294141843508302,0.0
TATAAA,query_specific,1.0,48,1,12,1.0,0.0,0.12934290160826475,0.0
TATAAA,query_specific,1.0,48,2,12,1.0,0.0,0.2294141843508302,0.0
TATAAA,query_specific,1.0,88,1,12,1.0,0.0,0.12638496407702987,0.0
TATAAA,query_specific,1.0,88,2,12,1.0,0.0,0.2319802888844451,0.2319802888844451
TATAAA,query_specific,4.0,8,1,12,1.0,0.0,0.7480253066357242,0.0
TATAAA,query_specific,4.0,8,2,12,1.0,0.0,0.8554466791872559,0.0
TATAAA,query_specific,4.0,48,1,12,1.0,0.0,0.7433723030900307,0.0
TATAAA,query_specific,4.0,48,2,12,1.0,0.0,0.8554466791872559,0.0
TATAAA,query_specific,4.0,88,1,12,1.0,0.0,0.7387192995443375,0.0
TATAAA,query_specific,4.0,88,2,12,1.0,0.0,0.8571661808728345,0.8571661808728345
TATAAA,randomized,0.25,8,1,12,0.0,0.0,0.0008671408218201513,-0.0003157057082812849
TATAAA,randomized,0.25,8,2,12,0.0,0.0,0.0008710841969310998,-0.0002539165277457937
TATAAA,randomized,0.25,48,1,12,0.0,0.0,5.088522196198634e-17,2.7755575615628914e-17
TATAAA,randomized,0.25,48,2,12,0.0,0.0,4.625929269271486e-17,3.700743415417188e-17
TATAAA,randomized,0.25,88,1,12,0.0,0.0,6.707597440443654e-17,3.0068540250264654e-17
TATAAA,randomized,0.25,88,2,12,0.0,0.0,0.001576774306396365,0.0006690286785028624
TATAAA,randomized,1.0,8,1,12,0.0,0.0,0.0008671408218201513,-0.0003157057082812849
TATAAA,randomized,1.0,8,2,12,0.0,0.0,0.0008710841969310998,-0.0002539165277457937
TATAAA,randomized,1.0,48,1,12,0.0,0.0,5.088522196198634e-17,2.7755575615628914e-17
TATAAA,randomized,1.0,48,2,12,0.0,0.0,4.625929269271486e-17,3.700743415417188e-17
TATAAA,randomized,1.0,88,1,12,0.0,0.0,6.707597440443654e-17,3.0068540250264654e-17
TATAAA,randomized,1.0,88,2,12,0.0,0.0,0.001576774306396365,0.0006690286785028624
TATAAA,randomized,4.0,8,1,12,0.0,0.0,0.0008671408218201513,-0.0003157057082812849
TATAAA,randomized,4.0,8,2,12,0.0,0.0,0.0008710841969310998,-0.0002539165277457937
TATAAA,randomized,4.0,48,1,12,0.0,0.0,5.088522196198634e-17,2.7755575615628914e-17
TATAAA,randomized,4.0,48,2,12,0.0,0.0,4.625929269271486e-17,3.700743415417188e-17
TATAAA,randomized,4.0,88,1,12,0.0,0.0,6.707597440443654e-17,3.0068540250264654e-17
TATAAA,randomized,4.0,88,2,12,0.0,0.0,0.001576774306396365,0.0006690286785028624
TATAAA,single,0.25,8,1,12,1.0,0.0,0.06746165389908611,0.0038256364308896823
TATAAA,single,0.25,8,2,12,1.0,0.0,0.12353265136731433,0.012436787759832181
TATAAA,single,0.25,48,1,12,1.0,0.0,0.06584049083326181,0.0036469727415164507
TATAAA,single,0.25,48,2,12,1.0,0.0,0.12353265136731433,0.01243678775983218
TATAAA,single,0.25,88,1,12,1.0,0.0,0.06421932776743751,0.003468309052143218
TATAAA,single,0.25,88,2,12,1.0,0.0,0.12511212868638114,0.012762219112619965
TATAAA,single,1.0,8,1,12,1.0,1.0,0.13230083913949967,0.007458478974725668
TATAAA,single,1.0,8,2,12,1.0,1.0,0.22941418435083016,0.023036066766334937
TATAAA,single,1.0,48,1,12,1.0,1.0,0.12934290160826478,0.007120064214542834
TATAAA,single,1.0,48,2,12,1.0,1.0,0.22941418435083016,0.023036066766334944
TATAAA,single,1.0,88,1,12,1.0,1.0,0.1263849640770299,0.006781649454360001
TATAAA,single,1.0,88,2,12,1.0,1.0,0.2319802888844452,0.023602519204115473
TATAAA,single,4.0,8,1,12,1.0,1.0,0.7480253066357244,0.04042526991646158
TATAAA,single,4.0,8,2,12,1.0,1.0,0.8554466791872558,0.08484425765374136
TATAAA,single,4.0,48,1,12,1.0,1.0,0.7433723030900307,0.0391857059090805
TATAAA,single,4.0,48,2,12,1.0,1.0,0.8554466791872558,0.08484425765374136
TATAAA,single,4.0,88,1,12,1.0,1.0,0.7387192995443376,0.03794614190169946
TATAAA,single,4.0,88,2,12,1.0,1.0,0.8571661808728344,0.08613855306245438
