sequence_id,candidate_index,role,layer,head,base_density,local_query_density,content_density,position_only_density,max_context_error
chr20:51562828-51563128|1,0,clean,0,8,1.0252170162682643,4.633322700145514,1.0139703264149522,1.031489039063649,0.0
chr20:51562828-51563128|1,0,motif,0,8,1.038500920381267,4.692648801658034,1.0293169117222234,1.031489039063649,0.0
chr20:51562828-51563128|1,0,sham,0,8,1.031000224820501,4.659611722154571,1.0147099931103487,1.031489039063649,0.0
chr20:31605239-31605539|1,0,clean,0,8,1.0716031289271508,6.145760118334483,1.0454751261820394,1.0675421312829696,0.0
chr20:31605239-31605539|1,0,motif,0,8,1.0681538238849044,6.126808474700038,1.0569057825642327,1.0675421312829696,0.0
chr20:31605239-31605539|1,0,sham,0,8,1.071555037395966,6.1449892636245265,1.045936183196803,1.0675421312829696,0.0
chr20:19115229-19115529|1,0,clean,0,8,0.9015583131737537,4.971595527029332,0.7889825912813344,0.9338010927369887,0.0
chr20:19115229-19115529|1,0,motif,0,8,0.8936178047300958,4.928405994526398,0.7795212997330562,0.9338010927369887,0.0
chr20:19115229-19115529|1,0,sham,0,8,0.9000148282029138,4.963028025066043,0.7884310138308338,0.9338010927369887,0.0
chr20:257674-257974|1,0,clean,0,8,0.8255882334171001,4.412046922204484,0.7649042376627523,0.8326691080328672,0.0
chr20:257674-257974|1,0,motif,0,8,0.8231901173112434,4.399036125479532,0.785865961884459,0.8326691080328672,0.0
chr20:257674-257974|1,0,sham,0,8,0.8227188611306829,4.396675243541332,0.7656875861187776,0.8326691080328672,0.0
chr20:25082128-25082428|1,0,clean,0,8,1.138420431870489,5.124720503226853,1.1532415755403542,1.1503903282606591,0.0
chr20:25082128-25082428|1,0,motif,0,8,1.1289921891618893,5.08150937287913,1.1448264480568469,1.1503903282606591,0.0
chr20:25082128-25082428|1,0,sham,0,8,1.1384204318704887,5.124720503226853,1.152688481689741,1.1503903282606591,0.0
chr20:54059009-54059309|1,0,clean,0,8,1.0680453293052226,4.795608286442461,1.051337389834225,1.0430364459620047,0.0
chr20:54059009-54059309|1,0,motif,0,8,1.0606331494688974,4.763370255188255,1.027411239935707,1.0430364459620047,0.0
chr20:54059009-54059309|1,0,sham,0,8,1.0680453296596806,4.795608286442461,1.0521490357195333,1.0430364459620047,0.0
chr20:54059009-54059309|1,1,clean,0,8,1.0680453293052226,4.795608286442461,1.051337389834225,1.0430364459620047,0.0
chr20:54059009-54059309|1,1,motif,0,8,1.061029499159648,4.765649072836494,1.032403068585942,1.0430364459620047,0.0
chr20:54059009-54059309|1,1,sham,0,8,1.0680453296596806,4.795608286442461,1.0521490357195333,1.0430364459620047,0.0
chr20:54059009-54059309|1,2,clean,0,8,1.0680453293052226,4.795608286442461,1.051337389834225,1.0430364459620047,0.0
chr20:54059009-54059309|1,2,motif,0,8,1.0675453018860999,4.793476364628242,1.0564578503525512,1.0430364459620047,0.0
chr20:54059009-54059309|1,2,sham,0,8,1.0680453296596806,4.795608286442461,1.0521490357195333,1.0430364459620047,0.0
chr21:31659643-31659943|1,0,clean,0,8,0.7789576957625955,4.478598104861493,0.7183136576786637,0.7969463408731036,0.0
chr21:31659643-31659943|1,0,motif,0,8,0.7801818297195968,4.485815889291609,0.7326952430109185,0.7969463408731036,0.0
chr21:31659643-31659943|1,0,sham,0,8,0.7789576957628097,4.478598104861493,0.7188426014035941,0.7969463408731036,0.0
chr20:45912144-45912444|1,0,clean,0,8,0.9125697861688365,4.118100973249321,0.8246983064759877,0.9235996638197813,0.0
chr20:45912144-45912444|1,0,motif,0,8,0.9284069508969602,4.189035321789436,0.841621692137172,0.9235996638197813,0.0
chr20:45912144-45912444|1,0,sham,0,8,0.9125697861688363,4.118100973249321,0.8230336335975497,0.9235996638197813,0.0
chr20:3043574-3043874|1,0,clean,0,8,0.8522128002184505,4.802320881983932,0.79374548047781,0.8616415440958454,0.0
chr20:3043574-3043874|1,0,motif,0,8,0.8622642221945743,4.857906927398564,0.8112771239442128,0.8616415440958454,0.0
chr20:3043574-3043874|1,0,sham,0,8,0.8523604146873921,4.802431771751353,0.7949097158076862,0.8616415440958454,0.0
chr20:3796260-3796560|1,0,clean,0,8,1.0550750549489927,5.93857832813823,1.0439433922680716,1.0774259220099338,0.0
chr20:3796260-3796560|1,0,motif,0,8,1.0560766779610258,5.9433819365148794,1.0477166613046498,1.0774259220099338,0.0
chr20:3796260-3796560|1,0,sham,0,8,1.0548407456104814,5.937252463933969,1.042774941927443,1.0774259220099338,0.0
chr21:42216059-42216359|1,0,clean,0,8,0.9953161881355767,5.3897709194853,0.9222581419938553,1.0047138387662045,0.0
chr21:42216059-42216359|1,0,motif,0,8,0.9801559935213272,5.3063183869799655,0.9170745034029498,1.0047138387662045,0.0
chr21:42216059-42216359|1,0,sham,0,8,0.9953161843586321,5.389770911089286,0.9226567606803854,1.0047138387662045,0.0
chr21:42216059-42216359|1,1,clean,0,8,0.9953161881355767,5.3897709194853,0.9222581419938553,1.0047138387662045,0.0
chr21:42216059-42216359|1,1,motif,0,8,0.9963675136406147,5.394202515475846,0.9393815139515532,1.0047138387662045,0.0
chr21:42216059-42216359|1,1,sham,0,8,0.9953161843586321,5.389770911089286,0.9226567606803854,1.0047138387662045,0.0
chr21:42216059-42216359|1,2,clean,0,8,0.9953161881355767,5.3897709194853,0.9222581419938553,1.0047138387662045,0.0
chr21:42216059-42216359|1,2,motif,0,8,0.9933046740933174,5.376452148264048,0.9424516776990561,1.0047138387662045,0.0
chr21:42216059-42216359|1,2,sham,0,8,0.9953161730763204,5.389770903328265,0.9210866141753892,1.0047138387662045,0.0
chr21:25562081-25562381|1,0,clean,0,8,1.021514940765691,5.552528178996659,0.9403306901299707,1.0345520801817811,0.0
chr21:25562081-25562381|1,0,motif,0,8,1.0229255390694942,5.560917812103237,0.9262662273366007,1.0345520801817811,0.0
chr21:25562081-25562381|1,0,sham,0,8,1.0215149407656956,5.552528178996659,0.9405197851515067,1.0345520801817811,0.0
chr21:25562081-25562381|1,1,clean,0,8,1.021514940765691,5.552528178996659,0.9403306901299707,1.0345520801817811,0.0
chr21:25562081-25562381|1,1,motif,0,8,1.0229746842634386,5.559562766755168,0.9484778103573865,1.0345520801817811,0.0
chr21:25562081-25562381|1,1,sham,0,8,1.0215149407656956,5.552528178996659,0.9405197851515067,1.0345520801817811,0.0
chr21:33025885-33026185|1,0,clean,0,8,0.9886067767066108,5.347638284491205,0.8694377993492196,0.9891993981051552,0.0
chr21:33025885-33026185|1,0,motif,0,8,0.995153721699611,5.381406643780681,0.8840091004450289,0.9891993981051552,0.0
chr21:33025885-33026185|1,0,sham,0,8,0.9897370190885425,5.353766218300515,0.8701789694993448,0.9891993981051552,0.0
chr21:33025885-33026185|1,1,clean,0,8,0.9886067767066108,5.347638284491205,0.8694377993492196,0.9891993981051552,0.0
chr21:33025885-33026185|1,1,motif,0,8,0.9888723964735909,5.348350825952366,0.8958711512904198,0.9891993981051552,0.0
chr21:33025885-33026185|1,1,sham,0,8,0.9897370190885425,5.353766218300515,0.8701789694993448,0.9891993981051552,0.0
chr20:4721860-4722160|1,0,clean,0,8,0.8613253612675185,4.68348398127339,0.748958749851833,0.9156004110383905,0.0
chr20:4721860-4722160|1,0,motif,0,8,0.8545348772374464,4.647058635442093,0.7204485417654117,0.9156004110383905,0.0
chr20:4721860-4722160|1,0,sham,0,8,0.8613253612675185,4.68348398127339,0.7497703563421964,0.9156004110383905,0.0
chr20:4721860-4722160|1,1,clean,0,8,0.8613253612675185,4.68348398127339,0.748958749851833,0.9156004110383905,0.0
chr20:4721860-4722160|1,1,motif,0,8,0.8777635300725564,4.773134665394371,0.7347752490701777,0.9156004110383905,0.0
chr20:4721860-4722160|1,1,sham,0,8,0.8613253612675185,4.68348398127339,0.7497703563421964,0.9156004110383905,0.0
chr20:4721860-4722160|1,2,clean,0,8,0.8613253612675185,4.68348398127339,0.748958749851833,0.9156004110383905,0.0
chr20:4721860-4722160|1,2,motif,0,8,0.8754387782321497,4.760079547254876,0.7403405054161949,0.9156004110383905,0.0
chr20:4721860-4722160|1,2,sham,0,8,0.8613253612675185,4.68348398127339,0.7497703563421964,0.9156004110383905,0.0
chr20:33235946-33236246|1,0,clean,0,8,0.9614089951602192,5.210711793296717,0.9260177727167808,0.9720180855880688,0.0
chr20:33235946-33236246|1,0,motif,0,8,0.9482168716571632,5.139423508027737,0.9079372975975278,0.9720180855880688,0.0
chr20:33235946-33236246|1,0,sham,0,8,0.9614090012998037,5.210711817511102,0.9247684678062794,0.9720180855880688,0.0
chr20:33235946-33236246|1,1,clean,0,8,0.9614089951602192,5.210711793296717,0.9260177727167808,0.9720180855880688,0.0
chr20:33235946-33236246|1,1,motif,0,8,0.9164895402647139,4.96689263815907,0.9034812018896142,0.9720180855880688,0.0
chr20:33235946-33236246|1,1,sham,0,8,0.9614090012998037,5.210711817511102,0.9247684678062794,0.9720180855880688,0.0
chr20:37261803-37262103|1,0,clean,0,8,1.0295666740434826,4.648494774645026,1.1020071464901169,1.034237056692503,0.0
chr20:37261803-37262103|1,0,motif,0,8,1.0422863063718524,4.706153798086399,1.1135328546166423,1.034237056692503,0.0
chr20:37261803-37262103|1,0,sham,0,8,1.0391377761477971,4.6920027058910225,1.1050058090748882,1.034237056692503,0.0
