partition,label,motif_present,n,mean_gc,mean_log_dnase,mean_base_entropy,mean_longest_run
test,0,False,95,0.5433436532507739,3.348392583067197,1.9289201586687186,5.189473684210526
test,0,True,33,0.5757575757575758,3.415721559828319,1.924461265208846,5.454545454545454
test,1,False,15,0.5794117647058823,4.052743595496442,1.9242706674913173,5.266666666666667
test,1,True,113,0.5476748221412459,3.271163243270023,1.9377526714986748,5.3097345132743365
train,0,False,405,0.5173323650447833,3.4587975626224288,1.9457112397029657,5.108641975308642
train,0,True,107,0.597306212204508,3.4944117143473927,1.9161539740457378,5.11214953271028
train,1,False,82,0.5961860353897657,4.003598591618085,1.9158016105033902,4.902439024390244
train,1,True,430,0.5222640218878248,3.3636708562983073,1.9490991401811648,5.134883720930232
validation,0,False,101,0.574403028538148,3.669409381927141,1.9214185874198677,5.03960396039604
validation,0,True,27,0.5871459694989106,3.637943823757148,1.9156194192120441,4.851851851851852
validation,1,False,26,0.6317873303167422,4.1980725055973585,1.9089203785618,5.0
validation,1,True,102,0.5643502499038832,3.525863743458722,1.9362497461036323,5.147058823529412
