configuration,role,n,mean_bed_score,median_bed_score,fraction_score_ceiling,mean_base_entropy,mean_longest_run
f0.70_nucleotide_matched_pairs,present,82,1000.0,1000.0,1.0,1.9446194444189466,4.463414634146342
f0.70_nucleotide_matched_pairs,absent,82,941.6219512195122,1000.0,0.8414634146341463,1.9176931262887553,4.353658536585366
f0.70_token_balanced_pairs,present,15,954.2,1000.0,0.8,1.9576127543609898,5.133333333333334
f0.70_token_balanced_pairs,absent,15,796.4666666666667,771.0,0.4666666666666667,1.9584450407918133,4.266666666666667
f0.80_nucleotide_matched_pairs,present,256,994.93359375,1000.0,0.9765625,1.9449354894666944,5.140625
f0.80_nucleotide_matched_pairs,absent,256,894.765625,1000.0,0.625,1.9415291861231738,5.19140625
f0.80_token_balanced_pairs,present,256,940.94921875,1000.0,0.7734375,1.9592629602662295,5.27734375
f0.80_token_balanced_pairs,absent,256,909.9375,1000.0,0.65234375,1.9558494089691258,5.0625
f0.90_nucleotide_matched_pairs,present,256,981.89453125,1000.0,0.9296875,1.9517510857147466,5.23046875
f0.90_nucleotide_matched_pairs,absent,256,964.90625,1000.0,0.87109375,1.9509484799012216,5.0859375
f0.90_token_balanced_pairs,present,256,982.8203125,1000.0,0.91796875,1.953353917686879,5.15625
f0.90_token_balanced_pairs,absent,256,947.8125,1000.0,0.7890625,1.9524081139850966,5.109375
